Client family name	Date Time of recording	Time of sample in recording	Time of sample in annot	Prompt	Annotation Title	X0 DLC_Tongue	Y0 DLC_Tongue	X1 DLC_Tongue	Y1 DLC_Tongue	X2 DLC_Tongue	Y2 DLC_Tongue	X3 DLC_Tongue	Y3 DLC_Tongue	X4 DLC_Tongue	Y4 DLC_Tongue	X5 DLC_Tongue	Y5 DLC_Tongue	X6 DLC_Tongue	Y6 DLC_Tongue	X7 DLC_Tongue	Y7 DLC_Tongue	X8 DLC_Tongue	Y8 DLC_Tongue	X9 DLC_Tongue	Y9 DLC_Tongue	X10 DLC_Tongue	Y10 DLC_Tongue	X0 DLC_HyoidMandible	Y0 DLC_HyoidMandible	X1 DLC_HyoidMandible	Y1 DLC_HyoidMandible	X0 DLC_ShorttendonMandible	Y0 DLC_ShorttendonMandible	X1 DLC_ShorttendonMandible	Y1 DLC_ShorttendonMandible
it01	29/11/2016 15:10:47	1.5850	0.0952	Dico pugu lentamente	u	-55.2105	-44.1224	-60.6994	-31.3486	-65.1434	-17.7311	-63.6757	-4.2022	-57.2505	7.8483	-44.9086	13.3162	-33.2024	11.0253	-27.4279	9.0292	-22.0493	7.5561	-17.6480	5.0835	-9.7254	7.3804	-49.1965	-53.4047	-11.3467	-36.0572	-14.7163	-27.2861	-11.3467	-36.0572
it01	29/11/2016 15:10:52	1.0767	0.1390	Dico pada lentamente	a	-62.1363	-48.2160	-68.2859	-36.3662	-64.4297	-22.5201	-54.6749	-11.5617	-45.6648	-1.1873	-33.4018	6.4295	-20.9151	9.7412	-15.7618	9.9568	-10.5424	10.1223	-5.9260	9.4558	-0.7534	9.3158	-51.6089	-51.3785	-11.6925	-36.5860	-14.9186	-28.0250	-11.6925	-36.5860
it01	29/11/2016 15:10:57	1.2635	0.1269	Dico poco lentamente	O	-64.0950	-47.7013	-69.4644	-35.3692	-65.6469	-22.1150	-61.9079	-9.2258	-59.0429	4.7477	-47.6240	11.6103	-36.1365	7.4482	-30.5945	4.3233	-26.1632	1.5123	-19.1505	1.6054	-15.0159	0.4128	-51.4493	-51.7465	-12.4133	-37.9588	-16.0945	-29.9580	-12.4133	-37.9588
it01	29/11/2016 15:11:03	1.1634	0.1275	Dico pata lentamente	a	-64.1517	-48.3754	-69.1156	-37.1697	-65.6534	-23.4847	-56.3512	-11.6437	-47.8147	-2.0085	-35.6145	6.0655	-24.2843	9.8368	-18.6783	10.7141	-13.2468	10.3572	-8.1382	9.9360	-3.2493	9.2100	-51.2195	-51.5360	-12.5712	-36.7735	-16.4694	-28.2648	-12.5712	-36.7735
it01	29/11/2016 15:11:08	1.2070	0.1323	Dico boco lentamente	O	-63.7364	-47.6809	-69.5321	-35.9527	-66.8960	-21.4458	-64.5931	-7.2870	-57.7476	4.6954	-45.2313	9.3924	-32.9827	5.6703	-28.3485	2.8175	-22.8704	1.1180	-16.9257	0.1935	-12.4662	-1.3975	-50.9612	-51.6676	-11.7436	-36.9813	-15.6370	-28.4687	-11.7436	-36.9813
it01	29/11/2016 15:11:14	1.2068	0.1253	Dico podo lentamente	O	-61.6993	-47.8576	-68.7596	-37.5105	-68.6095	-24.1989	-62.1943	-11.6051	-52.7914	-2.7392	-40.3742	3.1886	-28.3489	5.5422	-22.3997	6.1641	-16.7736	7.7136	-10.6528	8.8548	-4.7045	9.9276	-51.4946	-51.7419	-11.9849	-36.0391	-16.1472	-27.1300	-11.9849	-36.0391
it01	29/11/2016 15:11:19	1.2615	0.1341	Dico boto lentamente	O	-63.0702	-48.5118	-69.2013	-38.3169	-69.5797	-25.3080	-62.0326	-10.4235	-53.0498	-1.6454	-40.9027	4.3486	-28.5284	6.4506	-22.9844	6.7932	-17.7719	7.6381	-12.3580	9.1308	-7.2241	11.2568	-51.7088	-51.5815	-12.3513	-36.3109	-15.9125	-27.6928	-12.3513	-36.3109
it01	29/11/2016 15:11:25	1.0404	0.1186	Dico paca lentamente	a	-64.2683	-48.5827	-65.9480	-36.3292	-61.4160	-20.3239	-58.3481	-5.7528	-54.2308	5.3740	-42.4274	12.4521	-30.3722	9.9288	-25.2022	6.2747	-18.9157	4.0759	-14.6103	2.4788	-10.2152	1.1382	-51.5408	-52.9503	-13.0392	-38.6072	-16.5168	-30.0256	-13.0392	-38.6072
it01	29/11/2016 15:11:30	1.0950	0.1302	Dico bodo lentamente	O	-63.7591	-49.2058	-69.4578	-38.5343	-68.6601	-26.3598	-61.7402	-10.0423	-52.2446	-1.1997	-39.0778	4.8623	-26.4870	5.5647	-21.0125	5.4200	-15.0364	6.2366	-9.2506	7.7088	-3.9242	8.8677	-50.7845	-52.5503	-11.5575	-35.6163	-15.4332	-27.0398	-11.5575	-35.6163
it01	29/11/2016 15:11:35	1.0817	0.0991	Dico pucu lentamente	u	-54.8631	-46.8596	-58.9846	-33.7405	-66.7941	-19.2971	-67.0461	-2.4703	-61.5495	6.1850	-50.2046	11.9310	-37.6866	8.1294	-32.7446	4.7974	-27.4991	3.8720	-22.6965	1.6475	-18.3701	-6.2455	-50.1367	-54.8775	-11.5367	-37.1073	-15.7815	-28.9548	-11.5367	-37.1073
it01	29/11/2016 15:11:40	1.2933	0.1399	Dico paga lentamente	a	-62.0518	-50.7761	-66.4444	-39.2917	-59.8832	-21.5601	-56.8710	-8.2845	-53.1541	4.3924	-41.8401	12.2657	-28.5318	9.4729	-24.1004	5.0221	-19.0658	2.7182	-13.2795	0.6122	-7.6988	-0.8586	-51.2431	-53.4199	-12.0606	-38.2648	-15.4375	-30.0037	-12.0606	-38.2648
it01	29/11/2016 15:11:46	1.1799	0.1400	Dico bada lentamente	a	-62.4163	-49.2117	-67.9861	-38.2126	-65.4669	-24.0012	-58.1086	-12.3046	-48.9987	-2.4345	-37.0869	4.5454	-24.6779	7.5165	-18.8916	8.1528	-13.1266	8.3927	-8.0647	7.9218	-2.6935	7.8339	-51.5114	-52.7097	-12.1475	-36.2570	-16.4358	-27.7397	-12.1475	-36.2570
it01	29/11/2016 15:11:52	1.2144	0.1374	Dico bogo lentamente	O	-63.0346	-49.8813	-66.4320	-36.1055	-64.3869	-21.4191	-62.2510	-6.9014	-58.2093	5.9229	-46.1194	13.1857	-33.4566	9.6266	-28.6265	5.2642	-23.1211	3.4116	-16.8351	4.1823	-11.1976	7.4705	-51.4380	-53.7153	-11.8669	-36.6352	-15.8819	-28.3808	-11.8669	-36.6352
it01	29/11/2016 15:11:57	1.3689	0.1108	Dico putu lentamente	u	-54.8111	-47.0064	-57.9308	-31.8034	-62.2658	-15.6547	-59.8464	-1.5468	-52.2345	8.6942	-40.7282	13.4901	-28.5796	13.1956	-23.0636	12.8759	-16.7864	11.5416	-10.2698	10.7040	-5.7639	9.8259	-50.2869	-55.1464	-11.0754	-35.0893	-14.2934	-26.7388	-11.0754	-35.0893
it01	29/11/2016 15:12:03	1.1327	0.1300	Dico bata lentamente	a	-63.9613	-49.1098	-69.1951	-37.7176	-65.7126	-23.9163	-58.0812	-11.7316	-49.3684	-1.0590	-37.4695	6.8756	-25.2027	10.2069	-19.8823	10.5248	-14.1035	10.0660	-9.2657	9.4673	-4.9521	9.4420	-51.1877	-51.8716	-12.5207	-36.6655	-16.2274	-28.2621	-12.5207	-36.6655
it01	29/11/2016 15:12:08	1.1867	0.1059	Dico bucu lentamente	u	-55.9877	-45.3169	-61.5827	-32.3556	-66.2794	-20.0302	-65.0983	-9.1959	-61.9415	3.7118	-50.9506	13.2345	-39.6889	9.9125	-33.5576	4.3887	-28.2971	3.7373	-22.3051	1.6091	-16.8788	-3.8635	-49.8564	-55.2340	-9.8625	-35.1562	-13.1784	-27.9013	-9.8625	-35.1562
it01	29/11/2016 15:12:13	1.2260	0.1409	Dico baca lentamente	a	-63.1679	-48.2386	-66.3752	-36.0007	-63.1662	-22.0139	-60.4082	-7.2979	-55.0823	4.7527	-42.8409	12.5100	-29.9927	9.8076	-24.4995	6.5764	-19.2510	4.1486	-13.8521	3.0450	-7.8305	3.2205	-50.9998	-52.5828	-11.9150	-38.0682	-15.5111	-29.7315	-11.9150	-38.0682
it01	29/11/2016 15:12:19	1.2727	0.1254	Dico butu lentamente	u	-53.0010	-46.2293	-56.7483	-31.5165	-61.2617	-15.7126	-59.5672	-1.8733	-51.8709	8.6977	-40.2903	12.7165	-27.9614	12.6461	-22.2918	12.0380	-16.4229	11.1444	-10.3294	10.4558	-4.6557	10.0570	-50.0795	-55.3034	-10.0180	-34.0099	-12.7569	-26.4895	-10.0180	-34.0099
it01	29/11/2016 15:12:24	1.1754	0.1195	Dico bugu lentamente	u	-54.8000	-45.6217	-58.7367	-32.2386	-65.9364	-19.7441	-67.4703	-7.0035	-61.8656	4.4546	-50.6904	12.2233	-38.3747	9.5682	-32.4634	7.0062	-27.4154	5.1303	-22.0303	2.5727	-17.1056	-1.9988	-50.1907	-55.3420	-10.0458	-34.2051	-14.0984	-27.3111	-10.0458	-34.2051
it01	29/11/2016 15:12:30	1.1852	0.1147	Dico pudu lentamente	u	-51.7498	-44.4701	-54.7948	-31.0975	-59.7685	-16.3665	-59.5866	-3.8073	-51.7772	8.3060	-39.9573	11.9113	-28.1233	11.8141	-22.0635	11.0625	-16.0052	10.4202	-9.9410	9.5490	-4.6053	9.0111	-49.9410	-54.0280	-10.8658	-35.1938	-14.3201	-27.3814	-10.8658	-35.1938
it01	29/11/2016 15:12:36	1.3984	0.1384	Dico baga lentamente	a	-61.4194	-49.4149	-64.7315	-36.3711	-61.8716	-21.3126	-58.6611	-5.6860	-52.8176	6.9147	-40.6399	13.7437	-27.6438	12.1469	-22.8923	9.8293	-18.6775	7.0314	-12.2364	5.4432	-6.5017	4.4720	-50.9941	-53.1761	-12.3043	-37.7401	-16.0447	-29.5238	-12.3043	-37.7401
it01	29/11/2016 15:12:42	1.3554	0.1283	Dico pogo lentamente	O	-61.8403	-49.1627	-65.4914	-36.5155	-63.6988	-22.0231	-60.0800	-7.8063	-56.5155	5.3573	-45.5363	12.3245	-32.3922	10.1432	-27.3713	8.0790	-21.5230	4.9523	-15.1680	5.5882	-9.2986	4.0354	-51.0550	-54.2859	-12.4731	-37.9754	-16.4755	-29.7870	-12.4731	-37.9754
it01	29/11/2016 15:12:47	1.3262	0.1322	Dico budu lentamente	u	-52.6803	-42.8540	-60.4632	-29.5499	-69.2644	-12.9018	-61.8562	-0.5470	-51.4709	9.1173	-39.4843	12.5025	-26.7432	12.7208	-20.7231	11.9553	-14.9310	11.0628	-8.8480	9.9998	-2.8294	9.2936	-50.3201	-54.7536	-10.0900	-34.3488	-13.3251	-26.6426	-10.0900	-34.3488
it01	29/11/2016 15:12:53	1.3179	0.1351	Dico poto lentamente	O	-63.3212	-47.6861	-68.9468	-37.4373	-69.5975	-24.7760	-61.1703	-10.9888	-51.5571	-1.2763	-39.1759	5.9655	-26.9222	8.6300	-21.7135	8.5605	-16.3468	9.4984	-11.1498	11.0198	-6.7652	13.1089	-51.0612	-51.7782	-12.9892	-35.8393	-16.3282	-27.0295	-12.9892	-35.8393
it01	29/11/2016 15:13:33	1.6741	0.0977	Dico pugu lentamente	u	-53.9787	-47.1257	-57.9570	-33.6582	-62.0541	-20.1610	-63.1194	-7.1180	-59.0524	4.7854	-47.4962	11.6103	-35.4120	8.2846	-30.0472	6.1636	-24.5812	3.3731	-19.6247	3.5513	-15.1501	-1.1531	-50.2680	-54.1761	-10.7925	-36.4742	-15.1828	-28.3292	-10.7925	-36.4742
it01	29/11/2016 15:13:39	1.1554	0.1380	Dico pada lentamente	a	-64.0895	-49.3767	-68.6923	-37.5612	-65.5277	-23.6532	-57.7479	-11.7990	-48.3295	-1.1459	-35.0438	5.9392	-23.6613	8.5992	-17.9648	9.4696	-13.1989	8.4283	-8.1459	8.0176	-2.4592	7.8190	-50.9394	-52.5556	-12.0490	-36.7082	-16.0836	-28.2158	-12.0490	-36.7082
it01	29/11/2016 15:13:44	1.0148	0.1188	Dico poco lentamente	O	-63.6137	-48.8728	-68.5366	-36.7336	-65.6852	-23.0773	-62.9038	-10.1346	-60.4643	2.7332	-49.6206	10.3449	-36.7003	8.4363	-31.3791	5.6753	-25.4452	2.8839	-20.1383	0.5307	-13.9327	-0.6343	-51.4264	-52.5633	-12.5475	-38.2905	-16.8311	-29.7639	-12.5475	-38.2905
it01	29/11/2016 15:13:49	1.1333	0.1250	Dico pata lentamente	a	-64.7977	-48.9777	-69.6682	-36.9706	-66.0382	-23.4417	-58.6681	-11.4337	-48.7731	-1.2141	-36.9688	6.7702	-24.8954	10.0872	-19.8012	10.4615	-14.7578	9.7059	-9.7690	9.0222	-5.2832	9.2113	-50.5829	-51.8533	-12.9788	-36.1961	-16.4688	-27.7820	-12.9788	-36.1961
it01	29/11/2016 15:13:54	1.1667	0.1216	Dico boco lentamente	O	-61.9045	-48.5319	-68.3617	-36.7672	-67.1701	-22.9347	-66.4103	-9.5047	-59.6262	3.3265	-47.1760	8.7446	-35.1247	5.4749	-29.6233	2.2032	-24.0983	0.4989	-18.4111	-0.7802	-12.8855	-2.0217	-50.0175	-51.9170	-11.8102	-37.8074	-15.7354	-29.0771	-11.8102	-37.8074
it01	29/11/2016 15:13:59	1.1854	0.1312	Dico podo lentamente	O	-60.5224	-48.7076	-68.1996	-38.8357	-68.6738	-25.0977	-63.4349	-11.4748	-53.6070	-0.8447	-40.9548	6.2568	-28.2470	7.0193	-22.7459	7.1025	-17.2994	7.5947	-11.7458	8.6654	-7.3028	10.0884	-51.3645	-51.8779	-12.8097	-35.9665	-17.0317	-27.1375	-12.8097	-35.9665
it01	29/11/2016 15:14:05	1.4061	0.1259	Dico boto lentamente	O	-62.8103	-48.7507	-69.6057	-38.4529	-70.1420	-24.8287	-63.6162	-10.8929	-53.7071	-1.3274	-40.1741	4.6411	-28.5963	4.5075	-23.4905	4.4823	-18.0331	5.0951	-11.7971	5.6025	-6.8152	7.3979	-51.1904	-52.3098	-12.4576	-36.6844	-16.4196	-28.2348	-12.4576	-36.6844
it01	29/11/2016 15:14:11	1.2362	0.1215	Dico paca lentamente	a	-63.2295	-48.5597	-66.7479	-35.5480	-63.4858	-21.3800	-60.6652	-5.9118	-54.6344	5.8693	-42.1403	11.6889	-29.9852	11.7050	-24.3888	9.3771	-19.2444	7.4250	-13.6601	5.8608	-8.1597	5.9195	-51.3606	-52.1940	-12.3484	-38.6597	-16.0381	-29.6254	-12.3484	-38.6597
it01	29/11/2016 15:14:17	1.2300	0.1407	Dico bodo lentamente	O	-61.9666	-48.9227	-67.6743	-38.2720	-66.8508	-24.3666	-61.4737	-10.7268	-51.9575	-0.6838	-38.9943	5.7142	-27.2145	5.0431	-21.8683	4.5926	-16.6550	5.4113	-11.3386	6.4008	-6.6674	8.7271	-51.1858	-52.3544	-12.6548	-36.3489	-16.2456	-27.6893	-12.6548	-36.3489
it01	29/11/2016 15:14:22	1.0827	0.1030	Dico pucu lentamente	u	-56.2350	-47.2362	-60.6380	-32.8105	-69.5961	-18.1330	-69.1765	-3.0527	-61.2574	6.7901	-48.7978	12.4011	-36.6623	9.8430	-32.8241	6.3832	-26.8031	6.1271	-19.7577	8.0263	-15.9489	11.0697	-49.9808	-55.4129	-12.1620	-37.3387	-16.3305	-29.4375	-12.1620	-37.3387
it01	29/11/2016 15:14:28	1.1537	0.1500	Dico paga lentamente	a	-61.3439	-49.7349	-65.0050	-37.0609	-62.3092	-22.5588	-60.6004	-9.1861	-56.1411	3.3884	-44.9013	12.0143	-32.5989	9.0996	-27.0738	5.8036	-21.4328	5.5234	-15.9001	6.7168	-11.1116	5.2265	-50.7070	-52.7817	-12.3444	-38.1804	-16.0308	-30.1504	-12.3444	-38.1804
it01	29/11/2016 15:14:34	1.2161	0.1300	Dico bada lentamente	a	-64.2236	-49.6551	-69.3339	-38.2897	-65.7631	-24.1858	-58.1527	-12.5609	-48.7925	-2.4190	-36.4315	5.2026	-24.4115	8.0053	-19.0636	8.0983	-12.9563	8.2331	-7.8658	8.1477	-2.8988	8.6106	-50.6738	-53.4645	-11.9205	-37.0731	-15.3631	-28.6412	-11.9205	-37.0731
it01	29/11/2016 15:14:39	1.3399	0.1431	Dico bogo lentamente	O	-63.4264	-48.1519	-66.7348	-34.7662	-63.6967	-21.3090	-61.4290	-7.6161	-57.3898	4.9091	-45.9313	11.2717	-34.0711	8.0082	-28.9575	5.7688	-23.7183	3.2393	-17.0588	3.4954	-14.7345	-3.0922	-51.1097	-52.5342	-11.9434	-36.4700	-16.0181	-28.4209	-11.9434	-36.4700
it01	29/11/2016 15:14:44	1.2528	0.1122	Dico putu lentamente	u	-53.0816	-45.6832	-56.7396	-32.3645	-62.5282	-18.0469	-60.2331	-4.0685	-51.9098	8.5133	-39.3928	12.7001	-26.5027	12.2856	-20.5994	11.9134	-14.0460	11.2195	-8.9193	10.3926	-3.4712	9.5471	-50.3283	-54.0133	-12.3678	-35.6899	-16.1973	-27.7201	-12.3678	-35.6899
it01	29/11/2016 15:14:49	1.2349	0.1231	Dico bata lentamente	a	-64.6916	-48.5491	-70.0174	-37.5258	-68.0203	-24.7996	-58.3670	-10.6849	-49.2997	0.3632	-37.3972	8.1571	-25.1888	9.3113	-19.7798	9.3674	-14.3280	9.4570	-9.0153	9.3037	-4.4950	9.2675	-51.2144	-50.7057	-12.2554	-36.8671	-15.9213	-28.5679	-12.2554	-36.8671
it01	29/11/2016 15:14:54	1.1231	0.1050	Dico bucu lentamente	u	-56.0243	-47.5381	-59.3388	-33.5818	-66.8651	-19.6144	-68.1753	-4.8396	-60.6228	4.5645	-49.3151	11.3169	-37.9177	7.7786	-33.6984	4.8458	-28.8475	2.7487	-24.1176	0.4432	-18.6230	-6.0396	-50.0032	-55.1253	-11.7327	-35.9427	-15.5112	-28.7412	-11.7327	-35.9427
it01	29/11/2016 15:14:59	1.0600	0.1286	Dico baca lentamente	a	-63.2207	-48.6997	-68.2943	-36.9540	-64.4410	-23.3720	-60.7014	-9.6231	-55.4956	3.9528	-44.8595	10.5541	-32.2089	9.8200	-24.8622	6.6621	-20.5298	4.2040	-16.3676	2.5273	-8.2572	2.8212	-50.7777	-52.0059	-12.6860	-38.6628	-16.3206	-30.4067	-12.6860	-38.6628
it01	29/11/2016 15:15:04	1.1768	0.1351	Dico butu lentamente	u	-52.7222	-46.0990	-55.2572	-33.3638	-59.5371	-19.1486	-61.1123	-4.7100	-53.1919	7.1725	-41.2696	11.7535	-28.3457	11.8960	-22.0462	11.1957	-16.1945	10.4897	-10.3709	9.7113	-4.8124	9.3192	-49.4523	-54.7166	-10.8638	-34.8388	-13.9930	-27.0924	-10.8638	-34.8388
it01	29/11/2016 15:15:10	1.2084	0.1195	Dico bugu lentamente	u	-54.1479	-46.8357	-55.6201	-33.9524	-62.8448	-19.3963	-66.1445	-7.1550	-62.1115	4.3523	-52.6885	11.8173	-39.6301	9.8998	-35.5840	7.5822	-30.0722	7.1059	-25.2883	6.4792	-20.7747	7.2741	-50.7516	-53.7206	-10.9916	-35.7631	-14.6723	-28.0205	-10.9916	-35.7631
it01	29/11/2016 15:15:15	1.4090	0.1215	Dico pudu lentamente	u	-53.2761	-46.0686	-56.7122	-32.0607	-61.9310	-17.2388	-60.6267	-3.7387	-53.2076	7.2913	-40.8623	12.4947	-27.6723	12.8521	-21.9006	12.1833	-16.0867	11.4984	-10.4275	10.9151	-4.8209	10.4565	-49.6061	-54.4470	-10.0366	-34.8539	-13.6346	-26.7956	-10.0366	-34.8539
it01	29/11/2016 15:15:21	1.3325	0.1412	Dico baga lentamente	a	-61.7288	-49.2816	-64.9793	-36.5998	-61.6438	-23.1661	-57.4927	-9.0521	-54.1011	3.7871	-44.4174	12.2327	-30.6137	11.3818	-23.5554	7.1023	-18.8136	5.4264	-13.7172	3.2351	-8.2314	2.9278	-51.0416	-53.3285	-12.0273	-36.7882	-15.7251	-28.9890	-12.0273	-36.7882
it01	29/11/2016 15:15:26	1.2321	0.1215	Dico pogo lentamente	O	-62.5536	-48.0808	-65.9410	-35.1005	-64.1435	-21.9122	-61.9242	-7.9744	-56.9637	4.2053	-46.3360	11.9279	-34.6939	9.1093	-29.4916	6.6110	-23.6347	4.4782	-18.6548	3.8378	-13.9258	3.6521	-51.4155	-53.8390	-12.5517	-37.0880	-16.8483	-28.6073	-12.5517	-37.0880
it01	29/11/2016 15:15:31	1.4577	0.1254	Dico budu lentamente	u	-52.5415	-46.0347	-56.8431	-31.8233	-62.2775	-17.0189	-61.8768	-3.5390	-53.5575	7.2595	-41.3159	11.7907	-27.9401	12.2790	-21.8176	11.8096	-15.8190	11.2667	-9.8211	10.6269	-4.1751	10.3706	-49.7558	-54.7014	-10.5546	-34.9115	-13.8196	-26.9215	-10.5546	-34.9115
it01	29/11/2016 15:15:36	1.1550	0.1254	Dico poto lentamente	O	-63.3138	-48.7391	-69.7708	-37.5803	-70.3985	-24.1769	-64.6476	-10.2411	-53.3737	-0.6007	-40.7530	6.1303	-28.8234	8.5996	-23.6625	8.4824	-18.5190	8.9762	-13.0650	9.4471	-8.1526	10.5483	-50.9988	-52.1522	-14.0825	-37.4039	-17.7016	-27.8520	-14.0825	-37.4039
it01	29/11/2016 15:16:00	1.4158	0.0943	Dico pugu lentamente	u	-53.9607	-47.8469	-58.0352	-34.3186	-63.4995	-19.5611	-63.7743	-5.8430	-58.5835	6.8186	-47.1595	13.4416	-34.9142	11.3765	-29.6389	8.1229	-24.5960	4.8654	-19.5905	0.8595	-16.6430	-5.6575	-49.9139	-55.0793	-8.0775	-34.7879	-11.5262	-27.8631	-8.0775	-34.7879
it01	29/11/2016 15:16:05	0.9710	0.1399	Dico pada lentamente	a	-62.4136	-48.8869	-67.8436	-36.7380	-63.1753	-22.7661	-54.2296	-11.6990	-46.7246	-1.0799	-35.5933	7.3115	-24.5684	10.1296	-18.8941	10.6162	-13.5985	10.4866	-8.5388	10.6682	-3.6786	11.0728	-50.8591	-53.0577	-11.5519	-34.9936	-15.8229	-26.2939	-11.5519	-34.9936
it01	29/11/2016 15:16:10	1.1950	0.1234	Dico poco lentamente	O	-63.9664	-49.0792	-68.6384	-37.0760	-65.4219	-23.0722	-59.6646	-10.6643	-57.5410	3.0397	-46.8249	10.8336	-34.2228	8.8156	-28.9989	6.2430	-23.2246	4.9526	-17.5132	4.8168	-12.0671	6.6633	-51.9190	-52.6855	-12.6748	-38.1256	-16.6048	-29.3256	-12.6748	-38.1256
it01	29/11/2016 15:16:15	1.2437	0.1100	Dico pata lentamente	a	-63.3703	-50.0967	-69.4807	-38.2392	-68.1230	-25.4951	-59.9286	-12.3883	-50.3946	-2.4769	-38.7975	6.0933	-26.4941	8.8606	-21.2328	8.9314	-15.6781	9.0209	-10.1348	8.9595	-5.6080	9.3060	-50.8241	-52.7123	-12.9407	-37.0456	-17.0596	-28.2866	-12.9407	-37.0456
it01	29/11/2016 15:16:20	1.1175	0.1304	Dico boco lentamente	O	-63.2371	-48.7676	-68.6929	-36.4643	-67.5061	-23.1916	-64.9487	-10.6645	-60.7441	2.2427	-49.5766	10.4150	-37.6055	6.9967	-32.3476	3.2634	-26.2502	1.2412	-20.2862	-0.6578	-15.4795	-2.9365	-51.3760	-52.7950	-11.8611	-36.4663	-16.2596	-28.5773	-11.8611	-36.4663
it01	29/11/2016 15:16:25	1.1898	0.1361	Dico podo lentamente	O	-61.3904	-49.9858	-67.7114	-38.4637	-67.3744	-24.0551	-62.0913	-11.1605	-52.8624	-1.4808	-40.5518	4.9121	-27.8520	6.9780	-22.1975	8.0714	-16.7777	9.4350	-11.1719	10.6271	-6.2906	12.0214	-51.1183	-53.4331	-12.1462	-35.4064	-15.6886	-26.1869	-12.1462	-35.4064
it01	29/11/2016 15:16:30	1.2002	0.1205	Dico boto lentamente	O	-63.2013	-49.1122	-69.5807	-37.9523	-69.5191	-24.1241	-64.4352	-10.5762	-54.5765	-0.7517	-41.5631	5.3510	-29.7277	5.8502	-23.8723	6.1426	-18.5488	7.3900	-13.2050	9.4676	-7.9522	11.9736	-51.8465	-51.7573	-13.0445	-36.0800	-16.9163	-27.4071	-13.0445	-36.0800
it01	29/11/2016 15:16:36	1.0569	0.1234	Dico paca lentamente	a	-61.8139	-48.2499	-65.9349	-35.9344	-63.8172	-22.6462	-61.7145	-9.3457	-56.4816	2.9834	-44.1890	9.6697	-31.0543	7.8097	-25.9516	3.5353	-19.6406	-0.0161	-14.4358	-0.7814	-9.4025	0.0827	-51.1608	-53.0809	-13.0151	-38.6233	-16.9751	-30.1727	-13.0151	-38.6233
it01	29/11/2016 15:16:42	1.1209	0.1526	Dico bodo lentamente	O	-61.3245	-49.6634	-67.5365	-38.8299	-66.6088	-25.0504	-61.0988	-12.2599	-51.7223	-3.2070	-40.0504	3.9171	-27.6376	4.8436	-21.9726	5.4700	-16.4021	6.6319	-10.8403	7.9472	-5.9171	9.1212	-51.2937	-52.8129	-12.4717	-35.2373	-16.5992	-26.5854	-12.4717	-35.2373
it01	29/11/2016 15:16:47	1.0316	0.0956	Dico pucu lentamente	u	-51.2519	-42.2873	-57.7978	-29.6674	-66.1535	-13.8743	-65.0490	-1.7095	-58.6199	7.9881	-47.1954	12.7730	-36.2594	9.1233	-31.7253	6.1763	-27.1294	3.9726	-21.5991	2.6166	-16.3476	-1.9248	-49.9118	-54.1015	-11.5000	-37.0981	-15.6999	-28.9809	-11.5000	-37.0981
it01	29/11/2016 15:16:52	1.1814	0.1312	Dico paga lentamente	a	-61.3070	-49.4621	-64.4745	-36.5230	-61.4822	-23.1847	-56.7689	-9.8302	-54.2224	3.6588	-45.1391	12.9007	-31.5008	11.4147	-25.6764	8.2845	-19.5061	4.7284	-13.1793	3.5716	-8.3001	3.3384	-51.6461	-54.0798	-12.7738	-37.5483	-16.4962	-29.5592	-12.7738	-37.5483
it01	29/11/2016 15:16:57	1.0497	0.1414	Dico bada lentamente	a	-62.2260	-51.0377	-68.0660	-38.6407	-65.3776	-23.1830	-57.8756	-12.5026	-47.7762	-2.4152	-36.7236	6.3646	-24.4111	10.6063	-19.1022	11.3933	-14.3152	10.4280	-9.6838	9.8798	-5.1803	9.5906	-51.2262	-53.7433	-12.7189	-35.6879	-16.0920	-26.9774	-12.7189	-35.6879
it01	29/11/2016 15:17:02	1.1136	0.1419	Dico bogo lentamente	O	-61.8848	-48.7884	-64.7043	-35.1993	-62.3264	-21.9339	-59.6513	-9.5526	-57.9240	4.4388	-47.0171	12.2067	-33.6163	11.1511	-28.0422	9.3445	-22.3190	7.6187	-17.6135	5.9944	-12.3922	4.7098	-51.2754	-54.4212	-12.0958	-37.1263	-16.2792	-28.7882	-12.0958	-37.1263
it01	29/11/2016 15:17:07	1.0723	0.1053	Dico putu lentamente	u	-53.3975	-46.3611	-55.9479	-31.3246	-61.1861	-15.5873	-60.8846	-0.4320	-51.8666	9.0356	-39.9082	12.3524	-27.5455	12.7385	-21.1362	12.0478	-15.6712	11.4884	-10.0723	10.9614	-5.2084	10.3791	-49.5553	-55.1385	-10.4567	-34.2371	-12.7653	-26.6911	-10.4567	-34.2371
it01	29/11/2016 15:17:12	1.3714	0.1300	Dico bata lentamente	a	-65.4902	-49.7504	-70.6374	-37.9484	-66.9274	-23.9359	-58.8166	-11.6873	-49.5972	-1.5514	-36.7302	6.8394	-24.5337	10.1958	-19.2628	10.6660	-13.3553	10.1423	-8.6751	10.0669	-4.0766	10.3863	-51.1963	-52.9468	-12.7730	-35.2817	-16.2636	-26.2962	-12.7730	-35.2817
it01	29/11/2016 15:17:17	1.0743	0.1069	Dico bucu lentamente	u	-54.1218	-46.8123	-56.8877	-34.2459	-65.4544	-16.8785	-66.8075	-4.8977	-60.1849	6.3373	-48.3647	12.6431	-35.0821	11.2510	-30.6751	6.6248	-25.7598	4.5104	-21.5089	-0.1333	-16.9800	-6.9529	-50.0490	-55.1735	-9.5318	-35.9046	-13.3843	-28.2083	-9.5318	-35.9046
it01	29/11/2016 15:17:29	1.0985	0.1040	Dico butu lentamente	u	-52.2339	-45.5588	-56.6815	-30.4028	-62.9837	-14.4960	-60.0350	-1.0847	-50.9766	9.8614	-38.5991	12.7587	-25.8949	12.7229	-19.9522	12.1773	-13.6524	11.3589	-8.5996	10.7070	-3.0720	10.2154	-49.7435	-54.5518	-10.7970	-34.1446	-14.0959	-26.0516	-10.7970	-34.1446
it01	29/11/2016 15:17:35	1.0158	0.1050	Dico bugu lentamente	u	-53.7733	-45.1362	-57.1170	-31.4889	-64.4017	-14.7793	-62.4589	-3.0003	-57.0041	7.6218	-46.2678	13.1246	-34.0993	9.8405	-30.1930	6.8759	-26.3978	4.7696	-20.9674	1.4023	-17.4717	-5.0566	-49.7022	-54.8835	-8.6573	-34.5360	-11.9265	-27.6705	-8.6573	-34.5360
it01	29/11/2016 15:17:40	1.0902	0.1137	Dico pudu lentamente	u	-53.3567	-46.1525	-57.1443	-30.9010	-62.7838	-13.3422	-59.8779	-1.5541	-51.7655	9.3597	-39.4178	13.0479	-26.7554	12.9067	-21.1644	12.8478	-14.7819	12.6804	-9.4753	12.6795	-3.8947	12.7675	-49.8528	-54.1921	-11.5580	-35.1201	-14.9405	-27.2706	-11.5580	-35.1201
it01	29/11/2016 15:17:45	1.1489	0.1265	Dico baga lentamente	a	-61.4070	-48.1071	-64.8039	-35.4665	-62.3419	-22.9410	-59.2401	-9.3784	-54.1669	2.6743	-43.5786	11.4741	-30.4851	11.3939	-25.0581	5.0980	-19.5101	3.1652	-12.3938	5.0729	-8.5084	8.7415	-51.1427	-52.7394	-12.0828	-37.9366	-15.5928	-29.8117	-12.0828	-37.9366
it01	29/11/2016 15:17:51	1.2101	0.1200	Dico pogo lentamente	O	-62.3407	-48.4380	-65.3216	-35.1088	-63.9023	-21.2440	-61.8339	-7.1877	-57.3372	5.7287	-45.9782	13.1301	-33.8658	7.7197	-29.3925	3.8945	-24.0116	1.5120	-18.4085	0.7455	-12.7353	1.4534	-51.4268	-54.6262	-12.7745	-37.0023	-16.8593	-28.7616	-12.7745	-37.0023
it01	29/11/2016 15:17:56	1.0362	0.1108	Dico budu lentamente	u	-51.9547	-46.6970	-53.9813	-32.6929	-58.9959	-15.8055	-58.7420	-1.3405	-50.1416	9.1711	-37.4343	12.4561	-25.5575	12.1700	-20.3318	11.2593	-15.0684	11.0956	-9.7581	10.7661	-4.8061	10.8948	-49.7641	-54.6912	-8.5964	-33.5017	-13.0848	-26.4379	-8.5964	-33.5017
it01	29/11/2016 15:18:02	1.1510	0.1302	Dico poto lentamente	O	-62.0977	-49.6369	-68.4866	-38.9179	-68.1139	-25.3998	-63.1328	-12.3801	-53.4143	-2.4953	-40.5014	4.5521	-29.1152	7.0292	-23.4717	7.7771	-18.2516	9.0147	-11.5469	11.2408	-7.1046	13.0162	-51.8963	-52.9238	-13.0802	-36.1304	-16.7099	-27.2641	-13.0802	-36.1304
it01	29/11/2016 15:18:39	2.2252	0.0904	Dico pugu lentamente	u	-54.8356	-45.8489	-60.0215	-32.6007	-66.0153	-16.9709	-64.0541	-4.0924	-57.5748	6.8950	-46.1594	13.2935	-34.0352	9.7469	-29.2210	6.8989	-24.2196	3.6853	-19.3960	-0.5247	-15.4557	-7.2977	-50.1660	-54.6972	-11.4292	-35.9830	-15.0895	-27.8336	-11.4292	-35.9830
it01	29/11/2016 15:18:45	1.1541	0.1292	Dico pada lentamente	a	-63.6247	-49.0234	-68.8755	-37.8683	-65.6183	-23.8362	-57.3468	-12.5125	-47.9731	-2.4549	-37.1758	5.8245	-25.2216	9.1266	-19.9863	9.6975	-14.4720	8.3174	-9.2957	8.2579	-4.6701	8.3445	-51.7038	-52.1019	-12.5494	-35.5991	-16.3639	-27.0317	-12.5494	-35.5991
it01	29/11/2016 15:18:50	1.1136	0.1210	Dico poco lentamente	O	-62.0173	-48.8797	-68.6452	-37.1753	-66.2730	-23.3922	-60.5721	-8.8234	-56.7629	4.4806	-44.4903	11.8433	-32.4470	9.3759	-26.8351	6.7617	-21.7936	3.6961	-16.6444	1.2097	-10.3237	2.6408	-51.3550	-52.8871	-12.6063	-38.2982	-16.4562	-29.8011	-12.6063	-38.2982
it01	29/11/2016 15:18:54	1.0890	0.1195	Dico pata lentamente	a	-63.4157	-49.3270	-69.0001	-38.3728	-66.4081	-24.1560	-59.8145	-13.4299	-50.8037	-4.0099	-39.8087	3.9313	-28.1669	7.8944	-22.1083	8.9181	-16.5935	8.8551	-10.8874	8.0228	-6.4763	8.6120	-51.2302	-52.2025	-13.1612	-35.4496	-16.9028	-27.2943	-13.1612	-35.4496
it01	29/11/2016 15:18:59	1.3419	0.1263	Dico boco lentamente	O	-63.6077	-47.9158	-68.7358	-35.7734	-65.9911	-22.4831	-62.1505	-9.5405	-57.9390	3.3905	-45.7202	9.9158	-32.7785	6.8330	-28.2713	4.1973	-23.3732	1.1029	-18.3925	-2.4290	-13.5862	-7.6059	-51.8312	-53.1690	-12.4418	-37.5607	-16.7145	-29.3064	-12.4418	-37.5607
it01	29/11/2016 15:19:04	1.2325	0.1341	Dico podo lentamente	O	-61.4518	-50.5351	-68.1730	-39.0337	-67.5567	-24.3662	-61.7672	-11.3695	-51.7509	-2.1821	-39.8123	5.7014	-26.8145	7.9247	-21.4565	7.5279	-15.9220	8.4273	-10.3900	10.3304	-6.1411	11.3888	-51.8569	-53.9339	-11.8772	-35.4856	-15.9012	-26.9286	-11.8772	-35.4856
it01	29/11/2016 15:19:09	1.1125	0.1256	Dico boto lentamente	O	-62.1118	-49.7380	-69.3975	-39.6459	-70.2203	-27.6040	-65.1993	-12.6454	-55.1864	-3.2834	-42.0886	3.5340	-29.4318	4.2674	-24.2446	4.3590	-18.4251	5.2492	-12.7226	6.6331	-6.8622	9.4113	-50.8820	-52.1616	-12.3514	-36.1387	-16.4181	-27.3374	-12.3514	-36.1387
it01	29/11/2016 15:19:14	1.0346	0.1341	Dico paca lentamente	a	-59.9423	-46.7074	-63.3381	-34.5693	-62.9484	-21.3590	-61.1143	-7.1057	-56.5764	4.6133	-44.8708	11.4124	-32.8377	8.4271	-27.2589	4.7637	-21.4770	1.6783	-15.7552	1.6070	-10.7509	2.1649	-51.8696	-53.2605	-13.7940	-37.4359	-17.8958	-28.9202	-13.7940	-37.4359
it01	29/11/2016 15:19:19	1.0822	0.1515	Dico bodo lentamente	O	-62.8393	-49.4330	-68.6601	-38.1071	-67.5482	-24.6568	-61.7713	-12.2284	-52.6074	-2.1607	-40.1195	4.8375	-27.7192	6.8430	-21.9870	7.7979	-16.5177	9.1336	-10.9550	10.3453	-5.9247	11.0609	-51.8836	-53.0987	-12.6733	-35.4449	-16.7844	-26.3471	-12.6733	-35.4449
it01	29/11/2016 15:19:23	1.0623	0.0958	Dico pucu lentamente	u	-54.6587	-44.1269	-62.1557	-30.6570	-67.9264	-15.5832	-65.1824	-2.9716	-58.0950	7.4625	-46.9335	12.6541	-34.4042	10.0208	-29.2295	8.0797	-24.8591	4.5125	-19.4737	1.6372	-16.3619	-6.0968	-49.9693	-54.1095	-11.8504	-37.3867	-16.0664	-29.3107	-11.8504	-37.3867
it01	29/11/2016 15:19:29	1.2034	0.1600	Dico paga lentamente	a	-61.2186	-48.8987	-64.3174	-36.7947	-61.8191	-23.7705	-58.0115	-11.9841	-53.5026	-0.6141	-45.8319	7.3612	-32.4250	8.7533	-25.8049	4.6485	-20.8868	2.8462	-15.0976	2.8410	-9.5066	2.6640	-51.4669	-53.1956	-12.6636	-37.2331	-16.5297	-29.5031	-12.6636	-37.2331
it01	29/11/2016 15:19:34	1.1970	0.1506	Dico bada lentamente	a	-62.7636	-49.7709	-68.1872	-38.7480	-66.2010	-25.1967	-58.5779	-14.0392	-49.9513	-4.2575	-39.5870	3.4636	-26.9331	7.6156	-21.3507	8.8395	-15.9167	10.4855	-10.4825	11.1165	-4.8359	11.3430	-51.3991	-52.4173	-11.2798	-34.0241	-14.9967	-25.4083	-11.2798	-34.0241
it01	29/11/2016 15:19:39	1.2659	0.1403	Dico bogo lentamente	O	-62.0951	-49.1712	-65.6525	-36.2005	-62.9981	-22.3490	-59.5493	-9.9724	-57.8046	4.9417	-46.7322	13.4656	-32.8914	11.9957	-28.3137	9.0248	-23.4066	5.2957	-18.1962	2.6951	-12.5336	2.1430	-51.4087	-53.6802	-10.4085	-36.4507	-14.6029	-28.2630	-10.4085	-36.4507
it01	29/11/2016 15:19:45	1.2925	0.1020	Dico putu lentamente	u	-54.1483	-46.5228	-57.6896	-31.6940	-62.7213	-16.2495	-60.3283	-3.3043	-53.3983	8.3500	-41.2330	12.4209	-28.3312	12.1152	-22.3227	10.6767	-16.1553	9.8429	-9.9283	9.7100	-3.7069	9.5793	-49.8959	-54.4803	-10.6889	-34.4932	-14.0680	-26.4562	-10.6889	-34.4932
it01	29/11/2016 15:19:50	1.1712	0.1300	Dico bata lentamente	a	-65.0271	-49.4584	-69.9404	-38.3396	-66.8612	-25.0605	-58.8699	-13.8180	-50.0272	-3.0789	-38.6159	4.3670	-26.8177	8.4125	-20.8382	9.9093	-15.3770	10.8325	-10.0761	11.2357	-4.6442	11.4112	-50.9016	-51.3090	-10.8703	-34.5019	-14.9405	-26.1927	-10.8703	-34.5019
it01	29/11/2016 15:19:55	1.1870	0.1040	Dico bucu lentamente	u	-54.6061	-47.8304	-59.1268	-33.2720	-65.4234	-18.2683	-64.4570	-4.7174	-59.5386	7.2374	-48.1375	13.9314	-36.3833	9.9548	-30.5745	7.0153	-25.2439	5.1028	-19.7541	3.0342	-15.6760	-5.3950	-49.6103	-55.5351	-7.9280	-34.9545	-12.1576	-27.4420	-7.9280	-34.9545
it01	29/11/2016 15:20:00	1.2247	0.1380	Dico baca lentamente	a	-63.8041	-47.6844	-67.0949	-35.5493	-62.5995	-22.4218	-58.5691	-10.2430	-55.5954	3.4380	-44.7022	11.5619	-31.4912	8.8980	-26.4114	5.5541	-20.7439	3.4240	-14.7512	2.3413	-9.0161	2.3793	-52.0435	-52.7791	-11.5026	-36.3628	-15.8886	-28.1085	-11.5026	-36.3628
it01	29/11/2016 15:20:05	1.2623	0.1127	Dico butu lentamente	u	-52.7973	-45.4208	-56.3924	-30.9269	-62.3445	-16.7680	-61.5184	-3.0880	-53.7773	8.1934	-40.4694	12.8567	-27.1169	12.4605	-21.0078	11.7149	-15.4699	10.9512	-9.6687	10.1018	-4.3132	9.0626	-49.8175	-53.8322	-9.0730	-32.3733	-13.2328	-23.4353	-9.0730	-32.3733
it01	29/11/2016 15:20:11	1.4130	0.1263	Dico bugu lentamente	u	-54.4712	-45.2192	-60.0206	-31.0644	-65.7356	-14.9259	-62.4591	-2.3109	-56.8584	9.0306	-45.6743	15.1008	-32.9518	11.2938	-28.0026	8.4431	-23.5271	5.3135	-18.9485	1.1550	-15.6881	-5.3382	-49.8584	-54.1776	-6.0696	-35.5169	-11.6983	-26.4937	-6.0696	-35.5169
it01	29/11/2016 15:20:17	1.3423	0.1283	Dico pudu lentamente	u	-52.8830	-45.6749	-56.4095	-30.4451	-60.8602	-14.6141	-59.1227	-1.8140	-51.2915	9.0576	-39.8884	13.1476	-27.6665	11.0340	-21.8817	10.0000	-16.3914	9.0356	-10.4237	9.1500	-4.6914	8.9934	-50.2535	-53.9716	-8.7365	-31.7592	-14.2227	-22.8098	-8.7365	-31.7592
it01	29/11/2016 15:20:22	1.4289	0.1398	Dico baga lentamente	a	-62.5078	-48.3747	-65.2396	-35.6986	-59.8007	-20.9073	-54.7532	-7.6297	-50.3799	7.6181	-39.6702	15.7405	-26.7193	12.3706	-22.1732	8.0208	-17.8851	5.0047	-11.7640	2.4387	-5.8818	1.8031	-50.7462	-52.6943	-9.4363	-34.1097	-13.5084	-26.6043	-9.4363	-34.1097
it01	29/11/2016 15:20:28	1.3040	0.1437	Dico pogo lentamente	O	-61.4548	-49.2599	-65.0925	-36.0970	-62.8994	-21.3304	-60.1892	-6.5556	-54.3431	7.2822	-42.0986	13.2847	-29.8685	9.0488	-25.5612	5.4144	-20.4693	3.1536	-14.1812	2.0069	-8.8725	1.0747	-50.7159	-54.3350	-10.5122	-36.0974	-14.8047	-27.0640	-10.5122	-36.0974
it01	29/11/2016 15:20:33	1.2360	0.1176	Dico budu lentamente	u	-52.0517	-46.3362	-56.1677	-30.2377	-60.6255	-12.7167	-59.1758	-0.9490	-52.0394	8.8381	-40.8569	13.1390	-29.7859	11.2609	-24.6544	10.3723	-19.4381	11.5876	-13.9846	14.5519	-10.9378	17.5306	-50.1582	-54.9358	-4.0418	-36.2009	-9.5853	-26.2813	-4.0418	-36.2009
it01	29/11/2016 15:20:39	1.3804	0.1302	Dico poto lentamente	O	-61.8391	-49.9887	-68.7966	-39.0845	-68.5380	-25.9514	-62.6165	-13.1182	-52.7537	-3.5709	-41.3723	4.3025	-29.2732	5.9424	-23.8506	5.8540	-18.4220	7.8488	-12.0278	11.3255	-7.3259	13.9778	-51.4676	-52.8955	-10.0704	-33.4876	-14.7686	-25.0857	-10.0704	-33.4876
it01	29/11/2016 15:21:25	1.1823	0.0860	Dico pugu lentamente	u	-54.0497	-47.8436	-57.4527	-33.7177	-64.0117	-19.7068	-64.0552	-5.4445	-58.4200	5.4760	-47.4575	13.5223	-34.7471	12.3591	-30.1223	10.0408	-25.9779	7.8010	-20.8816	6.6521	-16.3180	4.8763	-50.0576	-54.5786	-8.1490	-34.4808	-11.7050	-26.9360	-8.1490	-34.4808
it01	29/11/2016 15:21:30	1.1758	0.1302	Dico pada lentamente	a	-61.9720	-49.0916	-68.2023	-37.7946	-65.2548	-23.8585	-57.2645	-12.1692	-47.3328	-1.7418	-35.4510	7.0970	-23.0507	10.9377	-17.4349	11.4003	-12.1593	11.3473	-5.9975	11.5330	-1.2777	12.0616	-50.9082	-51.9431	-10.0043	-32.5565	-13.8734	-24.1998	-10.0043	-32.5565
it01	29/11/2016 15:21:35	1.0365	0.1205	Dico poco lentamente	O	-62.6823	-47.7786	-67.1604	-35.1135	-64.8676	-21.3531	-60.8410	-8.6792	-57.5253	4.3368	-46.2177	11.7729	-34.4863	7.2558	-29.3410	3.4693	-24.1435	1.7618	-17.1746	1.5203	-12.2621	0.9967	-51.0145	-51.7482	-11.5741	-36.8361	-15.4149	-28.9323	-11.5741	-36.8361
it01	29/11/2016 15:21:40	1.1237	0.1252	Dico pata lentamente	a	-64.6719	-48.9582	-69.9022	-38.0366	-66.5646	-24.1388	-57.3292	-12.2205	-48.0192	-2.7290	-37.1667	5.5993	-24.3013	9.2087	-18.6093	10.6651	-13.2682	11.3989	-7.5035	11.8041	-1.9275	12.3428	-51.0608	-51.2043	-11.0098	-33.1611	-14.8739	-24.9059	-11.0098	-33.1611
it01	29/11/2016 15:21:45	1.2167	0.1341	Dico boco lentamente	O	-62.6207	-47.5393	-69.0527	-35.4202	-66.8476	-21.6967	-62.5474	-7.4380	-55.9225	5.5171	-44.3422	13.1040	-32.1814	8.9937	-27.4882	7.0969	-22.5149	4.5644	-18.1360	2.2229	-14.4167	-3.6311	-50.9138	-51.9470	-9.9525	-35.8224	-13.9740	-27.6427	-9.9525	-35.8224
it01	29/11/2016 15:21:51	1.0665	0.1416	Dico podo lentamente	O	-60.3291	-48.2495	-67.6188	-37.8134	-67.0088	-23.7454	-60.9916	-11.3510	-52.0647	-1.9501	-40.0851	6.0397	-27.3102	7.6391	-21.4092	8.4197	-15.7086	9.6075	-10.7011	11.3026	-5.6428	12.1239	-50.8654	-51.6742	-10.1174	-33.9635	-14.1622	-24.7565	-10.1174	-33.9635
it01	29/11/2016 15:21:56	1.2715	0.1305	Dico boto lentamente	O	-62.7536	-48.8190	-68.3409	-38.1283	-68.9515	-25.0425	-62.6505	-10.6790	-53.2668	-2.6607	-41.1881	4.3165	-28.8612	5.8056	-23.3404	6.0021	-17.8208	7.2020	-11.2450	9.3033	-5.6990	11.5732	-50.6866	-51.7908	-9.4561	-32.5748	-13.5445	-24.0342	-9.4561	-32.5748
it01	29/11/2016 15:22:01	1.1639	0.1341	Dico paca lentamente	a	-62.8987	-48.0683	-67.0984	-35.9352	-62.5358	-21.7292	-56.4376	-6.6237	-52.3253	7.4038	-40.1453	15.2954	-27.1024	11.1607	-21.8649	7.2796	-17.2585	4.3016	-10.9256	1.7807	-4.4987	1.5960	-51.0168	-52.2264	-11.1689	-36.7583	-14.4554	-28.6913	-11.1689	-36.7583
it01	29/11/2016 15:22:06	1.1803	0.1574	Dico bodo lentamente	O	-60.4330	-48.1437	-67.9286	-37.8021	-67.3685	-23.7033	-60.9619	-11.2701	-50.6859	-1.4737	-38.5555	5.6976	-25.8656	8.5630	-20.2224	9.8305	-14.7018	10.8216	-9.4221	11.8534	-3.9631	13.1966	-50.6916	-51.6806	-10.2034	-33.3133	-14.2147	-24.2491	-10.2034	-33.3133
it01	29/11/2016 15:22:11	1.1711	0.1098	Dico pucu lentamente	u	-54.2483	-46.8561	-57.4603	-32.6324	-63.6143	-18.9623	-63.7633	-3.4891	-57.5003	8.4368	-46.6434	14.6999	-33.8953	11.0212	-29.6180	7.6830	-25.3880	4.2126	-21.3039	-0.2101	-17.8545	-6.4966	-50.1402	-54.7930	-9.8179	-35.0236	-13.3762	-27.2973	-9.8179	-35.0236
it01	29/11/2016 15:22:16	1.2271	0.1467	Dico paga lentamente	a	-61.7923	-48.2356	-64.4705	-33.6566	-60.5846	-20.3561	-57.2846	-6.1983	-53.9708	8.0636	-42.8305	15.8394	-29.1883	13.2937	-23.8093	10.5553	-19.1200	6.8571	-14.2766	4.7541	-9.1056	4.2326	-51.8096	-52.8469	-12.8786	-36.7266	-16.8199	-28.6720	-12.8786	-36.7266
it01	29/11/2016 15:22:21	1.2019	0.1448	Dico bada lentamente	a	-62.0785	-50.0362	-68.4243	-39.1229	-66.0531	-25.0980	-58.4523	-14.0331	-48.6928	-4.0152	-38.3458	4.4899	-25.4123	8.8503	-19.9717	11.1094	-13.8178	11.8291	-9.0840	11.9671	-3.7743	12.7754	-50.9845	-52.7400	-10.9266	-34.4024	-14.1351	-26.5443	-10.9266	-34.4024
it01	29/11/2016 15:22:26	1.2431	0.1467	Dico bogo lentamente	O	-60.8631	-49.2136	-65.4057	-37.0268	-64.3962	-23.1193	-61.4394	-9.9165	-57.5211	3.0688	-46.5306	11.9054	-33.3815	9.4935	-28.0506	6.6556	-22.8495	4.8261	-17.3577	4.5318	-11.6193	5.6761	-51.0341	-53.6515	-11.0324	-36.4336	-15.6371	-28.4938	-11.0324	-36.4336
it01	29/11/2016 15:22:31	1.1134	0.1283	Dico putu lentamente	u	-52.5832	-45.8372	-56.7754	-31.7051	-60.2805	-16.3581	-60.0767	-3.3067	-51.5511	8.7205	-40.0174	13.8089	-27.1338	13.5409	-20.8341	13.3143	-14.7302	12.3451	-8.8191	11.6878	-2.9535	11.8471	-49.4476	-54.5362	-9.2840	-32.9894	-13.4647	-25.0902	-9.2840	-32.9894
it01	29/11/2016 15:22:36	1.1894	0.1351	Dico bata lentamente	a	-64.3368	-48.8485	-69.7781	-37.5470	-65.4380	-22.7484	-55.9040	-10.9867	-47.6345	-1.3720	-36.1715	6.9535	-24.4679	10.8415	-19.4292	11.8543	-14.0959	11.8317	-9.3893	12.2664	-37.4178	-11.7743	-51.5417	-51.6855	-11.2501	-34.9915	-14.4954	-27.0039	-11.2501	-34.9915
it01	29/11/2016 15:22:41	1.2382	0.0943	Dico bucu lentamente	u	-53.8141	-46.4219	-58.4529	-30.7422	-67.0006	-15.2349	-64.7085	-2.3349	-57.6879	8.6186	-46.9974	14.8899	-33.5387	12.6941	-28.8415	8.2712	-23.6870	4.4838	-19.3302	0.5889	-16.1108	-5.6247	-49.9666	-54.8828	-9.2801	-33.6783	-13.1945	-26.8262	-9.2801	-33.6783
it01	29/11/2016 15:22:47	1.1807	0.1390	Dico baca lentamente	a	-63.9852	-47.8342	-67.5156	-35.2522	-63.1554	-22.6049	-58.3942	-10.2448	-54.9084	2.9687	-45.0835	11.3816	-33.1552	8.9171	-28.1785	5.3161	-22.6361	2.9412	-16.4426	2.1077	-11.2773	1.7756	-51.1701	-52.4408	-11.8675	-36.7705	-15.5789	-29.1994	-11.8675	-36.7705
it01	29/11/2016 15:22:52	1.2351	0.1050	Dico butu lentamente	u	-51.0385	-46.7748	-53.1139	-32.2146	-58.3827	-16.6472	-59.0162	-2.3653	-50.9361	9.2827	-38.8729	13.3183	-26.3502	12.6573	-20.2875	11.8200	-13.7538	11.0092	-8.1472	10.2237	-1.8919	10.2436	-49.8148	-54.3960	-8.7259	-31.3498	-14.1776	-22.6869	-8.7259	-31.3498
it01	29/11/2016 15:22:57	1.2332	0.1106	Dico bugu lentamente	u	-53.1094	-44.6262	-57.4061	-29.3269	-63.5434	-13.9462	-61.3496	-2.5669	-56.7175	7.7672	-46.1220	14.1102	-33.8022	13.0718	-28.9760	9.9561	-24.4494	5.7801	-19.0763	3.7681	-16.4354	-3.4491	-49.8469	-54.8910	-7.0637	-33.1857	-12.2890	-25.9102	-7.0637	-33.1857
it01	29/11/2016 15:23:03	1.1342	0.1291	Dico pudu lentamente	u	-52.3036	-46.5759	-55.7387	-31.5884	-59.6613	-17.4337	-59.0943	-4.6594	-51.7555	7.5413	-39.8021	13.1530	-26.5825	13.3712	-20.2570	12.8227	-14.4536	12.1895	-9.0803	11.6728	-2.5957	12.0981	-49.6035	-54.9126	-8.2319	-32.4262	-12.7697	-24.4789	-8.2319	-32.4262
it01	29/11/2016 15:23:08	1.2681	0.1404	Dico baga lentamente	a	-61.4376	-49.0738	-63.4141	-35.3468	-59.9579	-21.3931	-57.6763	-6.8448	-50.3049	6.3014	-37.4445	11.1469	-25.4779	9.7624	-19.9170	7.4729	-14.7448	5.2033	-9.2203	2.3187	-3.8300	1.5933	-50.8144	-53.3724	-11.1603	-36.5427	-14.5599	-28.1931	-11.1603	-36.5427
it01	29/11/2016 15:23:14	1.0275	0.1383	Dico pogo lentamente	O	-61.9523	-49.6371	-65.2423	-36.2300	-62.6091	-21.3965	-57.7858	-9.5940	-55.1152	6.1337	-45.7540	16.2330	-32.6926	15.4654	-26.5546	12.6822	-22.3160	7.4407	-15.8899	7.7783	-9.9044	6.8610	-51.3927	-54.8778	-10.7899	-35.3216	-14.0995	-27.8384	-10.7899	-35.3216
it01	29/11/2016 15:23:19	1.0963	0.1290	Dico budu lentamente	u	-51.4778	-45.4715	-53.7131	-31.7973	-58.2371	-17.5797	-59.0145	-3.0646	-51.9218	8.2244	-40.3703	12.9302	-27.2564	12.9271	-21.1092	12.5309	-15.6082	12.1945	-8.6489	11.3541	-2.2415	11.3255	-49.4929	-54.8200	-6.9832	-32.5644	-10.8967	-24.8419	-6.9832	-32.5644
it01	29/11/2016 15:23:25	1.1127	0.1321	Dico poto lentamente	O	-62.7370	-47.8681	-69.0102	-37.5364	-69.3314	-24.5471	-60.9829	-10.9170	-51.2917	-1.6916	-39.1601	5.7366	-26.9989	7.8047	-21.2785	8.2520	-15.6837	9.5601	-10.2947	10.8912	-5.2509	12.4516	-51.5133	-51.5070	-11.1643	-34.0616	-14.5251	-25.1366	-11.1643	-34.0616
it01	29/11/2016 15:24:07	1.6717	0.1014	Dico pugu lentamente	u	-53.3398	-46.3801	-56.8120	-31.9285	-61.4244	-17.8488	-61.8384	-5.4207	-58.3576	7.3365	-47.0304	15.6231	-33.3244	12.7318	-28.7093	9.3650	-24.3163	5.8934	-19.4790	2.1934	-16.8055	-5.4550	-49.9732	-54.4487	-8.9842	-34.3368	-12.2885	-27.1769	-8.9842	-34.3368
it01	29/11/2016 15:24:12	1.0728	0.1352	Dico pada lentamente	a	-61.4154	-49.9635	-67.9028	-39.1972	-66.0905	-25.5517	-58.2904	-14.9899	-50.0833	-4.3193	-39.4010	4.3698	-26.8608	8.8362	-19.6857	10.7117	-14.1532	10.0883	-8.2427	10.4977	-1.8411	11.3030	-51.0978	-53.8428	-9.8005	-32.7471	-13.0265	-23.9935	-9.8005	-32.7471
it01	29/11/2016 15:24:17	0.9341	0.1157	Dico poco lentamente	O	-62.1465	-47.9200	-66.9389	-34.6752	-63.7449	-21.3451	-59.8583	-9.0917	-58.5210	3.8698	-47.6739	12.2652	-35.3669	9.7985	-30.1333	6.2701	-25.6529	4.8122	-21.2165	2.6341	-16.2905	1.4305	-51.2346	-52.3712	-11.8503	-36.8762	-15.7880	-28.8245	-11.8503	-36.8762
it01	29/11/2016 15:24:22	1.0342	0.1219	Dico pata lentamente	a	-64.8536	-49.9390	-70.4037	-39.6672	-68.0077	-25.7301	-58.2681	-14.8458	-49.6174	-4.4773	-39.0980	4.3276	-27.6468	8.8849	-21.6255	10.3573	-16.3978	10.5554	-10.8698	10.3049	-5.5156	10.2360	-51.6094	-52.4213	-12.3285	-35.1578	-15.8713	-27.0388	-12.3285	-35.1578
it01	29/11/2016 15:24:27	0.9747	0.1260	Dico boco lentamente	O	-62.6522	-49.2058	-67.6773	-37.7380	-66.4529	-23.9383	-63.1507	-11.5079	-59.4946	1.6845	-49.0657	11.6297	-36.8172	9.7355	-31.6549	6.6981	-25.5470	4.1800	-21.1203	3.0515	-16.4148	0.9406	-51.4688	-53.7539	-11.6177	-36.6644	-16.2289	-28.0346	-11.6177	-36.6644
it01	29/11/2016 15:24:32	1.0243	0.1413	Dico podo lentamente	O	-60.3634	-48.8184	-67.6056	-38.1884	-67.9690	-23.9766	-61.4545	-10.3087	-51.3255	-0.0517	-39.3407	7.3208	-26.1274	9.8648	-20.7471	10.0589	-15.6679	10.6671	-10.3175	11.4786	-5.2490	12.2081	-51.0651	-52.1183	-11.5791	-34.5568	-15.0832	-25.6453	-11.5791	-34.5568
it01	29/11/2016 15:24:37	1.0251	0.1276	Dico boto lentamente	O	-62.2504	-49.1579	-68.7826	-38.5907	-69.2629	-26.0329	-61.9630	-10.9168	-51.9037	-1.1561	-38.7438	5.3980	-25.7140	6.6825	-19.7972	7.6137	-13.5584	9.4667	-7.7914	11.2616	-2.3247	13.1114	-51.6012	-52.6990	-10.7263	-33.3725	-14.9129	-24.8118	-10.7263	-33.3725
it01	29/11/2016 15:24:42	1.0596	0.1388	Dico paca lentamente	a	-64.8826	-48.7386	-68.2443	-36.6289	-63.7014	-23.1224	-57.1653	-9.8612	-54.4803	2.5829	-45.6886	11.3741	-31.6974	12.0570	-26.0809	9.2137	-19.8302	7.9943	-13.8049	3.0567	-9.0783	2.8374	-51.1869	-52.4903	-11.8190	-36.3959	-15.2667	-28.4467	-11.8190	-36.3959
it01	29/11/2016 15:24:47	1.0361	0.1434	Dico bodo lentamente	O	-61.6834	-49.8084	-67.8237	-38.3734	-67.0211	-24.3123	-61.1063	-11.2070	-52.0134	-0.6357	-39.4150	5.9153	-26.4491	6.9596	-20.6903	6.8082	-15.0209	7.9394	-9.3595	9.4251	-4.7227	11.1421	-51.2525	-53.4055	-10.0364	-33.6356	-13.6099	-25.1270	-10.0364	-33.6356
it01	29/11/2016 15:24:52	1.0325	0.1045	Dico pucu lentamente	u	-54.1636	-44.9855	-60.0709	-32.1201	-66.8434	-14.6452	-64.6123	-1.3923	-56.9962	9.3303	-45.2267	15.6974	-33.7115	12.6579	-28.8858	9.3036	-24.0986	5.9800	-20.1437	1.7119	-17.2682	-6.1912	-50.3263	-54.7599	-10.3564	-35.6080	-13.3745	-28.0220	-10.3564	-35.6080
it01	29/11/2016 15:24:57	1.0680	0.1477	Dico paga lentamente	a	-61.8284	-49.6383	-66.6573	-38.8628	-63.0234	-26.3826	-57.9005	-14.1582	-53.3163	-1.6516	-43.3758	7.9548	-32.7918	7.8195	-25.3853	6.4936	-20.2665	5.1620	-15.3335	5.7889	-10.1858	7.4129	-50.5609	-53.0847	-11.7437	-37.2233	-15.2743	-28.9250	-11.7437	-37.2233
it01	29/11/2016 15:25:02	1.0419	0.1500	Dico bada lentamente	a	-61.5364	-51.1307	-68.2472	-39.6496	-66.4866	-26.5132	-59.2990	-14.7550	-49.9311	-4.3477	-38.5965	3.8193	-26.7117	8.3559	-19.8137	9.4440	-14.3449	9.7985	-9.0235	10.0141	-3.4795	10.8442	-50.8208	-53.0629	-10.2343	-34.6482	-13.5681	-26.1259	-10.2343	-34.6482
it01	29/11/2016 15:25:07	1.1373	0.1500	Dico bogo lentamente	O	-60.2723	-47.7456	-65.0455	-34.6850	-63.8678	-20.9123	-62.8068	-7.2906	-58.2816	5.5083	-46.6469	13.1384	-34.5128	10.9441	-29.0601	7.6890	-23.7603	5.1247	-19.2737	3.3657	-12.6765	4.3917	-49.7903	-51.7373	-12.0413	-36.4330	-15.9981	-28.0349	-12.0413	-36.4330
it01	29/11/2016 15:25:12	1.0630	0.1091	Dico putu lentamente	u	-53.2369	-45.7181	-56.9947	-32.1465	-62.5978	-17.4400	-61.0522	-3.4221	-53.1209	8.0270	-39.9424	13.5750	-27.0708	13.2681	-20.2618	12.1176	-13.8510	10.8838	-8.2824	10.6800	-2.2606	10.5281	-49.6307	-55.1034	-9.5623	-32.8422	-12.8280	-24.8619	-9.5623	-32.8422
it01	29/11/2016 15:25:18	1.1824	0.1301	Dico bata lentamente	a	-65.0644	-48.8920	-69.9066	-37.3037	-66.3996	-22.8509	-57.1436	-10.2289	-47.3373	-0.5025	-34.6083	8.4004	-22.7019	11.5348	-17.5064	11.4568	-12.1423	11.1487	-7.3478	10.2462	-2.4694	10.3670	-50.9608	-51.9954	-11.7010	-34.6989	-15.3588	-26.6998	-11.7010	-34.6989
it01	29/11/2016 15:25:24	1.1180	0.1116	Dico bucu lentamente	u	-53.6633	-46.3131	-57.0001	-33.3222	-64.8232	-18.6198	-66.0148	-3.2494	-59.8140	7.9362	-47.8906	15.0355	-35.6287	12.4038	-29.5618	9.3236	-23.6605	6.3693	-18.5079	4.4855	-14.1527	-0.0365	-49.5489	-55.5861	-8.4753	-33.6735	-13.1148	-25.5483	-8.4753	-33.6735
it01	29/11/2016 15:25:29	1.2375	0.1434	Dico baca lentamente	a	-61.9542	-47.8973	-65.9113	-34.8377	-62.5984	-22.3391	-59.2917	-9.9048	-56.0594	2.1289	-45.9686	11.5331	-33.8772	9.4189	-28.4693	8.0485	-22.3908	4.3345	-16.9463	4.6183	-10.9307	8.9028	-51.1368	-51.9394	-12.0156	-37.4174	-15.6991	-29.0660	-12.0156	-37.4174
it01	29/11/2016 15:25:35	1.1231	0.1311	Dico butu lentamente	u	-52.4979	-44.3237	-54.3818	-29.6368	-59.5884	-15.2744	-59.1231	-1.2736	-50.7386	9.5000	-38.3393	13.3221	-25.7375	12.5518	-19.8420	11.8226	-13.6366	10.8254	-8.1860	10.3767	-2.3740	9.6729	-50.3457	-53.8125	-8.9743	-31.9304	-13.6353	-22.9076	-8.9743	-31.9304
it01	29/11/2016 15:25:41	1.3015	0.1167	Dico bugu lentamente	u	-53.3456	-46.9761	-59.7831	-32.4584	-66.6191	-18.8875	-66.5990	-5.9273	-60.5390	4.3133	-50.2815	13.0474	-38.0840	10.5388	-31.6756	8.3011	-26.6577	7.1548	-21.5078	7.0572	-17.1843	4.5336	-50.0747	-55.0093	-8.1093	-34.4814	-12.0130	-27.0646	-8.1093	-34.4814
it01	29/11/2016 15:25:46	1.2270	0.1208	Dico pudu lentamente	u	-53.3957	-45.2063	-56.2384	-31.8556	-62.0931	-16.7809	-61.0643	-3.4910	-52.7076	7.5353	-39.9516	12.2236	-26.7434	11.1877	-21.0999	10.9762	-15.1668	11.5774	-9.7093	11.9362	-4.9042	12.8169	-50.4597	-54.3869	-8.8884	-32.5969	-12.5007	-24.3605	-8.8884	-32.5969
it01	29/11/2016 15:25:52	1.2563	0.1418	Dico baga lentamente	a	-61.0703	-47.9925	-65.4613	-35.9682	-61.9921	-21.8154	-56.8733	-10.1291	-51.8313	2.6730	-42.9048	15.3007	-30.0258	12.2115	-25.6026	6.0594	-20.3172	4.2555	-14.6323	3.2507	-8.9940	3.7458	-51.1884	-51.6573	-10.8383	-35.8003	-14.4686	-28.0470	-10.8383	-35.8003
it01	29/11/2016 15:25:57	1.0980	0.1331	Dico pogo lentamente	O	-62.1231	-48.3177	-65.3765	-35.7325	-62.8089	-22.2330	-58.6952	-9.3462	-57.3226	3.9776	-48.4548	12.7277	-34.5637	13.2897	-29.5792	9.6302	-23.2449	7.0379	-17.9506	5.7642	-12.8793	5.5419	-50.9001	-53.2207	-10.5620	-35.3395	-13.5615	-27.5496	-10.5620	-35.3395
it01	29/11/2016 15:26:03	1.0688	0.1249	Dico budu lentamente	u	-51.6184	-45.8701	-53.1700	-32.7745	-58.0258	-17.5317	-59.0770	-3.8596	-50.7368	8.4394	-38.9150	13.8410	-25.7471	13.9720	-19.4553	13.6842	-13.4478	13.1661	-5.7756	12.5525	-0.6656	12.4261	-49.7958	-54.4754	-6.9839	-31.3245	-11.4768	-23.2441	-6.9839	-31.3245
it01	29/11/2016 15:26:08	1.0616	0.1362	Dico poto lentamente	O	-61.7047	-48.7206	-68.4516	-38.3532	-69.6454	-24.9832	-61.6301	-10.7622	-52.6057	-1.6388	-39.4955	5.7732	-26.3137	7.8163	-20.8575	9.0861	-15.7599	11.0478	-9.6277	12.3669	-3.9360	13.6459	-51.7453	-52.0917	-10.2628	-32.7653	-13.9914	-23.4199	-10.2628	-32.7653
it02	12/12/2016 14:42:09	1.9099	0.0899	Dico pugu lentamente	u	-59.6508	-43.9644	-65.4601	-29.9822	-68.4161	-16.9860	-70.6855	-3.1391	-64.6580	8.4877	-51.5560	13.5170	-39.4114	7.8461	-33.9140	4.4033	-28.8744	1.7473	-23.6442	-1.4206	-19.1640	-6.7094	-48.9965	-50.9170	-11.4135	-35.1619	-15.3784	-25.5237	-11.4135	-35.1619
it02	12/12/2016 14:42:18	1.0634	0.1347	Dico butu lentamente	u	-54.1784	-40.3114	-59.6884	-27.8761	-64.4186	-15.7965	-66.8895	-3.2286	-60.3420	6.3684	-46.9054	10.8332	-33.9459	5.7756	-26.6716	5.2977	-19.6819	4.9653	-11.7811	4.9350	-3.8289	4.6373	-48.3512	-50.7930	-9.9547	-32.0154	-14.7463	-22.9838	-9.9547	-32.0154
it02	12/12/2016 14:42:26	1.1427	0.1835	Dico baca lentamente	a	-67.0108	-42.3274	-71.3748	-29.2012	-68.5311	-15.6680	-67.0074	-2.3344	-59.1891	8.0161	-46.2265	11.1595	-33.9638	7.6564	-29.3197	2.9546	-23.9833	-0.6367	-17.7162	-1.9572	-12.7600	-2.1024	-51.5415	-48.9596	-13.7838	-38.3627	-17.2619	-28.9342	-13.7838	-38.3627
it02	12/12/2016 14:42:33	1.2679	0.1921	Dico bogo lentamente	O	-62.8623	-45.0956	-68.8002	-31.9490	-69.9256	-18.6620	-69.0444	-6.2525	-65.1495	5.6960	-53.6641	12.6641	-41.4225	7.4824	-36.4355	4.4168	-31.2048	1.6446	-24.8279	-1.7887	-19.8358	-6.4509	-51.1589	-50.3900	-12.5549	-36.1014	-16.2851	-26.6302	-12.5549	-36.1014
it02	12/12/2016 14:42:43	1.2585	0.1615	Dico podo lentamente	O	-64.6445	-47.2693	-72.3201	-37.7863	-73.5435	-23.8644	-69.2773	-10.8219	-57.7097	-3.0641	-43.4837	-0.7560	-30.5597	-0.2895	-24.2624	0.1381	-18.2213	0.9563	-11.9697	1.8683	-5.8839	1.2381	-50.3915	-49.2138	-12.2895	-34.5657	-15.5154	-25.9349	-12.2895	-34.5657
it02	12/12/2016 14:42:52	1.3544	0.1921	Dico bada lentamente	a	-62.4591	-45.0490	-69.6812	-35.2918	-68.1817	-22.7666	-62.3788	-10.6807	-53.6802	-2.8117	-41.4493	1.1081	-29.5357	1.3057	-23.7163	1.6883	-17.6286	2.2636	-11.6730	3.4154	-5.9406	4.2891	-50.1092	-49.5761	-12.5841	-34.9798	-15.8508	-26.5602	-12.5841	-34.9798
it02	12/12/2016 14:44:06	1.6608	0.1549	Dico boco lentamente	O	-66.6505	-42.9013	-73.8896	-32.6570	-75.9133	-19.4557	-72.9968	-6.4015	-64.9649	4.0550	-52.6587	7.6427	-40.6287	3.5256	-35.8627	-0.1788	-30.1634	-3.6108	-24.0301	-5.1359	-18.3777	-7.7654	-51.4277	-47.8910	-12.8970	-36.4933	-16.5173	-28.0951	-12.8970	-36.4933
it02	12/12/2016 14:44:12	1.4233	0.1600	Dico pata lentamente	a	-61.0080	-45.6595	-68.4902	-35.3388	-70.5309	-22.5829	-66.7170	-10.0650	-56.8201	-1.6262	-43.7405	0.0570	-31.3706	-0.6675	-25.3856	-0.0552	-19.3793	0.6147	-13.2956	1.6818	-7.3845	1.2194	-49.7566	-47.8431	-13.4900	-35.8630	-16.7897	-27.3384	-13.4900	-35.8630
it02	12/12/2016 14:44:17	1.5438	0.2078	Dico pogo lentamente	O	-66.0482	-40.3243	-72.5323	-27.8079	-72.4047	-13.8528	-71.1167	-1.2505	-64.4831	9.4097	-51.5860	13.7216	-39.7385	8.1787	-34.9001	3.9064	-29.8017	0.5748	-24.2736	-3.0204	-19.8384	-7.6222	-50.5244	-46.9724	-13.4360	-37.2694	-17.0858	-28.2879	-13.4360	-37.2694
it02	12/12/2016 14:44:22	1.6130	0.1727	Dico paca lentamente	a	-63.2931	-40.9749	-70.2134	-29.3639	-70.4700	-16.2821	-67.9737	-3.2640	-59.9282	6.9373	-47.4923	11.3381	-35.7644	5.9868	-31.4835	1.4892	-26.5461	-1.9928	-20.9547	-4.3511	-16.0877	-8.0199	-50.6082	-47.0409	-13.2250	-38.0854	-16.7267	-28.6970	-13.2250	-38.0854
it02	12/12/2016 14:44:28	1.6682	0.1628	Dico pudu lentamente	u	-53.1268	-37.9319	-57.7233	-26.5698	-62.2377	-15.2322	-62.8153	-4.3660	-56.1421	4.1722	-43.0662	6.5882	-32.0062	3.6574	-26.1464	3.2997	-19.8022	3.4824	-13.7133	4.0463	-6.6871	4.3100	-47.6343	-49.3225	-11.3560	-32.1307	-15.0692	-23.4027	-11.3560	-32.1307
it02	12/12/2016 14:44:34	1.5859	0.2000	Dico baga lentamente	a	-63.3947	-39.6036	-68.3699	-26.7093	-68.4957	-12.6251	-65.8171	1.2151	-57.8095	10.9635	-45.5817	13.6089	-33.8721	8.1372	-30.3275	3.4454	-25.4006	-0.4770	-19.6762	-2.4838	-13.6642	-2.1188	-50.4713	-45.9458	-13.9491	-38.6646	-17.6545	-29.3287	-13.9491	-38.6646
it02	12/12/2016 14:44:52	1.5302	0.1463	Dico poto lentamente	O	-64.3840	-46.1223	-72.5376	-37.1476	-74.9748	-24.0136	-71.7293	-10.6482	-59.6437	-2.3804	-44.5758	-1.1063	-31.1360	-1.3584	-24.7591	-0.6225	-18.3820	0.1886	-12.1393	0.9822	-6.0439	0.8958	-51.0941	-48.6865	-11.5255	-33.1410	-15.3451	-25.2402	-11.5255	-33.1410
it02	12/12/2016 14:44:58	1.4186	0.1396	Dico bucu lentamente	u	-59.4694	-42.4152	-66.6460	-30.7369	-72.4600	-17.9617	-73.5696	-4.4948	-67.7003	7.3264	-54.3079	12.0559	-42.0002	7.5527	-36.4970	4.3689	-30.4288	3.3250	-23.9781	1.5917	-18.1416	-0.8307	-52.3773	-51.8707	-12.8857	-37.0478	-16.4841	-27.7335	-12.8857	-37.0478
it02	12/12/2016 14:45:04	1.4861	0.1427	Dico putu lentamente	u	-55.8751	-41.5140	-63.2360	-29.6195	-69.1250	-18.0458	-69.7769	-6.1199	-61.3806	5.5405	-47.5965	9.1524	-34.9349	3.6450	-28.8641	2.7409	-21.9902	2.5282	-15.1011	3.5048	-8.5530	4.0394	-51.6297	-51.6572	-10.6381	-32.0647	-15.5816	-23.7487	-10.6381	-32.0647
it02	12/12/2016 14:45:09	1.4334	0.1197	Dico bugu lentamente	u	-55.1605	-39.7083	-61.6605	-28.0709	-63.3051	-15.9144	-60.4242	-3.5026	-59.8378	10.1996	-47.8086	14.4433	-37.1373	8.8525	-32.7290	5.5781	-28.0195	3.7947	-22.7157	2.1275	-17.9482	-2.5043	-49.3831	-49.9982	-9.3521	-33.4412	-15.0935	-24.1047	-9.3521	-33.4412
it02	12/12/2016 14:45:14	1.5032	0.2125	Dico pada lentamente	a	-62.7641	-46.6807	-69.7125	-36.6775	-69.9030	-23.7223	-64.1911	-11.4530	-53.9613	-3.1757	-41.2534	0.5985	-28.6134	1.3694	-22.8356	2.0493	-17.1569	3.0010	-11.2824	4.2152	-5.2271	4.6530	-50.1034	-48.7671	-11.4537	-33.5810	-14.9992	-25.0651	-11.4537	-33.5810
it02	12/12/2016 14:45:19	1.4523	0.1922	Dico boto lentamente	O	-64.6265	-45.2400	-73.1143	-35.7637	-75.4097	-22.1194	-69.3297	-8.9264	-57.1708	-2.0077	-43.2127	-0.2830	-30.6339	-0.2398	-24.5051	0.5075	-18.3559	1.3204	-12.8076	3.1267	-6.8678	5.4366	-50.8839	-47.3346	-11.7602	-33.0856	-15.6587	-24.2502	-11.7602	-33.0856
it02	12/12/2016 14:45:25	1.5691	0.1629	Dico poco lentamente	o	-66.4204	-43.7280	-74.1583	-32.7184	-73.9277	-19.5148	-72.3277	-6.0705	-63.6617	4.8749	-51.0243	8.3386	-39.4538	3.3752	-34.7544	-0.4053	-29.6001	-3.0467	-23.3992	-5.9481	-18.8509	-10.5013	-51.3702	-49.5527	-13.0404	-36.7262	-16.4467	-28.2415	-13.0404	-36.7262
it02	12/12/2016 14:45:30	1.5391	0.2200	Dico bodo lentamente	O	-64.8096	-47.3888	-72.3774	-37.7528	-73.3719	-24.1404	-68.4615	-11.1520	-56.1791	-3.8494	-42.2525	-0.6369	-29.3794	0.6651	-23.1326	1.4210	-16.7434	2.1431	-10.6530	3.2163	-4.4518	4.3476	-50.3674	-49.5136	-10.8465	-32.6141	-14.9105	-24.4017	-10.8465	-32.6141
it02	12/12/2016 14:45:36	1.2718	0.1201	Dico pucu lentamente	u	-59.0269	-42.2511	-66.5318	-30.3572	-70.7409	-16.7914	-72.5853	-3.6809	-65.5473	8.2444	-51.4295	13.2817	-39.5399	6.6564	-34.2256	3.0952	-28.9790	0.6479	-22.9862	-2.4887	-18.1461	-6.8489	-51.4910	-52.6267	-11.1618	-34.4554	-15.4294	-25.3377	-11.1618	-34.4554
it02	12/12/2016 14:45:42	1.3673	0.1729	Dico budu lentamente	u	-51.2878	-36.8116	-57.6052	-23.6192	-63.9656	-11.8206	-63.8399	0.8386	-54.8773	9.9206	-41.2695	10.9084	-30.0186	6.1466	-24.8456	5.9731	-18.4720	5.4700	-11.4780	5.7788	-4.3063	5.7197	-46.0519	-48.5392	-7.3536	-32.7734	-12.5655	-23.3351	-7.3536	-32.7734
it02	12/12/2016 14:46:24	1.6590	0.1600	Dico bata lentamente	a	-63.9914	-46.5145	-71.0829	-36.3929	-70.2263	-23.0122	-64.3778	-10.8169	-54.1370	-2.8329	-41.3020	0.3178	-29.2397	-0.0329	-23.2870	0.4136	-17.3404	1.6173	-11.7411	2.7743	-6.0678	4.1088	-51.2205	-48.3563	-12.2586	-35.2972	-15.5364	-26.5926	-12.2586	-35.2972
it02	12/12/2016 14:46:32	1.4043	0.2100	Dico paga lentamente	a	-64.9276	-40.9739	-68.1915	-27.1565	-66.6722	-13.6158	-64.6488	-0.5410	-57.4853	10.7579	-44.7579	15.5561	-35.2462	7.9165	-30.9822	2.8518	-25.9559	-0.6128	-20.3130	-2.5767	-15.8003	-4.5847	-50.4944	-47.3050	-14.2971	-37.6130	-18.0959	-27.9024	-14.2971	-37.6130
it02	12/12/2016 14:50:53	1.2429	0.1505	Dico pugu lentamente	u	-60.1699	-42.5022	-65.9895	-28.7980	-69.5094	-15.7477	-69.7044	-1.7059	-63.0893	9.8233	-49.3766	14.7385	-37.6645	8.8020	-32.7015	5.2055	-27.5189	2.7318	-22.3828	-0.6248	-17.6977	-5.3201	-50.5304	-50.0634	-11.4300	-34.4627	-15.6417	-25.3502	-11.4300	-34.4627
it02	12/12/2016 14:50:58	1.2604	0.1500	Dico butu lentamente	u	-52.3078	-39.8713	-59.1345	-27.6795	-64.8757	-15.3492	-67.1056	-2.2055	-58.7104	8.9046	-44.3501	11.3531	-31.4046	5.6889	-24.8737	5.6291	-17.0705	5.4275	-10.3018	5.4318	-1.6415	4.6693	-47.8715	-50.9990	-9.3889	-30.5773	-14.3604	-22.0815	-9.3889	-30.5773
it02	12/12/2016 14:51:04	1.3248	0.1739	Dico baca lentamente	a	-62.6071	-41.1678	-69.2947	-28.6122	-69.6631	-15.2081	-66.5178	-2.2351	-58.3753	7.8344	-46.2707	10.2349	-35.6879	5.4956	-31.2883	0.9962	-26.4548	-1.7915	-21.5361	-4.3696	-17.6210	-8.7627	-50.1319	-45.2019	-13.3268	-37.9838	-17.4751	-28.4215	-13.3268	-37.9838
it02	12/12/2016 14:51:09	1.1455	0.2214	Dico bogo lentamente	O	-63.9849	-40.9048	-70.3853	-27.9091	-69.1525	-15.1309	-68.5848	-1.6680	-61.1555	8.8163	-49.0889	13.4312	-38.1146	8.2905	-33.7795	4.3991	-28.2248	1.1348	-22.9147	-2.5868	-19.6514	-7.4920	-50.2022	-47.6922	-12.0611	-35.6359	-16.4486	-26.4429	-12.0611	-35.6359
it02	12/12/2016 14:51:15	1.4566	0.1918	Dico podo lentamente	O	-64.2751	-46.0285	-71.5929	-35.6455	-73.4941	-22.0405	-68.7835	-9.2053	-56.5881	-2.7050	-43.5120	-1.4492	-30.7468	-0.4322	-24.6461	0.3145	-18.4517	1.1560	-12.5183	1.8299	-6.2111	1.7155	-50.0068	-48.8643	-11.8929	-34.1345	-15.1559	-25.3652	-11.8929	-34.1345
it02	12/12/2016 14:51:20	1.4424	0.2137	Dico bada lentamente	a	-61.2020	-44.3537	-68.0405	-33.9501	-67.5767	-21.6133	-61.3915	-10.0824	-53.0436	-2.3639	-40.7125	1.1386	-28.9685	2.2606	-23.1909	2.7288	-17.8994	3.4962	-12.1595	4.5484	-6.1609	5.6414	-49.3083	-47.3713	-11.7165	-33.5616	-15.1919	-24.8344	-11.7165	-33.5616
it02	12/12/2016 14:51:26	1.3888	0.2297	Dico boco lentamente	O	-65.2319	-39.9341	-71.6626	-27.1578	-71.3595	-12.8980	-69.3662	-0.6696	-60.0109	8.9694	-47.8327	11.8679	-37.2354	6.0689	-33.0452	2.0606	-27.5177	-0.9401	-21.7873	-3.8365	-17.7429	-7.8828	-50.5569	-45.9430	-12.5131	-36.3510	-15.9439	-27.3852	-12.5131	-36.3510
it02	12/12/2016 14:51:32	1.2366	0.1656	Dico pata lentamente	a	-62.0502	-42.3453	-68.5117	-31.5379	-68.3347	-18.9920	-61.8118	-8.4454	-52.0140	-0.7326	-39.4331	0.9914	-26.9273	1.6060	-21.4847	1.9965	-16.1157	2.6317	-10.2993	3.2694	-4.1955	3.4220	-49.9462	-45.7806	-11.8301	-34.5639	-15.2288	-25.9667	-11.8301	-34.5639
it02	12/12/2016 14:51:38	1.5351	0.2100	Dico pogo lentamente	O	-65.9165	-42.4312	-71.1345	-29.2013	-70.0283	-15.9661	-68.9435	-1.9853	-60.1931	8.2478	-47.2200	11.6145	-36.0974	6.1956	-31.9289	2.1713	-27.3047	-1.9917	-21.9479	-4.9450	-17.5397	-8.6466	-50.6425	-48.0168	-12.6273	-36.2033	-16.2741	-27.6438	-12.6273	-36.2033
it02	12/12/2016 14:51:43	1.5784	0.1635	Dico paca lentamente	a	-63.3975	-42.4159	-68.8927	-30.0744	-69.0372	-16.4747	-65.7928	-2.9197	-58.2626	7.3588	-46.4115	10.2082	-35.4471	4.6659	-30.8535	0.8079	-25.7535	-2.5524	-21.2772	-5.9161	-17.1902	-10.2518	-50.2787	-47.1486	-14.1350	-37.1751	-17.8200	-28.1789	-14.1350	-37.1751
it02	12/12/2016 14:51:50	1.3961	0.1657	Dico pudu lentamente	u	-54.1684	-41.2257	-59.7133	-29.5885	-64.9734	-18.3166	-67.2343	-5.9759	-58.3506	5.5595	-44.1570	7.6380	-30.3953	3.1976	-23.3542	3.7861	-15.2807	3.3126	-8.1202	3.4743	-0.4467	4.7809	-48.9796	-52.0371	-9.0113	-31.4648	-14.1133	-22.0474	-9.0113	-31.4648
it02	12/12/2016 14:51:55	1.3564	0.1900	Dico baga lentamente	a	-62.7237	-41.5961	-67.7025	-28.7300	-66.6111	-14.8505	-64.6062	-0.8561	-57.6408	10.1272	-44.8447	14.1702	-33.8651	9.1154	-30.0119	4.4949	-25.4166	0.6772	-19.9418	-2.4762	-16.2998	-6.4037	-49.8477	-46.7029	-13.7854	-37.6778	-17.4850	-28.3376	-13.7854	-37.6778
it02	12/12/2016 14:52:01	1.4447	0.1696	Dico poto lentamente	O	-66.4165	-43.1017	-73.0119	-32.7498	-74.6333	-19.2363	-68.0799	-6.8500	-55.8271	-0.4408	-42.7838	0.2153	-30.4345	0.0204	-24.4212	0.8425	-18.5349	1.9002	-12.7779	2.8569	-6.3786	3.8558	-50.4371	-46.7678	-11.4285	-32.7766	-15.5944	-24.2765	-11.4285	-32.7766
it02	12/12/2016 14:52:07	1.6085	0.1147	Dico bucu lentamente	u	-57.2535	-41.2224	-63.8163	-28.9821	-69.2465	-16.2884	-69.5253	-2.5211	-62.8493	9.2041	-49.8975	14.3593	-39.4575	8.8669	-34.5516	4.5832	-29.4277	2.5537	-24.4985	-0.7643	-19.8767	-5.6353	-48.5336	-50.7571	-10.4766	-33.4116	-15.2799	-24.7741	-10.4766	-33.4116
it02	12/12/2016 14:52:13	1.3143	0.1097	Dico putu lentamente	u	-53.9874	-39.5249	-59.9421	-28.5365	-64.6812	-16.6829	-66.3861	-5.1286	-60.3258	6.1166	-46.9792	10.2790	-34.3203	4.8436	-28.5039	3.8514	-22.4561	3.6073	-14.8506	4.3748	-7.0059	4.5446	-48.6705	-50.6047	-10.0941	-31.2431	-14.8186	-22.5582	-10.0941	-31.2431
it02	12/12/2016 14:52:18	1.6472	0.1380	Dico bugu lentamente	u	-55.1476	-40.7262	-61.0313	-27.7949	-65.4820	-14.6016	-69.0163	-0.2848	-61.8714	11.9209	-48.4730	16.0197	-36.8359	10.2730	-32.8483	6.5098	-27.5415	4.7464	-21.7626	2.8890	-15.8931	-1.3920	-48.2612	-50.3314	-9.5478	-33.6684	-14.1957	-24.3692	-9.5478	-33.6684
it02	12/12/2016 14:52:26	1.6100	0.2111	Dico pada lentamente	a	-60.7021	-43.2612	-66.8814	-32.9763	-67.1727	-20.3219	-61.7484	-9.2937	-52.2818	-1.4454	-39.5602	1.4813	-27.7486	2.6388	-22.3274	3.2596	-16.8956	3.8623	-11.1950	4.8139	-5.5737	4.9852	-49.0933	-45.4655	-12.2127	-33.8809	-15.5629	-25.0146	-12.2127	-33.8809
it02	12/12/2016 14:52:32	1.3562	0.1434	Dico boto lentamente	O	-62.8858	-43.6435	-71.2424	-33.5544	-73.7410	-20.4281	-68.8265	-7.8117	-57.3088	-1.1159	-43.3156	-1.4994	-30.4356	-1.2783	-24.5749	-0.0353	-18.2885	1.0660	-12.3143	1.9625	-6.3803	1.4089	-50.3543	-46.9993	-12.1705	-33.4415	-15.8717	-24.9747	-12.1705	-33.4415
it02	12/12/2016 14:52:37	1.3725	0.1363	Dico poco lentamente	o	-63.6674	-42.3587	-70.0371	-30.5054	-72.2913	-17.6051	-70.9825	-3.5165	-61.3025	5.5381	-49.0974	7.1102	-38.9732	2.4396	-33.8606	-1.3813	-28.2271	-3.3024	-23.2390	-6.4307	-19.8549	-10.9660	-50.5561	-47.5056	-13.1823	-36.2706	-16.7743	-27.8191	-13.1823	-36.2706
it02	12/12/2016 14:52:43	1.6618	0.1908	Dico bodo lentamente	O	-62.5848	-45.4490	-70.3303	-34.5205	-72.6794	-21.0567	-67.7331	-8.8376	-54.9515	-2.6299	-41.8388	-1.0870	-29.7116	-0.2542	-23.6253	1.1131	-17.9150	2.4238	-11.9835	4.1927	-5.2986	3.7882	-49.2970	-48.4886	-10.6924	-32.6456	-14.1108	-24.7843	-10.6924	-32.6456
it02	12/12/2016 14:52:49	1.5787	0.0863	Dico pucu lentamente	u	-58.2403	-42.2818	-64.5519	-30.0014	-69.8421	-17.5177	-70.9986	-4.3861	-64.8767	7.3193	-51.2055	11.4439	-40.0151	5.8204	-35.4826	2.3149	-30.9922	-1.0725	-25.3338	-4.3215	-20.9473	-8.2325	-49.6523	-52.0700	-11.9823	-35.3891	-15.8918	-26.4205	-11.9823	-35.3891
it02	12/12/2016 14:52:54	1.5758	0.1396	Dico budu lentamente	u	-50.8883	-40.0952	-56.1837	-26.3121	-62.9711	-14.5855	-66.3297	-1.7834	-57.9542	8.9668	-44.3352	11.3728	-31.7565	7.1629	-25.5982	7.1496	-19.4654	6.0796	-13.2682	6.4926	-6.0295	6.9788	-47.3816	-51.3713	-9.8257	-31.6766	-14.6150	-22.5411	-9.8257	-31.6766
it02	12/12/2016 14:53:00	1.9259	0.1772	Dico bata lentamente	a	-62.5585	-44.2799	-69.3448	-33.7087	-68.3149	-20.9637	-62.1111	-9.6447	-52.8140	-1.9092	-39.9219	0.7363	-28.3530	1.6288	-22.8965	1.9074	-16.7909	2.7421	-11.4657	3.4210	-6.0500	4.2629	-50.0441	-46.2344	-12.5629	-35.1936	-15.6592	-26.4456	-12.5629	-35.1936
it02	12/12/2016 14:53:07	1.2993	0.1772	Dico paga lentamente	a	-61.5112	-41.8765	-66.1731	-27.7986	-66.9457	-14.3175	-65.4356	-0.5084	-57.0396	10.0693	-44.7395	12.8518	-33.7589	8.2793	-29.8375	4.0978	-25.1755	0.7791	-19.4042	-1.1730	-14.4640	-3.4245	-49.3747	-45.8468	-14.4361	-36.8918	-18.5367	-27.1714	-14.4361	-36.8918
it02	12/12/2016 14:53:56	1.3841	0.1120	Dico pugu lentamente	u	-59.0540	-40.8379	-65.6496	-27.1880	-69.4102	-14.3577	-68.9489	-1.3286	-61.9086	10.4177	-48.6364	15.6407	-37.4412	9.8329	-32.5816	5.9966	-27.3701	3.8761	-21.8360	0.6226	-16.6599	-3.5634	-48.6116	-48.7752	-9.4732	-33.9863	-14.8967	-24.2480	-9.4732	-33.9863
it02	12/12/2016 14:54:01	1.2409	0.1400	Dico butu lentamente	u	-51.1234	-37.0804	-57.9853	-23.3097	-64.8667	-13.9562	-67.3622	-1.0007	-59.7690	9.4109	-45.5307	12.1420	-32.1519	6.7284	-27.6000	6.3408	-20.4144	6.2246	-13.3660	6.1221	-4.6299	5.8269	-47.0851	-48.6935	-8.9431	-31.2684	-14.1709	-22.4289	-8.9431	-31.2684
it02	12/12/2016 14:54:06	1.3762	0.1479	Dico baca lentamente	a	-62.2206	-41.5703	-68.4009	-30.0055	-68.8953	-17.2845	-64.7142	-3.8971	-58.3571	6.3148	-46.4143	10.9176	-35.0198	6.0703	-30.6915	1.7390	-25.9064	-1.4497	-20.7268	-3.3795	-15.7051	-5.1831	-50.4865	-46.5490	-13.5169	-37.8544	-17.6275	-28.2297	-13.5169	-37.8544
it02	12/12/2016 14:54:12	1.3368	0.1935	Dico bogo lentamente	O	-64.7853	-40.1498	-70.9487	-27.3988	-70.0431	-13.6081	-68.3240	-0.7513	-59.9290	9.7396	-47.6586	13.2822	-36.1230	7.3079	-31.4443	3.4925	-25.7514	0.1029	-20.4254	-2.6316	-16.7021	-6.7266	-50.3336	-46.3386	-11.5280	-36.0090	-15.3944	-26.7580	-11.5280	-36.0090
it02	12/12/2016 14:54:17	1.5158	0.1858	Dico podo lentamente	O	-63.7480	-45.6089	-71.4265	-34.4065	-72.2791	-20.2701	-66.4735	-8.3865	-53.8371	-2.6014	-40.6358	-0.8922	-27.9755	0.1358	-22.4781	0.8730	-16.4089	2.1018	-10.5612	3.6069	-3.5635	5.6304	-48.8663	-48.4169	-10.5244	-31.4999	-14.4799	-23.1580	-10.5244	-31.4999
it02	12/12/2016 14:54:23	1.5566	0.1900	Dico bada lentamente	a	-57.1851	-40.3075	-64.4238	-29.5237	-65.5877	-16.9769	-59.9196	-6.7327	-50.6982	0.2898	-38.9168	2.1670	-26.9258	3.2604	-21.7212	3.8785	-16.3350	4.1288	-10.0731	4.9796	-4.3421	5.2181	-47.6961	-43.3507	-11.8170	-33.6826	-14.8762	-24.6894	-11.8170	-33.6826
it02	12/12/2016 14:54:29	1.3952	0.1465	Dico boco lentamente	O	-64.0408	-43.6490	-72.3346	-33.0362	-73.4956	-18.9534	-71.6124	-4.7890	-64.0192	5.4972	-51.9019	9.3039	-40.6730	4.9684	-35.9972	1.0547	-31.0514	-2.7452	-25.3538	-5.7343	-21.4002	-10.1512	-50.3749	-47.6607	-11.1424	-34.9881	-15.9472	-26.4833	-11.1424	-34.9881
it02	12/12/2016 14:55:06	1.5095	0.1579	Dico pata lentamente	a	-60.4527	-42.0221	-68.6263	-32.1757	-68.9148	-18.6873	-62.6509	-7.0715	-52.8385	0.6459	-40.4979	2.2313	-28.2399	2.4644	-22.6536	3.0176	-17.0158	3.7601	-10.3856	4.6917	-4.4222	4.6305	-49.7683	-44.7843	-11.5247	-33.0164	-15.3748	-24.5490	-11.5247	-33.0164
it02	12/12/2016 14:55:12	1.3689	0.2053	Dico pogo lentamente	O	-63.0954	-38.9052	-70.5388	-25.8672	-70.2889	-11.8353	-67.7017	1.1115	-59.5710	11.1148	-47.4103	13.8456	-36.2165	9.6108	-31.2014	6.0736	-26.7845	2.7694	-22.0334	-0.1214	-17.2960	-4.4280	-49.7668	-44.1459	-11.8727	-34.2838	-16.0894	-25.1811	-11.8727	-34.2838
it02	12/12/2016 14:55:17	1.4358	0.1684	Dico paca lentamente	a	-61.6374	-40.7307	-68.4766	-27.7191	-68.5428	-13.9429	-65.9304	-0.4442	-57.5650	9.9470	-44.8070	12.5209	-34.1534	7.2633	-29.8747	2.9015	-25.0742	0.0288	-19.8592	-2.4836	-15.0206	-4.4398	-49.8240	-43.8489	-13.5757	-37.2294	-17.4444	-28.0119	-13.5757	-37.2294
it02	12/12/2016 14:55:23	1.2923	0.1346	Dico pudu lentamente	u	-52.6703	-38.0409	-58.9032	-24.8546	-64.4661	-14.2661	-65.1840	-1.9706	-58.4853	8.0032	-45.5028	10.1876	-32.9273	5.5223	-27.2680	5.4147	-20.2717	5.3745	-13.9771	5.8135	-6.6970	6.2141	-47.0347	-49.3674	-10.8189	-31.3107	-14.9705	-22.4066	-10.8189	-31.3107
it02	12/12/2016 14:55:29	1.4535	0.2100	Dico baga lentamente	a	-63.8979	-40.8326	-69.2530	-27.5850	-66.1808	-13.7290	-64.1109	-0.0139	-57.6992	10.3230	-44.4286	14.5288	-33.0149	8.4365	-29.3111	3.4771	-23.9744	0.1264	-18.1222	-1.5184	-12.8088	-2.3422	-50.1988	-46.8971	-13.2600	-36.5578	-16.8255	-27.3583	-13.2600	-36.5578
it02	12/12/2016 14:55:34	1.6030	0.1613	Dico poto lentamente	O	-65.4970	-44.2922	-73.8604	-34.2056	-75.3929	-19.7886	-68.9639	-6.8152	-55.7764	-0.6345	-41.8608	0.1341	-29.3395	0.6878	-23.6785	0.9937	-17.4026	1.7987	-11.5223	2.9396	-5.4677	4.2723	-50.5357	-47.2962	-10.9029	-32.6945	-14.8897	-24.4553	-10.9029	-32.6945
it02	12/12/2016 14:55:40	1.3831	0.1364	Dico bucu lentamente	u	-53.2861	-40.3971	-58.3752	-27.1732	-63.4256	-14.8817	-66.1548	-1.1423	-62.0740	10.7640	-49.5108	15.9406	-37.4922	10.2543	-32.5600	7.1648	-27.1976	6.6374	-20.5308	7.0280	-14.8222	6.4749	-49.5534	-51.4914	-9.2264	-32.8035	-14.1837	-21.7689	-9.2264	-32.8035
it02	12/12/2016 14:55:46	1.3136	0.1380	Dico putu lentamente	u	-55.0745	-38.2635	-61.4366	-26.2502	-66.3093	-14.4759	-67.1803	-2.2852	-58.2887	8.2317	-45.1912	10.1299	-33.3856	6.1286	-26.1955	5.4719	-19.6328	5.6548	-11.7594	6.2017	-2.8812	6.0525	-48.4365	-49.7309	-9.2905	-30.4451	-13.9115	-21.4031	-9.2905	-30.4451
it02	12/12/2016 14:55:51	1.4880	0.1400	Dico bugu lentamente	u	-55.4312	-39.2781	-62.7467	-27.0175	-67.7855	-14.7276	-69.3683	-1.7163	-61.4413	8.9701	-48.7868	13.8321	-37.6764	9.1158	-32.7998	5.7478	-27.5286	3.7994	-21.9398	1.5337	-17.1007	-2.8350	-47.5023	-48.8710	-10.1018	-33.5254	-14.6196	-24.1360	-10.1018	-33.5254
it02	12/12/2016 14:55:57	1.6428	0.2078	Dico pada lentamente	a	-60.1914	-43.9002	-66.9762	-33.4188	-67.8480	-20.6839	-62.3163	-8.8412	-52.4090	-1.0865	-39.5462	1.5865	-27.3654	2.9017	-21.8951	3.2816	-16.4934	3.7967	-11.3803	4.4245	-5.3351	5.6381	-48.9872	-46.9055	-12.6601	-34.5701	-16.2304	-25.7366	-12.6601	-34.5701
it02	12/12/2016 14:56:03	1.6929	0.1501	Dico boto lentamente	O	-64.8917	-42.5261	-73.0298	-32.3575	-74.3741	-18.9748	-68.4443	-6.7448	-55.2010	-0.9434	-41.5897	-0.8683	-29.1329	-0.2364	-23.1769	0.6431	-16.8385	1.9407	-10.9713	3.4291	-4.8794	5.1290	-50.2251	-46.7813	-9.1966	-32.7186	-13.7425	-23.8797	-9.1966	-32.7186
it02	12/12/2016 14:56:08	1.4155	0.1540	Dico poco lentamente	o	-63.3077	-42.9879	-70.6458	-31.7388	-73.5765	-19.2466	-71.5806	-5.2759	-63.0553	4.6204	-50.0464	7.8648	-38.2658	3.8035	-33.0812	0.2413	-28.1826	-2.2888	-23.0934	-5.7795	-20.0042	-11.0447	-50.3228	-46.9653	-13.5315	-36.7131	-17.4428	-27.3642	-13.5315	-36.7131
it02	12/12/2016 14:56:14	1.4214	0.2053	Dico bodo lentamente	O	-62.3103	-45.5828	-70.5629	-34.6243	-72.2795	-21.0332	-67.2224	-8.5995	-54.6939	-1.9871	-41.5392	0.3234	-29.1031	1.5305	-23.1672	2.5101	-17.4006	3.7813	-11.4264	4.5722	-4.8005	6.0529	-48.9578	-48.7066	-10.1337	-32.5012	-13.6233	-24.0359	-10.1337	-32.5012
it02	12/12/2016 14:56:20	1.5475	0.1248	Dico pucu lentamente	u	-59.3974	-40.8960	-66.4466	-28.5273	-70.8089	-16.2751	-70.6915	-2.8525	-63.6046	9.7909	-50.0651	14.4597	-39.4767	8.3931	-34.5199	4.1893	-29.2888	1.4526	-23.3092	-1.7555	-19.2084	-6.4442	-50.4280	-50.5972	-11.4497	-34.5507	-16.1409	-25.0902	-11.4497	-34.5507
it02	12/12/2016 14:56:25	1.2801	0.1591	Dico budu lentamente	u	-51.2425	-35.6574	-58.5718	-22.5003	-62.5884	-10.3235	-59.6979	1.3143	-50.5659	9.3742	-38.2482	10.3131	-26.1497	7.8695	-21.1328	7.5937	-15.4464	7.4601	-8.9165	7.8965	-3.1331	7.9265	-44.7264	-45.8335	-10.4680	-30.0110	-14.3052	-21.2314	-10.4680	-30.0110
it02	12/12/2016 14:56:31	1.2842	0.1700	Dico bata lentamente	a	-61.2975	-43.5124	-68.4482	-33.1188	-69.0521	-20.2055	-63.1608	-8.9445	-52.8108	-1.8644	-40.1264	0.2901	-28.0935	0.8219	-22.5817	1.0740	-16.6217	2.1622	-11.7468	3.0596	-5.9772	4.8146	-50.3998	-46.9517	-12.6307	-34.7586	-15.9649	-25.8299	-12.6307	-34.7586
it02	12/12/2016 14:56:37	1.3499	0.2200	Dico paga lentamente	a	-63.1399	-39.7434	-66.5478	-25.2335	-66.1970	-12.1392	-63.7070	1.0448	-56.3593	11.8437	-44.2488	15.4699	-33.7352	9.1739	-29.7716	5.2786	-24.8966	1.9528	-19.5433	-0.0942	-14.3875	-1.6908	-49.8841	-46.2542	-14.3886	-36.8939	-18.7537	-27.5276	-14.3886	-36.8939
it02	12/12/2016 14:57:57	1.6180	0.1000	Dico pugu lentamente	u	-58.6072	-41.6548	-63.7588	-28.6582	-66.8240	-15.8557	-69.8209	-2.8144	-64.0763	9.9626	-50.5847	14.9608	-38.9053	8.3045	-33.8543	3.8723	-28.5773	0.9020	-23.1335	-3.1941	-18.7206	-8.0182	-50.9747	-50.6530	-10.6318	-34.3682	-15.5408	-25.4644	-10.6318	-34.3682
it02	12/12/2016 14:58:02	1.2487	0.1365	Dico butu lentamente	u	-52.0942	-39.6850	-58.6358	-25.8622	-64.5843	-14.3606	-65.7956	-1.4463	-56.8192	9.0915	-42.7740	9.3492	-30.2209	5.0903	-23.4069	5.1473	-17.0082	5.2777	-10.3295	5.2263	-3.1417	4.0895	-48.6352	-51.1230	-9.1911	-29.5361	-13.7316	-20.9928	-9.1911	-29.5361
it02	12/12/2016 14:58:07	1.4775	0.1579	Dico baca lentamente	a	-62.8577	-40.4898	-69.6038	-28.7276	-70.2478	-16.1134	-65.9185	-3.9765	-57.6478	7.0110	-44.8218	10.3311	-33.7167	4.2438	-29.1064	-0.0520	-23.6590	-2.9793	-18.2165	-5.5789	-14.1002	-10.2284	-50.5590	-45.1113	-12.6324	-37.9147	-15.4387	-28.7341	-12.6324	-37.9147
it02	12/12/2016 14:58:13	1.4306	0.1800	Dico bogo lentamente	O	-64.4402	-42.9750	-72.2421	-31.3558	-73.1422	-17.7374	-70.9662	-3.2070	-63.7132	7.7836	-50.6095	12.6234	-39.4993	7.1402	-34.8380	2.3480	-29.9364	-1.0049	-23.8146	-3.4825	-19.3492	-7.6470	-50.5707	-46.7685	-12.8571	-36.7881	-16.6657	-27.5403	-12.8571	-36.7881
it02	12/12/2016 14:58:18	1.4097	0.1928	Dico podo lentamente	O	-61.8640	-43.9088	-70.1028	-33.1168	-72.5128	-19.8014	-67.4367	-7.9549	-55.6952	-0.9404	-42.8669	0.4073	-30.3354	0.9533	-24.4112	1.3514	-18.6418	2.3960	-13.3918	3.8941	-6.9421	5.4057	-49.5731	-47.5607	-10.9728	-31.3484	-15.1895	-22.6124	-10.9728	-31.3484
it02	12/12/2016 14:58:24	1.4432	0.2000	Dico bada lentamente	a	-59.8929	-43.1128	-67.4208	-33.0243	-67.5948	-19.7688	-61.5164	-8.4940	-52.0579	-1.0060	-39.0686	1.3752	-27.0310	2.3937	-21.7120	2.9655	-15.9917	3.4911	-10.2778	4.3043	-4.2059	4.5685	-48.6922	-45.3910	-11.6071	-33.3057	-15.0795	-24.4687	-11.6071	-33.3057
it02	12/12/2016 14:58:29	1.5334	0.1336	Dico boco lentamente	O	-66.7053	-42.9654	-73.5819	-32.4122	-75.4173	-18.7863	-71.8148	-5.5076	-63.9366	5.2604	-50.7073	8.2551	-39.5996	3.3643	-34.8614	-0.5498	-29.3903	-3.2976	-23.3131	-6.3519	-19.5496	-10.9195	-51.3811	-47.0304	-12.6244	-35.7208	-16.7313	-26.2302	-12.6244	-35.7208
it02	12/12/2016 14:58:58	1.5055	0.1718	Dico pata lentamente	a	-61.1029	-42.5968	-67.7799	-32.6205	-67.9475	-19.4720	-62.8480	-8.5082	-53.9310	-0.3147	-41.2911	1.4215	-29.1065	1.0459	-23.2811	1.5644	-17.4143	2.5083	-11.8645	3.5387	-6.2284	3.3592	-50.1093	-45.0710	-12.1708	-34.1114	-16.0919	-25.7455	-12.1708	-34.1114
it02	12/12/2016 14:59:04	1.5294	0.1600	Dico pogo lentamente	O	-65.3621	-40.4836	-72.2652	-29.1029	-73.1638	-15.9794	-70.3425	-3.3556	-62.9126	7.0025	-49.6158	11.0189	-38.5832	5.6554	-34.0143	1.3958	-28.7297	-1.4962	-23.1875	-4.0399	-18.5136	-7.4338	-50.5797	-46.0549	-11.9778	-35.8090	-16.3459	-27.2592	-11.9778	-35.8090
it02	12/12/2016 14:59:10	1.5505	0.1479	Dico paca lentamente	a	-62.3129	-41.2381	-69.4932	-29.2499	-71.3107	-16.4014	-67.1483	-3.9981	-59.6021	6.6146	-46.5426	10.8701	-34.8318	5.3912	-29.6585	1.6049	-24.7292	-1.8616	-19.3885	-3.6872	-15.0384	-6.7182	-50.6414	-45.7059	-14.0160	-37.3828	-17.5859	-28.4157	-14.0160	-37.3828
it02	12/12/2016 14:59:15	1.2698	0.1546	Dico pudu lentamente	u	-52.2270	-37.3282	-58.9385	-24.4215	-64.4406	-13.4660	-64.9869	-1.3177	-57.3425	8.9322	-45.0541	12.1654	-32.7812	7.9461	-27.7859	6.9538	-21.7490	6.8204	-14.9978	7.1821	-8.2795	7.4661	-47.3233	-49.4656	-6.0023	-31.7387	-11.8286	-22.7442	-6.0023	-31.7387
it02	12/12/2016 14:59:20	1.4178	0.1900	Dico baga lentamente	a	-62.7392	-39.9438	-68.1967	-26.7768	-67.2628	-13.5146	-65.3917	0.0526	-58.5872	10.3329	-46.9360	15.5667	-35.2215	9.8483	-30.5376	6.3725	-26.4284	3.0002	-20.6677	-0.3143	-15.8939	-2.6132	-49.9079	-45.3407	-13.1934	-37.8250	-16.7635	-28.6061	-13.1934	-37.8250
it02	12/12/2016 14:59:26	1.4421	0.1546	Dico poto lentamente	O	-64.3422	-41.4160	-72.7379	-31.3077	-75.0728	-17.5822	-68.4532	-4.9594	-56.2360	2.2598	-42.4125	1.7265	-29.1759	1.5091	-22.6676	2.4025	-16.6682	3.0159	-9.8451	4.1689	-3.4091	5.2205	-50.1747	-45.6113	-9.2672	-32.2230	-13.9151	-23.5863	-9.2672	-32.2230
it02	12/12/2016 14:59:31	1.2680	0.1380	Dico bucu lentamente	u	-56.7951	-38.5541	-62.9145	-25.6619	-66.3574	-13.7215	-67.1375	-1.2263	-61.4713	10.4328	-49.3449	16.2351	-38.6067	10.4474	-33.9781	6.9347	-28.7333	5.4691	-23.7845	2.9441	-19.8615	-2.2825	-48.9459	-48.6538	-8.0350	-33.3404	-12.4271	-23.5569	-8.0350	-33.3404
it02	12/12/2016 14:59:36	1.3095	0.1130	Dico putu lentamente	u	-53.8869	-39.3234	-62.0607	-27.7927	-66.5465	-15.7859	-67.3086	-2.9637	-58.4227	8.5202	-45.2467	10.4279	-32.7580	5.8022	-26.0153	5.5024	-20.0668	5.6900	-13.2929	5.8542	-6.1794	6.0413	-48.6100	-50.8862	-8.0019	-30.6499	-13.6703	-21.3421	-8.0019	-30.6499
it02	12/12/2016 14:59:41	1.2310	0.1474	Dico bugu lentamente	u	-53.8873	-38.6785	-60.1560	-26.5819	-65.8906	-15.3050	-68.0803	-2.0802	-62.4616	9.7639	-49.8006	15.9953	-38.0637	11.4187	-33.8865	7.1935	-28.8040	4.9263	-23.1529	1.8343	-18.1250	-4.0450	-49.4193	-50.0397	-7.6944	-32.3171	-13.4952	-22.8924	-7.6944	-32.3171
it02	12/12/2016 14:59:46	1.1952	0.1810	Dico pada lentamente	a	-60.2440	-46.4209	-67.8118	-36.1459	-69.1829	-23.0112	-63.7468	-10.9105	-54.0505	-2.5037	-41.4829	1.3557	-28.9860	2.2131	-23.1318	2.6938	-17.3443	3.4053	-11.4330	4.4364	-5.3540	4.6290	-48.2903	-49.4802	-12.6441	-34.1149	-16.2253	-25.4428	-12.6441	-34.1149
it02	12/12/2016 14:59:52	1.4992	0.1554	Dico boto lentamente	O	-64.0546	-44.6542	-72.5467	-34.4668	-75.5931	-21.0789	-70.5367	-7.7502	-58.1881	-0.3211	-44.3970	-0.5946	-31.3322	-1.5572	-25.1311	-0.6065	-19.1295	0.1872	-13.0082	1.4452	-6.8696	0.8998	-50.3279	-47.7074	-11.1520	-32.9212	-14.9227	-24.6541	-11.1520	-32.9212
it02	12/12/2016 14:59:57	1.4877	0.1479	Dico poco lentamente	o	-63.2292	-41.7085	-70.4786	-31.2201	-73.3233	-18.0236	-71.0235	-3.9914	-62.9020	6.3881	-50.0563	9.0714	-38.4977	4.5152	-33.4031	0.8448	-28.2089	-1.7296	-23.5256	-5.0925	-19.7140	-9.4854	-49.9980	-46.5807	-12.5387	-35.5234	-16.3434	-26.8707	-12.5387	-35.5234
it02	12/12/2016 15:00:04	1.5021	0.2031	Dico bodo lentamente	O	-61.6897	-44.6826	-69.9885	-34.3709	-72.3113	-20.2631	-66.8220	-7.9399	-54.2566	-1.5229	-41.3883	0.5965	-28.6397	1.8138	-23.0469	2.6565	-17.2573	3.6608	-10.9880	4.6151	-4.2980	4.9822	-49.0738	-47.6016	-10.9486	-31.4629	-15.0558	-23.0711	-10.9486	-31.4629
it02	12/12/2016 15:00:10	1.5228	0.1396	Dico pucu lentamente	u	-59.7371	-39.0511	-67.1948	-26.3308	-69.9985	-13.3391	-69.4666	0.1125	-62.2941	11.6035	-48.7872	17.0135	-37.4037	12.0426	-32.3358	7.8109	-26.6700	5.2145	-20.9213	2.2631	-16.0137	-2.2797	-49.8984	-49.2537	-11.0196	-34.2775	-15.5626	-25.0301	-11.0196	-34.2775
it02	12/12/2016 15:00:16	1.5452	0.1396	Dico budu lentamente	u	-51.3456	-37.3763	-57.5419	-23.4664	-64.3709	-12.4400	-65.0125	0.3785	-56.9482	9.6160	-43.7436	12.2138	-32.0461	7.7944	-26.3788	7.9430	-20.2383	7.3471	-12.4367	7.9907	-6.0211	7.7694	-46.4260	-49.1449	-9.1420	-30.9264	-14.2698	-21.6580	-9.1420	-30.9264
it02	12/12/2016 15:00:22	1.3993	0.1945	Dico bata lentamente	a	-60.8615	-43.8561	-67.8688	-33.3222	-68.0819	-20.3720	-62.4212	-9.0763	-53.0036	-1.1193	-39.9017	1.5832	-27.7034	2.0762	-22.1055	2.6046	-16.5318	3.1381	-10.6602	4.0249	-4.9220	4.7081	-49.3539	-45.7378	-12.5899	-34.7352	-15.6456	-25.9871	-12.5899	-34.7352
it02	12/12/2016 15:00:28	1.5624	0.2000	Dico paga lentamente	a	-58.8926	-38.8952	-65.7050	-25.8865	-66.5967	-11.5992	-63.5366	0.8876	-56.5936	11.4693	-44.4191	15.2477	-34.4744	9.3149	-30.1215	4.7483	-25.0419	2.0182	-19.0522	-0.3658	-13.7442	-1.1827	-49.4022	-43.8873	-13.8935	-36.9351	-17.7023	-28.1576	-13.8935	-36.9351
it02	12/12/2016 15:01:07	1.2146	0.1100	Dico pugu lentamente	u	-60.4223	-41.8063	-64.7878	-28.1609	-67.5299	-15.5544	-68.4488	-2.6536	-62.8432	8.6629	-50.5631	14.5382	-38.9558	9.6113	-33.6948	5.7202	-28.8659	2.8003	-23.3926	-0.4885	-18.6019	-5.7613	-50.4562	-49.7068	-7.0918	-35.5950	-13.6805	-26.2933	-7.0918	-35.5950
it02	12/12/2016 15:01:12	1.3496	0.1385	Dico butu lentamente	u	-51.7245	-37.7578	-58.5409	-25.5869	-63.7960	-14.0905	-64.7586	-1.8161	-56.5591	8.6996	-43.9035	11.2043	-31.4104	7.3421	-25.4536	7.3202	-20.1220	6.8125	-14.5296	6.8644	-7.6349	7.9608	-48.1380	-50.1566	-7.8877	-28.6665	-13.5350	-20.2541	-7.8877	-28.6665
it02	12/12/2016 15:01:17	1.4132	0.1456	Dico baca lentamente	a	-65.4332	-41.9586	-71.9270	-30.0379	-69.2477	-17.4492	-65.3692	-3.5944	-57.7915	8.0082	-45.7960	11.9648	-34.0087	6.7225	-29.5527	2.3578	-24.2211	-1.2081	-18.5629	-3.3355	-12.9709	-4.6721	-50.8803	-48.1002	-13.2310	-37.6114	-16.6471	-28.0149	-13.2310	-37.6114
it02	12/12/2016 15:01:23	1.3696	0.1900	Dico bogo lentamente	O	-66.6469	-42.9259	-72.1095	-30.5469	-70.9887	-17.7175	-69.1587	-4.5814	-62.0829	5.8459	-50.3974	11.4598	-39.0740	6.9600	-34.0234	3.1122	-29.2501	0.1742	-24.0184	-2.9316	-19.4339	-7.3339	-52.4072	-49.5488	-10.9316	-35.2504	-15.6522	-26.0872	-10.9316	-35.2504
it02	12/12/2016 15:01:28	1.3960	0.1762	Dico podo lentamente	O	-61.6750	-43.3225	-70.6309	-33.1998	-71.9944	-19.2243	-66.8014	-7.3240	-55.2125	-0.1450	-42.1346	0.4080	-29.6247	1.1357	-23.9435	2.0867	-18.0890	2.9686	-12.5242	4.1486	-5.8365	5.3518	-49.1808	-46.2072	-10.4172	-30.9963	-14.7206	-22.0149	-10.4172	-30.9963
it02	12/12/2016 15:01:34	1.5349	0.2125	Dico bada lentamente	a	-61.5533	-46.2641	-68.1733	-35.7490	-67.3032	-23.0884	-60.8106	-10.6009	-51.6294	-2.5821	-38.9918	1.6453	-26.6831	3.8484	-21.1849	4.3532	-15.3726	5.1049	-9.7303	6.0179	-3.7292	8.1855	-48.9055	-48.6846	-10.5656	-31.1871	-14.5596	-22.9691	-10.5656	-31.1871
it02	12/12/2016 15:01:40	1.4717	0.1332	Dico boco lentamente	O	-64.4534	-42.8420	-71.6965	-32.6954	-72.4830	-19.4437	-70.4682	-6.2350	-62.2091	4.6464	-49.6396	7.3032	-37.9950	3.1182	-33.8530	-0.9981	-28.0271	-3.5230	-22.7704	-6.4331	-18.6335	-10.8862	-51.2060	-49.0668	-11.5277	-36.1086	-15.6849	-26.8442	-11.5277	-36.1086
it02	12/12/2016 15:01:45	1.2916	0.1540	Dico pata lentamente	a	-62.3157	-44.5042	-69.8486	-33.7625	-68.5328	-20.9266	-62.6077	-9.2319	-53.1245	-0.9077	-40.4191	1.0153	-28.5558	1.3804	-22.9200	1.8303	-16.8006	2.6644	-11.5190	3.7152	-4.7507	4.5274	-49.6485	-45.5977	-10.9242	-32.9315	-14.8326	-24.5922	-10.9242	-32.9315
it02	12/12/2016 15:01:50	1.5804	0.2244	Dico pogo lentamente	O	-64.1828	-40.4129	-70.7399	-27.5612	-68.9373	-13.1391	-66.3110	-1.3123	-59.6236	9.8740	-48.0047	15.1734	-36.3377	10.6099	-31.1008	6.4755	-26.2878	2.9261	-21.1482	-0.6264	-16.8425	-5.2166	-50.0909	-45.0074	-12.0686	-35.0824	-16.0540	-25.9056	-12.0686	-35.0824
it02	12/12/2016 15:01:55	1.4128	0.1563	Dico paca lentamente	a	-63.3439	-41.5662	-68.6672	-29.1289	-68.3932	-15.6742	-65.7833	-1.7932	-57.5864	8.7359	-45.1305	11.3554	-34.5540	6.3977	-29.8485	2.7321	-24.7793	-0.7236	-20.3594	-3.8767	-16.4756	-7.7954	-50.2947	-46.9663	-13.5784	-36.4733	-17.0834	-27.7425	-13.5784	-36.4733
it02	12/12/2016 15:02:01	1.2618	0.1563	Dico pudu lentamente	u	-52.1507	-38.3093	-56.3159	-24.6793	-62.5179	-14.0269	-64.8167	-1.2751	-56.1390	8.7708	-42.8376	11.1885	-30.5753	7.1333	-24.8835	6.7046	-19.0742	6.8219	-12.6572	7.5834	-6.2975	8.2809	-47.0401	-49.4224	-9.5193	-29.1147	-14.2939	-20.8179	-9.5193	-29.1147
it02	12/12/2016 15:02:06	1.4089	0.2278	Dico baga lentamente	a	-62.3678	-40.2553	-66.8613	-25.6158	-65.9256	-12.2065	-63.6332	0.9214	-56.9602	11.5481	-44.4987	17.4398	-32.8244	13.8877	-28.0319	8.7131	-23.5960	5.1488	-17.2836	3.4779	-12.0829	1.8601	-49.4570	-44.7838	-13.1437	-36.5577	-16.6788	-26.9564	-13.1437	-36.5577
it02	12/12/2016 15:02:11	1.2518	0.1730	Dico poto lentamente	O	-63.1272	-41.9784	-72.1794	-32.3615	-74.5754	-18.6078	-67.6618	-6.8334	-56.2120	-0.0139	-43.0328	0.5661	-30.0853	0.9506	-23.8526	2.2550	-17.8805	3.3489	-11.8803	4.8508	-5.6379	7.1259	-49.6915	-45.8258	-10.5934	-30.9426	-14.5585	-22.6521	-10.5934	-30.9426
it02	12/12/2016 15:02:17	1.3496	0.1330	Dico bucu lentamente	u	-55.2246	-40.0803	-62.3226	-27.6711	-67.7560	-15.4232	-68.9999	-2.1549	-62.3835	9.2085	-49.6695	15.2532	-38.3170	11.6239	-34.6271	6.4285	-29.7247	3.5806	-24.7426	0.9518	-20.0444	-4.8956	-49.1362	-51.2730	-9.0330	-32.2912	-15.1737	-23.1169	-9.0330	-32.2912
it02	12/12/2016 15:02:22	1.2359	0.1200	Dico putu lentamente	u	-53.9986	-39.7863	-60.2261	-28.2225	-66.0156	-16.5929	-66.6856	-4.1052	-57.9941	7.3277	-44.6372	9.8947	-31.9304	5.3247	-24.9655	5.0685	-18.1890	5.4542	-10.5570	6.3131	-3.4206	6.7528	-48.3964	-50.3140	-7.0505	-31.5537	-13.1212	-21.8751	-7.0505	-31.5537
it02	12/12/2016 15:02:27	1.5949	0.1400	Dico bugu lentamente	u	-56.5257	-39.2925	-61.4071	-25.6352	-65.6724	-12.7728	-66.4075	0.8292	-59.3709	11.1974	-47.2280	16.1122	-36.7219	11.0872	-32.5783	6.6877	-28.1212	4.4766	-23.5038	1.2400	-18.9233	-2.9775	-48.3860	-49.1721	-9.0025	-31.7146	-14.4241	-22.2754	-9.0025	-31.7146
it02	12/12/2016 15:02:32	1.3667	0.2028	Dico pada lentamente	a	-59.9111	-43.8106	-66.3961	-32.9717	-66.6555	-19.9882	-60.7167	-8.4128	-51.2432	-0.0967	-38.5783	3.1932	-26.4616	4.4808	-20.8524	5.0288	-15.4422	5.6079	-9.5933	6.2311	-3.1079	6.1094	-48.4566	-45.8014	-11.4245	-32.1718	-15.0615	-23.6410	-11.4245	-32.1718
it02	12/12/2016 15:02:38	1.3434	0.1645	Dico boto lentamente	O	-64.4526	-43.9163	-72.7045	-33.8275	-75.1540	-20.0378	-68.4811	-7.2027	-56.5575	0.1638	-43.0443	0.7767	-29.6741	1.0569	-23.4396	1.8477	-17.6178	2.9717	-11.0115	4.0905	-4.8838	5.2220	-50.5335	-46.1299	-10.1640	-31.8729	-14.6718	-23.1777	-10.1640	-31.8729
it02	12/12/2016 15:02:44	1.2525	0.1380	Dico poco lentamente	o	-67.4322	-42.2857	-74.0617	-31.4139	-73.1106	-17.8325	-69.8316	-4.3041	-61.7926	6.4428	-48.7567	10.3270	-37.5495	5.1931	-32.7845	1.1738	-27.4909	-1.2622	-22.1654	-4.3464	-18.0743	-8.3962	-51.2574	-46.8171	-11.4328	-34.3453	-15.8253	-25.6297	-11.4328	-34.3453
it02	12/12/2016 15:02:49	1.4962	0.1917	Dico bodo lentamente	O	-62.5832	-45.7145	-70.2367	-35.0023	-71.3400	-20.9064	-65.2486	-8.4934	-53.5136	-1.6068	-40.1891	0.9727	-27.4164	2.9607	-21.6808	3.9335	-16.0300	4.3786	-9.5412	5.4666	-2.5682	6.1041	-48.8680	-48.1650	-9.7811	-29.9351	-14.1417	-22.0506	-9.7811	-29.9351
it02	12/12/2016 15:02:55	1.4475	0.1176	Dico pucu lentamente	u	-58.7026	-40.8363	-63.7516	-26.5222	-67.9898	-13.5296	-68.8885	-1.1988	-61.5010	11.2633	-48.8710	15.6733	-37.6603	10.0762	-33.3506	6.0371	-27.9808	3.3973	-22.1362	1.3257	-17.0673	-3.1198	-49.3264	-50.4248	-7.4859	-33.1943	-13.2448	-24.1872	-7.4859	-33.1943
it02	12/12/2016 15:03:01	1.1722	0.1323	Dico budu lentamente	u	-50.8380	-38.8467	-54.3618	-26.0813	-59.1883	-14.8019	-62.0883	-3.6994	-57.0191	7.5647	-43.8628	11.2993	-30.9273	7.2105	-25.2779	7.7495	-19.1556	7.3261	-11.2531	8.0441	-3.4730	7.8918	-46.8864	-49.4145	-7.2107	-29.9284	-12.7372	-20.6286	-7.2107	-29.9284
it02	12/12/2016 15:03:06	1.3569	0.1491	Dico bata lentamente	a	-61.5051	-44.0303	-68.5380	-32.6911	-67.5268	-19.0884	-61.4290	-8.0221	-51.9451	-0.3575	-38.4300	1.4442	-26.5203	2.0799	-20.8018	2.6462	-15.0909	3.4800	-9.0517	4.1931	-3.4064	3.7963	-49.6706	-46.8732	-10.7586	-32.9589	-14.3081	-24.6063	-10.7586	-32.9589
it02	12/12/2016 15:03:32	1.2260	0.1779	Dico paga lentamente	a	-67.3906	-42.9611	-69.0527	-28.2058	-65.5280	-15.0232	-64.6528	-1.1150	-56.7815	10.2542	-43.7874	14.1514	-32.3155	8.3714	-28.0706	3.6434	-22.9254	0.0284	-18.0700	-3.2614	-14.1035	-7.9647	-51.9984	-48.8009	-13.0535	-36.1494	-16.5028	-26.9929	-13.0535	-36.1494
pl02	07/02/2017 16:21:26	1.4124	0.0849	Mowie pata teraz	a	-56.9262	-47.7458	-61.4934	-37.3811	-59.7638	-26.7117	-51.8019	-17.9933	-41.1311	-13.5363	-30.4913	-11.5852	-19.9932	-10.7680	-14.4083	-9.5167	-8.9208	-8.4073	-3.4678	-7.8507	2.2065	-8.8528	-47.5640	-51.6995	-5.0015	-41.1922	-8.3544	-33.8577	-5.0015	-41.1922
pl02	07/02/2017 16:21:33	1.4281	0.0600	Mowie puku teraz	u	-53.0725	-46.3514	-59.1721	-35.7547	-60.6811	-23.0808	-57.6460	-11.7708	-49.1919	-3.7108	-38.1936	-0.1791	-27.5370	-5.3336	-22.6786	-7.6104	-17.3028	-8.4056	-13.2954	-12.1636	-10.7049	-17.5201	-45.2989	-52.4615	-2.5541	-42.6959	-7.4315	-34.7230	-2.5541	-42.6959
pl02	07/02/2017 16:21:39	1.2620	0.0869	Mowie pogo teraz	O	-65.5656	-48.7858	-59.9280	-45.1360	-53.9135	-41.7076	-47.5823	-38.5349	-40.9977	-35.6496	-34.2254	-33.0805	-27.3330	-30.8534	-20.3896	-28.9904	-13.4643	-27.5102	-6.6265	-26.4275	0.0555	-25.7532	-34.2254	-33.0805	28.8838	-28.5978	-34.2254	-33.0805	28.8838	-28.5978
pl02	07/02/2017 16:21:44	1.4540	0.0986	Mowie paka teraz	a	-56.2815	-47.4925	-61.3968	-36.1000	-59.1373	-24.7228	-53.8920	-13.4628	-46.9821	-5.6670	-36.6759	-1.3375	-26.2708	-4.3704	-20.7916	-7.6480	-16.2885	-11.0155	-13.7047	-15.2821	-11.6058	-20.2870	-46.6101	-51.0033	-5.9064	-42.6785	-9.3760	-35.2365	-5.9064	-42.6785
pl02	07/02/2017 16:21:50	1.4708	0.0937	Mowie poto teraz	O	-55.2588	-48.4420	-60.6379	-37.8691	-61.4772	-25.1122	-55.4311	-14.8835	-43.6408	-11.0707	-32.1378	-10.7249	-20.7894	-11.1137	-15.1891	-10.0955	-9.5089	-8.4231	-4.0260	-7.4873	1.5549	-8.1791	-46.3294	-52.0369	-5.6215	-41.3536	-9.5196	-34.0250	-5.6215	-41.3536
pl02	07/02/2017 16:21:55	1.4338	0.0664	Mowie pugu teraz	u	-52.5318	-44.1971	-58.2950	-34.1079	-60.9203	-21.7141	-57.0063	-11.2070	-48.0154	-5.5321	-37.2816	-3.3911	-27.1434	-7.7267	-21.6607	-10.7165	-17.4222	-13.6399	-14.2769	-16.9249	-11.6281	-21.8279	-44.6088	-52.4522	-3.5121	-44.8692	-7.2602	-36.0412	-3.5121	-44.8692
pl02	07/02/2017 16:22:00	1.4765	0.1142	Mowie podo teraz	O	-55.2464	-47.9822	-60.3672	-36.7898	-61.4294	-24.2107	-54.8448	-13.2805	-42.3402	-8.8059	-31.3243	-9.1280	-19.8629	-10.8108	-14.2947	-9.6144	-8.6915	-7.6492	-2.8709	-6.8644	3.1113	-7.6144	-46.5752	-51.9069	-5.4237	-41.7469	-8.9167	-34.8494	-5.4237	-41.7469
pl02	07/02/2017 16:22:05	1.4403	0.0977	Mowie putu teraz	u	-50.5288	-43.4900	-56.3677	-32.6669	-59.3742	-20.3801	-51.9414	-9.4417	-41.8702	-4.3152	-29.6760	-4.5558	-19.5617	-7.5624	-13.8835	-6.9604	-8.3539	-6.8216	-2.8289	-7.2082	3.5007	-7.5209	-43.9090	-51.8643	-3.3870	-40.8398	-7.2851	-32.5624	-3.3870	-40.8398
pl02	07/02/2017 16:22:10	1.4244	0.0842	Mowie poko teraz	O	-56.1139	-46.7242	-60.3289	-35.8928	-58.6050	-24.7948	-55.2323	-13.4479	-47.8241	-5.6787	-36.4999	-2.7295	-26.2529	-7.5233	-21.0586	-9.9328	-16.3975	-12.9033	-12.7924	-17.0011	-10.9873	-21.0897	-46.5289	-51.0813	-5.7433	-41.4293	-8.8141	-34.4167	-5.7433	-41.4293
pl02	07/02/2017 16:22:16	1.4159	0.1179	Mowie pada teraz	a	-56.1573	-49.2907	-60.6757	-39.0740	-59.3301	-28.2614	-51.4506	-19.8134	-40.8035	-15.7682	-30.0206	-12.9442	-19.5531	-10.8020	-13.0784	-9.1864	-8.1188	-7.8382	-2.1893	-6.5911	3.4204	-7.3199	-46.7363	-52.2609	-5.2284	-40.4936	-8.5642	-33.1852	-5.2284	-40.4936
pl02	07/02/2017 16:22:21	1.4252	0.0855	Mowie pudu teraz	u	-51.8739	-43.8163	-58.3567	-33.3762	-60.0029	-21.2130	-53.3482	-10.9194	-44.1869	-4.7665	-32.9885	-4.3563	-22.7033	-8.7939	-17.3886	-9.8104	-11.0889	-9.1848	-6.0053	-8.2287	-0.4468	-7.0725	-44.4714	-52.0896	-3.8123	-37.5202	-8.7091	-29.5443	-3.8123	-37.5202
pl02	07/02/2017 16:22:26	1.0702	0.0967	Mowie paga teraz	a	-56.6083	-49.1526	-61.2767	-37.5438	-59.8798	-25.5093	-54.4513	-13.3490	-46.7475	-5.3050	-35.7352	-1.7958	-25.5343	-5.5342	-20.7085	-9.0608	-16.7211	-12.0972	-13.8177	-16.5429	-11.7355	-21.3928	-47.0227	-51.7635	-7.6857	-42.4028	-8.9808	-34.2763	-7.6857	-42.4028
pl02	07/02/2017 16:22:55	1.2509	0.0810	Mowie pata teraz	a	-57.4902	-46.7960	-61.9151	-36.5573	-59.8017	-25.3125	-52.5497	-17.4161	-42.5193	-12.5366	-31.6150	-10.8799	-20.5381	-10.8629	-15.3314	-9.5598	-9.7949	-8.3894	-4.3606	-7.3672	1.7365	-7.8784	-47.2709	-50.7861	-4.9415	-40.4780	-8.6649	-33.0523	-4.9415	-40.4780
pl02	07/02/2017 16:23:00	1.3256	0.0493	Mowie puku teraz	u	-54.2331	-45.1809	-59.2828	-34.3790	-60.5779	-22.3548	-56.6796	-11.3297	-48.1077	-4.4090	-37.4569	-2.1117	-27.6869	-7.5194	-22.9870	-11.5908	-18.1665	-14.2580	-14.2380	-17.4014	-11.0940	-21.9270	-45.4898	-52.8744	-2.2783	-44.1635	-6.9902	-35.3917	-2.2783	-44.1635
pl02	07/02/2017 16:23:05	1.5996	0.0781	Mowie pogo teraz	O	-54.9193	-47.0231	-59.9234	-36.4971	-60.6294	-24.7627	-57.5310	-13.2520	-49.3025	-6.3787	-39.0202	-2.9554	-26.1708	-4.3996	-20.9424	-6.9081	-16.5363	-9.5471	-14.7531	-16.4768	-12.6879	-20.7952	-46.4711	-51.6743	-4.7193	-43.4181	-9.0062	-35.2258	-4.7193	-43.4181
pl02	07/02/2017 16:23:11	1.4156	0.0844	Mowie paka teraz	a	-55.6970	-47.1691	-61.2984	-36.8194	-60.2498	-25.4500	-55.0768	-13.8931	-46.8105	-6.6349	-36.5454	-3.2652	-26.4694	-7.4411	-20.9077	-9.8261	-16.2825	-12.5280	-12.7320	-16.3130	-10.3491	-21.1073	-46.6924	-51.2990	-6.2053	-42.8743	-9.6637	-35.3306	-6.2053	-42.8743
pl02	07/02/2017 16:23:16	1.3880	0.0840	Mowie poto teraz	O	-55.6523	-46.5132	-60.9342	-36.3749	-61.3334	-24.4089	-53.2841	-15.7716	-41.7361	-13.2576	-31.2682	-12.9037	-20.6897	-12.2684	-15.2331	-11.2230	-9.7335	-9.9410	-4.6388	-8.7419	1.2257	-8.4542	-46.8162	-50.5321	-5.1507	-39.9700	-8.9157	-32.5244	-5.1507	-39.9700
pl02	07/02/2017 16:23:22	1.3812	0.0566	Mowie pugu teraz	u	-50.0618	-43.4585	-55.9045	-33.6805	-58.8046	-22.8293	-55.0339	-11.1064	-46.6420	-2.1941	-39.3274	0.0447	-27.5671	-0.7413	-21.7978	-4.1460	-16.8488	-6.7294	-11.9503	-10.4171	-9.6912	-15.9479	-44.7831	-52.7616	-0.5001	-41.6580	-6.3834	-33.3545	-0.5001	-41.6580
pl02	07/02/2017 16:23:27	1.4187	0.0813	Mowie podo teraz	O	-55.6728	-46.4086	-60.7226	-36.1445	-61.4268	-23.1918	-54.7862	-13.7306	-42.5433	-10.8116	-31.0552	-11.1604	-19.9959	-12.0004	-14.1461	-10.5218	-8.5059	-9.0326	-2.7715	-7.4388	3.3013	-7.0436	-45.1174	-51.7685	-4.6388	-40.5428	-8.6865	-33.5753	-4.6388	-40.5428
pl02	07/02/2017 16:23:32	1.3249	0.0727	Mowie putu teraz	u	-51.6146	-44.3359	-57.8795	-33.9697	-60.6086	-20.9395	-54.2691	-10.2840	-43.9783	-3.9221	-32.9758	-2.9422	-22.2165	-7.7288	-17.0268	-8.5766	-11.1433	-7.8560	-5.6385	-6.3890	0.1254	-6.0176	-43.5660	-51.1007	-3.4365	-39.4901	-7.6573	-31.0590	-3.4365	-39.4901
pl02	07/02/2017 16:23:37	1.2811	0.0771	Mowie poko teraz	O	-56.4048	-48.4440	-61.4235	-37.6066	-60.3739	-26.2502	-55.9400	-14.2320	-47.9669	-6.5074	-37.4515	-3.2908	-26.9207	-6.9931	-21.5087	-9.7179	-17.6506	-12.5880	-14.8903	-16.9635	-12.7066	-21.2524	-46.9219	-52.2873	-5.3482	-41.6222	-8.9838	-34.2329	-5.3482	-41.6222
pl02	07/02/2017 16:23:42	1.1394	0.0862	Mowie pada teraz	a	-56.3079	-48.6694	-60.3607	-38.1396	-58.0942	-27.3929	-51.3293	-18.7781	-40.0863	-13.9339	-29.8055	-11.3313	-18.7824	-9.9345	-12.9029	-8.5618	-7.8560	-7.6122	-1.9675	-7.3244	5.0560	-8.6502	-47.0394	-51.9419	-4.7118	-40.0322	-8.0478	-32.9311	-4.7118	-40.0322
pl02	07/02/2017 16:23:47	1.1699	0.0900	Mowie pudu teraz	u	-48.6246	-45.4005	-54.0790	-35.1075	-57.3739	-23.5150	-54.3706	-11.6856	-44.9193	-4.3265	-33.3385	-2.0207	-23.3526	-7.9785	-17.9984	-9.6130	-11.8742	-9.0498	-6.2417	-7.4918	-0.4358	-6.0816	-43.3259	-51.2799	-3.6955	-36.0163	-8.2190	-28.9584	-3.6955	-36.0163
pl02	07/02/2017 16:23:51	1.3244	0.1074	Mowie paga teraz	a	-55.7785	-49.0758	-60.0092	-37.1846	-58.3001	-25.0756	-54.6111	-12.9274	-46.1460	-5.2371	-35.9069	-1.4566	-24.8675	-3.7342	-19.2504	-7.2509	-14.5875	-10.9560	-11.1654	-15.8393	-9.8816	-19.9909	-46.9281	-52.5503	-4.6340	-41.5153	-7.5353	-34.1836	-4.6340	-41.5153
pl02	07/02/2017 16:24:39	1.6793	0.0732	Mowie pata teraz	a	-56.0701	-48.9102	-59.8832	-38.0618	-58.2087	-27.5564	-52.3763	-18.4126	-42.9367	-12.9545	-31.8955	-10.7528	-21.0626	-10.6683	-15.4235	-9.8796	-9.6090	-9.1233	-4.1042	-8.8120	1.4551	-9.8039	-47.3705	-52.5117	-5.0845	-41.0361	-8.2071	-33.2408	-5.0845	-41.0361
pl02	07/02/2017 16:24:44	1.2230	0.0537	Mowie puku teraz	u	-52.8948	-45.9323	-58.2196	-34.8008	-59.8873	-22.3133	-56.3307	-11.0693	-48.0374	-1.8828	-37.8411	1.6871	-27.9669	-2.2559	-22.3763	-5.5053	-17.2158	-8.4071	-8.9139	3.0280	-12.5986	-18.0653	-45.5118	-52.2896	-2.3633	-43.3365	-6.6555	-33.2585	-2.3633	-43.3365
pl02	07/02/2017 16:24:49	1.1017	0.0840	Mowie pogo teraz	O	-54.9812	-48.3942	-59.5816	-37.1857	-60.1840	-24.7545	-57.1906	-12.9200	-49.4335	-4.4282	-38.7700	-0.6136	-27.9344	-5.4217	-22.3794	-8.0951	-17.2545	-11.2835	-13.8126	-15.2353	-11.8202	-19.9866	-46.5210	-52.8071	-4.9719	-41.6150	-7.7626	-34.1368	-4.9719	-41.6150
pl02	07/02/2017 16:24:54	1.2174	0.0996	Mowie paka teraz	a	-56.3152	-46.4065	-60.7071	-35.1325	-57.9241	-24.2117	-50.6659	-13.0318	-44.9020	-3.1321	-35.0819	0.2336	-24.4452	-4.0983	-19.4244	-7.8661	-15.4317	-11.8328	-12.9179	-16.0544	-11.0276	-20.8735	-46.6086	-50.6120	-4.4501	-42.3683	-7.5645	-34.8341	-4.4501	-42.3683
pl02	07/02/2017 16:24:59	1.2063	0.0879	Mowie poto teraz	O	-54.2849	-47.4145	-59.2380	-36.9193	-58.5370	-24.6055	-53.1611	-13.8263	-41.7404	-9.0167	-31.2981	-9.2456	-19.8908	-10.8732	-14.6298	-10.2855	-8.8113	-8.8964	-3.0320	-7.5942	2.7277	-7.5247	-45.4323	-50.3413	-4.4797	-39.6468	-7.8552	-31.6622	-4.4797	-39.6468
pl02	07/02/2017 16:25:04	1.2429	0.0566	Mowie pugu teraz	u	-54.2822	-45.0329	-60.4491	-33.8956	-63.2229	-22.4270	-57.0746	-11.3202	-48.8036	-3.9932	-38.7349	-1.3201	-28.5239	-5.6343	-23.2314	-9.4496	-18.3934	-12.5602	-14.4553	-15.7539	-11.5375	-19.4157	-45.5364	-52.5220	-2.2405	-39.7088	-7.1608	-32.2929	-2.2405	-39.7088
pl02	07/02/2017 16:25:09	1.2366	0.0751	Mowie podo teraz	O	-56.2289	-49.5909	-61.2502	-39.6386	-61.9446	-27.6143	-57.3893	-17.7686	-47.1581	-13.2462	-35.5089	-13.3412	-24.8230	-13.1318	-18.9326	-12.0330	-11.7146	-10.9560	-6.2127	-9.3116	-1.0128	-8.7158	-47.4777	-52.7971	-4.1834	-39.8302	-9.0746	-31.8329	-4.1834	-39.8302
pl02	07/02/2017 16:25:14	1.2680	0.0859	Mowie putu teraz	u	-52.8150	-43.2913	-59.0494	-31.6833	-60.8573	-19.3328	-53.2493	-9.9876	-43.2882	-4.4829	-32.4148	-2.9814	-22.1023	-7.4076	-16.1776	-8.1780	-10.4274	-6.9942	-4.8948	-5.8346	1.6238	-5.6984	-44.7871	-51.9626	-3.3517	-40.3251	-7.5016	-31.7512	-3.3517	-40.3251
pl02	07/02/2017 16:25:19	1.2174	0.0545	Mowie poko teraz	O	-54.9471	-47.9241	-60.2790	-37.3827	-60.8350	-25.1009	-55.7081	-13.9163	-47.0171	-6.6080	-36.1641	-3.9640	-25.8869	-7.4541	-20.3246	-10.2841	-15.7831	-12.8888	-12.2864	-17.1363	-9.3914	-21.3173	-46.1157	-51.3475	-5.3449	-42.6398	-8.4068	-35.8098	-5.3449	-42.6398
pl02	07/02/2017 16:25:24	1.1198	0.1035	Mowie pada teraz	a	-56.6696	-48.3721	-61.0692	-38.0162	-59.5456	-27.5992	-52.4826	-19.1036	-42.3535	-14.4199	-30.9358	-11.9599	-19.5842	-10.3293	-14.0320	-9.0727	-8.5789	-7.8943	-2.8744	-6.6221	3.1969	-6.2896	-47.6396	-51.4636	-4.1970	-39.8392	-7.8604	-32.2130	-4.1970	-39.8392
pl02	07/02/2017 16:25:28	1.1974	0.0498	Mowie pudu teraz	u	-50.8290	-45.5050	-57.8938	-35.4966	-60.2919	-22.6550	-54.7639	-11.3905	-43.8567	-4.9752	-32.5783	-5.0608	-21.6682	-9.4320	-15.8678	-9.4607	-10.2674	-8.0374	-4.6019	-6.5761	2.2666	-6.6158	-42.2908	-49.6121	-3.2060	-39.8255	-7.6691	-30.9427	-3.2060	-39.8255
pl02	07/02/2017 16:25:33	1.0726	0.1064	Mowie paga teraz	a	-56.0808	-48.1751	-60.7586	-36.4587	-58.3713	-24.8068	-53.7077	-12.8607	-46.4287	-4.8099	-35.5617	-0.8222	-24.3818	-3.1477	-19.3314	-7.0334	-14.8053	-10.7697	-11.8263	-15.7574	-9.4356	-20.3237	-47.3752	-51.6701	-4.3680	-41.2051	-8.2835	-33.6498	-4.3680	-41.2051
pl02	07/02/2017 16:25:49	1.3169	0.0703	Mowie pata teraz	a	-55.4012	-46.7831	-59.2017	-36.2067	-56.8581	-25.6813	-49.8648	-17.5173	-39.5624	-12.9868	-29.3890	-10.5789	-19.3973	-8.3361	-13.7924	-6.9506	-8.4756	-5.6973	-3.0797	-5.3564	3.3846	-5.1282	-47.3505	-51.0014	-3.9212	-39.2841	-7.4002	-31.2191	-3.9212	-39.2841
pl02	07/02/2017 16:25:54	1.2178	0.0830	Mowie puku teraz	u	-52.2273	-43.9948	-58.2439	-33.4418	-60.1865	-21.3733	-56.3825	-10.6972	-47.5864	-2.6996	-36.9589	-0.3767	-26.6490	-5.3288	-21.7684	-9.9587	-17.4331	-12.9136	-13.4167	-15.9657	-10.6269	-20.2261	-46.2267	-53.4087	-1.2995	-42.6111	-7.4578	-33.5372	-1.2995	-42.6111
pl02	07/02/2017 16:25:59	1.2381	0.0742	Mowie pogo teraz	O	-55.3025	-49.1881	-60.1893	-37.8721	-60.0186	-25.8871	-55.7105	-13.6731	-47.8235	-6.0515	-36.5421	-2.4053	-25.9938	-6.2337	-20.9376	-9.4593	-16.6602	-13.2199	-13.2646	-16.7800	-10.7836	-21.0911	-46.3213	-52.4384	-5.0344	-41.7030	-8.2981	-34.5481	-5.0344	-41.7030
pl02	07/02/2017 16:26:04	1.2361	0.0810	Mowie paka teraz	a	-56.6725	-48.4069	-61.1799	-36.7766	-58.3690	-25.9947	-52.4401	-14.1155	-45.9303	-5.4556	-35.6195	-2.3496	-24.5004	-5.2542	-19.6521	-8.3544	-15.2843	-11.3416	-12.4541	-15.5348	-11.1554	-19.9830	-47.1200	-51.7117	-37.2301	-51.8596	-8.0003	-33.1761	-37.2301	-51.8596
pl02	07/02/2017 16:26:10	1.4620	0.0656	Mowie poto teraz	O	-55.7260	-48.1496	-60.9483	-37.7200	-60.2972	-24.6687	-54.6464	-14.5068	-42.6312	-11.2647	-31.3510	-11.4148	-20.6674	-11.2277	-15.1090	-10.0611	-9.5432	-8.0989	-3.7818	-6.8856	2.5894	-7.0554	-45.9439	-52.1477	-4.2868	-40.1458	-8.3474	-32.1600	-4.2868	-40.1458
pl02	07/02/2017 16:26:15	1.4376	0.0654	Mowie pugu teraz	u	-52.8067	-46.3871	-57.5155	-34.8832	-58.0882	-22.0941	-55.5063	-10.1968	-46.2877	-2.8755	-36.3281	-0.5883	-26.6544	-5.9557	-22.2600	-10.1833	-18.1549	-13.5929	-14.8607	-17.0934	-12.6264	-21.2484	-44.8892	-51.4852	-4.7265	-40.6458	-8.3641	-33.8762	-4.7265	-40.6458
pl02	07/02/2017 16:26:21	1.6751	0.0705	Mowie podo teraz	O	-55.9913	-49.1629	-61.0442	-38.1690	-61.3528	-25.2332	-55.2657	-15.3688	-43.4669	-10.9739	-31.8834	-10.7189	-20.5262	-10.9960	-15.0478	-9.4045	-9.3475	-7.8597	-3.9615	-6.9358	2.2774	-7.1972	-46.7759	-52.3256	-4.6816	-41.0879	-8.9708	-33.7894	-4.6816	-41.0879
pl02	07/02/2017 16:26:26	1.5987	0.0590	Mowie putu teraz	u	-49.8689	-44.0720	-55.3270	-32.9829	-58.8648	-20.4449	-53.2538	-9.0361	-43.2234	-3.0345	-32.0947	-2.5010	-22.4516	-7.9359	-16.7808	-9.2456	-10.8061	-9.1604	-5.1251	-7.7631	1.2972	-7.3612	-43.4914	-51.7241	-3.4181	-40.3113	-7.7015	-32.0772	-3.4181	-40.3113
pl02	07/02/2017 16:26:31	1.3174	0.0732	Mowie poko teraz	O	-56.3585	-48.2374	-60.9184	-36.9560	-59.5380	-25.3151	-55.2571	-13.7039	-47.7417	-6.1680	-37.5151	-2.8409	-27.0246	-6.7279	-21.6381	-9.5846	-17.4066	-12.8915	-14.1351	-16.9192	-12.5332	-21.2636	-46.0762	-51.6553	-5.4063	-41.8927	-8.3005	-34.6796	-5.4063	-41.8927
pl02	07/02/2017 16:26:37	1.2529	0.0833	Mowie pada teraz	a	-56.2140	-50.1344	-60.8203	-39.2738	-59.5082	-28.5134	-53.2505	-18.7274	-44.1032	-12.8273	-33.0483	-11.5846	-22.9082	-12.7855	-16.8885	-12.5518	-11.6471	-12.1629	-6.9149	-12.3298	-2.0347	-14.5971	-47.5113	-52.8439	-4.7083	-40.6844	-8.4483	-33.2742	-4.7083	-40.6844
pl02	07/02/2017 16:26:42	1.3619	0.0682	Mowie pudu teraz	u	-52.5912	-42.9474	-58.2612	-32.2902	-61.2856	-20.6333	-54.2858	-10.4763	-43.8599	-4.6805	-32.3271	-4.4087	-21.5211	-7.7249	-15.6762	-8.2173	-9.7544	-7.5029	-4.2799	-6.0679	2.1980	-5.6675	-45.3254	-52.5936	-3.7220	-41.9954	-7.9568	-33.4471	-3.7220	-41.9954
pl02	07/02/2017 16:26:47	1.2599	0.0744	Mowie paga teraz	a	-55.6225	-49.1790	-59.8188	-37.7862	-58.2886	-25.3125	-55.3763	-13.0602	-47.0607	-4.8116	-35.4129	-1.5213	-24.2863	-4.4103	-19.3716	-7.7373	-15.3088	-11.9232	-11.9245	-16.9989	-10.2851	-20.6764	-46.7364	-52.5215	-4.2979	-41.3337	-7.9140	-33.9970	-4.2979	-41.3337
pl02	07/02/2017 16:27:04	1.6152	0.0644	Mowie pata teraz	a	-56.4592	-46.7146	-61.2141	-36.3345	-59.7892	-25.0483	-51.5707	-17.4865	-41.1139	-13.0857	-30.8250	-11.2721	-20.5348	-10.4865	-14.6291	-9.3431	-9.2679	-7.9569	-4.2352	-7.1941	2.2647	-7.8211	-47.3646	-50.9958	-4.7897	-38.5127	-8.1385	-30.9644	-4.7897	-38.5127
pl02	07/02/2017 16:27:10	1.3950	0.0500	Mowie puku teraz	u	-53.0555	-44.6223	-58.9490	-34.5088	-60.5386	-22.3170	-56.7839	-11.1225	-47.7361	-4.3109	-36.7345	-2.6415	-27.2349	-8.2383	-22.4315	-11.8905	-17.6715	-14.2116	-13.6846	-17.1637	-10.9471	-20.9376	-45.4187	-52.6582	-3.2429	-43.4955	-7.2194	-34.7162	-3.2429	-43.4955
pl02	07/02/2017 16:27:15	1.2235	0.0649	Mowie pogo teraz	O	-55.0510	-47.9941	-59.7537	-36.7679	-60.2500	-24.7273	-56.3995	-12.0066	-47.9234	-4.3236	-37.1858	-1.1968	-26.8069	-5.9827	-21.9114	-9.5475	-17.5139	-13.2936	-14.3968	-17.0415	-11.9890	-21.6610	-46.3823	-52.1916	-4.9071	-41.0627	-8.2157	-33.8302	-4.9071	-41.0627
pl02	07/02/2017 16:27:20	1.1920	0.0820	Mowie paka teraz	a	-56.2133	-47.1278	-60.3554	-35.4765	-57.7778	-24.4111	-52.9958	-12.2641	-45.4565	-4.1709	-34.7325	-2.1434	-24.1831	-5.7459	-18.9880	-9.1423	-15.0791	-13.1622	-12.2010	-16.9931	-10.4005	-21.6392	-46.8544	-51.2393	-5.0564	-42.3088	-8.2574	-34.9235	-5.0564	-42.3088
pl02	07/02/2017 16:27:25	1.4519	0.0661	Mowie poto teraz	O	-56.1480	-45.9920	-60.4840	-35.9026	-59.6988	-24.0938	-52.4470	-15.6392	-40.5619	-12.9251	-29.7451	-11.9710	-18.8840	-10.3142	-13.0300	-9.3921	-7.7293	-8.0634	-2.4243	-6.9409	3.5908	-7.6173	-46.7860	-50.3127	-4.8247	-40.9427	-8.3034	-33.2579	-4.8247	-40.9427
pl02	07/02/2017 16:27:30	1.3232	0.0400	Mowie pugu teraz	u	-53.8753	-45.3661	-59.3726	-34.9475	-61.0852	-22.9866	-57.3731	-11.4893	-49.7087	-3.9253	-39.6911	-1.0439	-29.3953	-4.9121	-23.6439	-8.1937	-18.6708	-11.0767	-14.8786	-14.5781	-13.5594	-20.1679	-45.0611	-52.6579	-1.9149	-41.6078	-6.8401	-33.0088	-1.9149	-41.6078
pl02	07/02/2017 16:27:35	1.3919	0.0922	Mowie podo teraz	O	-55.7403	-49.2803	-60.8869	-38.2496	-60.9847	-25.4241	-54.9229	-15.2412	-43.4940	-10.6286	-31.7370	-10.3519	-19.8443	-10.4244	-14.6418	-9.3033	-9.0385	-7.8186	-3.5918	-6.5218	2.5144	-6.1304	-46.1993	-52.5045	-4.6891	-40.8700	-8.9414	-33.5485	-4.6891	-40.8700
pl02	07/02/2017 16:27:40	1.2338	0.0494	Mowie putu teraz	u	-49.6590	-42.5306	-56.7070	-30.6747	-57.6883	-17.6584	-52.3725	-7.9907	-42.1549	-2.6644	-31.8406	-1.8345	-22.1704	-7.8124	-16.8976	-9.0962	-10.8611	-8.9549	-5.8020	-8.2499	0.2786	-8.4741	-44.0240	-52.2886	-3.8550	-41.1626	-7.7027	-32.8284	-3.8550	-41.1626
pl02	07/02/2017 16:27:46	1.2379	0.0918	Mowie poko teraz	O	-55.1506	-47.7457	-59.7132	-35.8329	-58.5233	-23.8267	-54.4171	-11.9610	-46.2409	-4.2163	-35.0232	-1.2349	-24.3901	-6.1656	-19.6208	-10.4854	-15.9135	-13.1499	-12.7067	-16.9253	-10.1751	-22.1319	-46.7272	-51.5328	-5.2984	-42.4357	-8.2774	-35.1564	-5.2984	-42.4357
pl02	07/02/2017 16:27:51	1.1902	0.0994	Mowie pada teraz	a	-55.5998	-48.1556	-60.4525	-37.6874	-58.6384	-26.4000	-51.7646	-18.5426	-41.8443	-14.2871	-31.3813	-12.1991	-21.3630	-9.3215	-15.9457	-7.8968	-10.3192	-6.1955	-4.7543	-4.9070	1.0397	-4.3085	-47.1046	-52.1738	-4.0396	-38.3483	-7.5172	-29.9070	-4.0396	-38.3483
pl02	07/02/2017 16:27:56	1.4732	0.0767	Mowie pudu teraz	u	-51.4416	-44.4105	-57.1330	-34.1720	-59.4653	-21.9452	-54.2060	-10.4405	-44.1339	-4.4241	-32.3741	-3.2316	-21.2674	-6.5905	-15.4173	-6.5339	-9.5133	-5.7191	-3.8362	-5.0828	3.1022	-5.0249	-44.2290	-51.9650	-3.4630	-41.2818	-7.6448	-33.2718	-3.4630	-41.2818
pl02	07/02/2017 16:28:01	1.4858	0.0966	Mowie paga teraz	a	-55.5422	-48.5164	-59.5879	-36.8633	-57.5818	-24.8585	-54.4568	-12.6011	-46.6022	-4.4494	-35.3587	-1.4343	-24.2297	-5.3682	-19.2188	-9.1921	-15.4540	-13.0585	-12.2181	-16.9986	-9.9541	-20.8400	-47.1521	-51.8669	-5.0310	-41.8036	-8.3869	-34.6267	-5.0310	-41.8036
pl02	07/02/2017 16:28:15	1.3953	0.0956	Mowie pata teraz	a	-55.6076	-48.0957	-59.8562	-36.9698	-58.0654	-26.0252	-51.2916	-18.1004	-39.7157	-13.0227	-27.9510	-11.6450	-18.6386	-9.4658	-12.3304	-7.2321	-7.4421	-6.5159	-1.4263	-6.4976	4.3125	-7.7398	-47.3504	-51.6848	-5.2772	-40.3908	-8.3069	-34.3765	-5.2772	-40.3908
pl02	07/02/2017 16:28:20	1.2479	0.0500	Mowie puku teraz	u	-52.2793	-45.2102	-58.7181	-35.2686	-60.8035	-21.8516	-56.3565	-9.5441	-47.2407	-2.8405	-36.6253	-1.0308	-16.6927	21.2861	-13.5561	16.6969	-17.7419	-11.5911	-13.9136	-14.2112	-11.4636	-17.8635	-42.7871	-51.2712	-1.5299	-34.9088	-5.9682	-28.4142	-1.5299	-34.9088
pl02	07/02/2017 16:28:25	1.4038	0.0781	Mowie pogo teraz	O	-54.9606	-49.2376	-59.7607	-37.8195	-59.8404	-25.1939	-56.6623	-13.1383	-48.2730	-5.0606	-36.4232	-2.8870	-26.2518	-7.6263	-21.0486	-10.7714	-16.9180	-14.1508	-14.2552	-17.5174	-12.0655	-21.7039	-46.3430	-52.4564	-4.6800	-43.1105	-8.1960	-35.8495	-4.6800	-43.1105
pl02	07/02/2017 16:28:30	1.4448	0.0908	Mowie paka teraz	a	-56.6961	-48.2986	-61.3030	-37.0324	-58.3912	-25.7686	-54.1844	-14.4630	-47.2752	-5.5711	-36.7262	-2.4396	-25.4256	-5.1636	-19.8565	-8.8243	-15.9553	-12.3621	-13.3084	-16.8057	-11.4189	-21.5293	-46.9737	-51.8930	-5.3249	-42.0390	-8.1494	-34.9249	-5.3249	-42.0390
pl02	07/02/2017 16:28:36	1.2229	0.0751	Mowie poto teraz	O	-55.2188	-50.0699	-61.6733	-39.7251	-62.9460	-26.8214	-56.9526	-16.0021	-45.2978	-9.5683	-32.3264	-9.0371	-20.6921	-10.6940	-15.1144	-10.2145	-9.1849	-8.7064	-3.2844	-7.6638	2.6597	-8.3797	-46.1752	-52.7396	-5.0397	-41.4205	-9.1845	-34.2334	-5.0397	-41.4205
pl02	07/02/2017 16:28:41	1.2371	0.0488	Mowie pugu teraz	u	-50.7093	-45.0477	-56.4380	-34.1009	-57.4085	-22.3600	-53.8999	-11.3923	-46.6204	-2.8890	-35.2642	0.2654	-25.7451	-4.1422	-21.0202	-8.5163	-16.8386	-11.8497	-13.7966	-16.4537	-12.0747	-21.1594	-45.2816	-54.0202	-5.0092	-42.0328	-8.8079	-34.5602	-5.0092	-42.0328
pl02	07/02/2017 16:28:46	1.4337	0.0940	Mowie podo teraz	O	-55.4459	-48.4573	-61.1688	-38.0515	-62.6567	-25.1960	-56.2676	-15.4249	-44.6955	-10.8267	-32.7433	-10.5426	-21.2449	-11.8481	-15.4181	-10.7121	-9.2849	-9.1985	-3.7179	-7.7126	3.0152	-6.4833	-46.2994	-52.2308	-4.2835	-40.9244	-8.3324	-32.8838	-4.2835	-40.9244
pl02	07/02/2017 16:28:51	1.4722	0.0703	Mowie putu teraz	u	-48.2971	-44.5209	-54.4513	-34.1730	-56.9334	-21.6768	-52.9074	-10.8312	-43.6085	-3.2505	-32.1042	-1.0215	-21.4224	-5.8824	-16.0259	-6.7663	-10.1337	-6.1179	-4.2059	-5.3567	2.3470	-5.7620	-42.6175	-50.7599	-4.2500	-41.5882	-8.1922	-33.3937	-4.2500	-41.5882
pl02	07/02/2017 16:28:57	1.3885	0.0713	Mowie poko teraz	O	-55.2135	-49.4783	-59.0973	-38.3305	-59.1689	-26.1055	-55.6052	-13.9502	-48.3586	-5.9945	-37.4580	-2.9049	-26.8390	-6.1370	-20.8063	-8.7600	-16.1260	-11.1775	-12.9701	-15.6763	-10.9536	-20.0642	-46.3749	-53.1659	-5.1258	-41.6549	-7.5480	-33.5810	-5.1258	-41.6549
pl02	07/02/2017 16:29:03	1.3462	0.0722	Mowie pada teraz	a	-56.6997	-47.1839	-61.0173	-37.1941	-59.9465	-26.2150	-52.5279	-18.9987	-41.6919	-15.7333	-31.3496	-14.4961	-20.3701	-11.3983	-14.8545	-9.2352	-9.1007	-7.5383	-3.7544	-6.6886	2.7917	-7.0945	-47.6184	-51.5005	-4.7397	-39.6240	-8.3083	-31.9836	-4.7397	-39.6240
pl02	07/02/2017 16:29:08	1.3432	0.0685	Mowie pudu teraz	u	-51.6320	-44.5131	-59.1378	-35.1955	-63.0056	-21.7639	-55.7492	-10.2100	-44.6651	-4.0256	-32.9693	-3.0728	-21.9948	-6.7652	-15.3997	-6.6987	-9.2357	-6.2105	-3.1753	-4.9280	3.5307	-5.3191	-43.0544	-50.2880	-2.9824	-40.5673	-7.6211	-32.1684	-2.9824	-40.5673
pl02	07/02/2017 16:29:14	1.2712	0.0908	Mowie paga teraz	a	-55.2156	-51.6663	-60.0590	-40.5954	-59.7886	-27.7709	-55.7359	-15.4376	-49.1666	-6.3779	-38.0228	-2.2983	-26.9813	-4.6645	-21.5609	-7.9042	-16.6870	-10.9624	-13.0620	-15.3219	-11.2579	-20.3120	-46.5105	-54.5133	-3.0850	-41.8980	-7.4813	-34.0708	-3.0850	-41.8980
pl02	07/02/2017 16:29:32	1.2423	0.0722	Mowie pata teraz	a	-56.3427	-47.4067	-60.1835	-36.9204	-58.0761	-26.3581	-50.8471	-17.7751	-40.9749	-12.4695	-30.0433	-11.5135	-19.4136	-11.4548	-13.6838	-10.7267	-8.1225	-10.1463	-2.8795	-9.1711	2.4476	-9.5772	-46.5491	-51.6298	-4.8158	-40.5979	-8.3710	-32.6599	-4.8158	-40.5979
pl02	07/02/2017 16:29:37	1.3736	0.0441	Mowie puku teraz	u	-53.4731	-46.8829	-59.5825	-36.3106	-61.8114	-24.0186	-58.1087	-11.9546	-50.4361	-3.8834	-39.2161	-0.1237	-28.6331	-5.8737	-23.9388	-9.3357	-18.7084	-11.6005	-14.8981	-14.1395	-11.5836	-18.2984	-45.1334	-52.0994	-1.0939	-41.6026	-6.5659	-32.4594	-1.0939	-41.6026
pl02	07/02/2017 16:29:42	1.4206	0.0635	Mowie pogo teraz	O	-55.1667	-49.1126	-60.6646	-38.5157	-61.2376	-25.7083	-56.6599	-13.4592	-48.7583	-5.3245	-37.3227	-1.3770	-26.7913	-5.9037	-22.0969	-9.9382	-17.7108	-13.4622	-13.7124	-17.5993	-10.8460	-21.1657	-46.6015	-52.8505	-5.3405	-41.6428	-8.6547	-34.2206	-5.3405	-41.6428
pl02	07/02/2017 16:29:47	1.1848	0.0888	Mowie paka teraz	a	-56.8540	-46.2695	-60.8771	-34.5212	-57.9047	-23.7897	-52.0283	-11.8039	-45.1166	-4.1099	-34.6174	-1.0894	-24.1114	-5.3945	-19.3748	-9.4910	-15.4969	-12.7450	-12.5330	-16.3454	-10.5747	-20.9969	-46.9028	-50.5184	-4.7207	-42.0847	-8.4174	-34.6793	-4.7207	-42.0847
pl02	07/02/2017 16:29:52	1.4558	0.0849	Mowie poto teraz	O	-55.4458	-47.0458	-60.7121	-37.7370	-60.8942	-26.0147	-55.5793	-16.0918	-44.7024	-12.9142	-33.6387	-13.4037	-22.8259	-12.8081	-17.6397	-11.2271	-11.7953	-9.3586	-6.7276	-7.6047	-0.8892	-6.4505	-46.8328	-50.8519	-4.0595	-40.2507	-8.0016	-32.3095	-4.0595	-40.2507
pl02	07/02/2017 16:29:58	1.3045	0.0498	Mowie pugu teraz	u	-53.4063	-46.6112	-59.2457	-36.3794	-60.7606	-24.0295	-57.5284	-12.4123	-50.0444	-4.3018	-39.3535	-1.2345	-28.4069	-4.8489	-22.9984	-8.2113	-17.6965	-10.1480	-13.0423	-12.9449	-10.3215	-17.9758	-45.4994	-54.1280	-1.0527	-42.0789	-6.2381	-33.1782	-1.0527	-42.0789
pl02	07/02/2017 16:30:03	1.3978	0.1118	Mowie podo teraz	O	-56.1245	-46.9225	-61.3206	-36.4135	-61.7105	-24.1384	-55.8082	-13.5995	-44.6521	-8.2107	-32.9972	-8.8129	-21.0721	-11.0659	-15.6439	-10.8853	-9.8673	-9.9751	-4.4391	-8.6770	1.8188	-6.6741	-46.7543	-51.1639	-3.9778	-39.6107	-8.6538	-31.5968	-3.9778	-39.6107
pl02	07/02/2017 16:30:08	1.3965	0.0690	Mowie putu teraz	u	-51.9091	-43.7135	-58.6457	-33.0829	-61.1046	-20.2602	-54.5758	-9.5832	-43.5642	-4.1688	-32.4111	-4.1450	-21.8501	-8.1910	-16.2344	-8.3039	-10.7478	-7.1138	-5.2067	-6.0562	0.7475	-5.5075	-42.9847	-50.9276	-4.0952	-41.0392	-8.4207	-33.1826	-4.0952	-41.0392
pl02	07/02/2017 16:30:14	1.3554	0.0674	Mowie poko teraz	O	-56.2810	-47.3210	-60.6641	-35.8814	-58.9789	-24.3539	-53.6665	-12.4663	-45.4588	-4.3871	-35.1855	-2.6240	-24.8671	-6.8068	-19.9698	-9.8581	-14.9528	-13.1480	-11.6537	-16.6623	-9.6352	-20.5321	-46.4662	-51.7252	-4.6835	-41.8841	-7.1304	-34.1185	-4.6835	-41.8841
pl02	07/02/2017 16:30:19	1.4311	0.0859	Mowie pada teraz	a	-55.3633	-48.6554	-60.1422	-37.1734	-58.9432	-25.8136	-51.1845	-17.3519	-40.6193	-12.9686	-29.7486	-11.0666	-19.3661	-8.8492	-13.2013	-6.9113	-7.7525	-6.2332	-2.1192	-6.2509	4.3496	-6.7741	-46.9651	-52.1553	-4.4423	-39.7015	-7.4090	-31.9746	-4.4423	-39.7015
pl02	07/02/2017 16:30:24	1.5359	0.0888	Mowie pudu teraz	u	-49.7285	-45.3376	-55.0140	-34.9294	-58.4025	-23.1880	-54.9130	-10.9119	-44.7929	-4.1087	-33.4270	-2.3434	-22.6532	-7.3914	-17.2879	-8.9854	-11.2713	-8.3823	-5.7075	-6.4235	0.3323	-4.9466	-43.6785	-51.4456	-3.0255	-37.6367	-7.6914	-29.2754	-3.0255	-37.6367
pl02	07/02/2017 16:30:30	1.3586	0.0834	Mowie paga teraz	a	-55.7756	-48.8878	-59.7736	-37.3600	-57.4748	-25.3149	-54.0380	-13.6137	-46.9167	-4.7334	-36.3784	-0.7433	-25.4488	-3.6760	-20.3412	-7.5323	-15.3084	-10.7381	-11.7743	-15.0158	-9.3840	-19.7339	-46.6793	-53.0107	-3.6725	-41.6230	-7.7604	-32.8170	-3.6725	-41.6230
pl02	07/02/2017 16:30:46	1.4549	0.0849	Mowie pata teraz	a	-56.7317	-47.4922	-60.3551	-37.1906	-57.6642	-26.7761	-49.6319	-17.5424	-40.3055	-12.4362	-29.8278	-10.7683	-19.1379	-10.7465	-13.5557	-10.7798	-8.3683	-9.9335	-3.5209	-9.3684	2.3523	-10.0503	-47.2071	-51.3641	-4.9056	-40.1511	-8.0447	-32.8205	-4.9056	-40.1511
pl02	07/02/2017 16:30:51	1.2655	0.0594	Mowie puku teraz	u	-51.1328	-44.8063	-57.2875	-34.3811	-59.3811	-22.1780	-56.5536	-11.0008	-48.2810	-2.9523	-37.4350	-0.5061	-27.6806	-5.9897	-22.7137	-8.7985	-18.2148	-11.5021	-14.7165	-14.8892	-12.6828	-19.9620	-45.5163	-52.3782	-1.2059	-42.6407	-6.6378	-33.1795	-1.2059	-42.6407
pl02	07/02/2017 16:30:56	1.2119	0.0995	Mowie pogo teraz	O	-56.2064	-49.3802	-59.7437	-38.0143	-58.2084	-25.5743	-55.9353	-13.4573	-48.7466	-5.3829	-38.4972	-1.9496	-27.5824	-4.4461	-22.0133	-7.6836	-17.2868	-10.5192	-13.2141	-14.6120	-11.1900	-19.7248	-47.2813	-53.7270	-4.0380	-42.1113	-8.4075	-33.6854	-4.0380	-42.1113
pl02	07/02/2017 16:31:01	1.2778	0.0957	Mowie paka teraz	a	-56.9745	-48.3968	-61.1980	-36.4977	-57.8002	-25.2444	-51.7466	-12.9246	-45.0496	-5.1970	-34.2209	-2.2353	-23.5640	-5.5747	-18.8969	-8.9754	-14.3018	-12.5751	-10.6309	-16.2354	-8.6486	-20.8813	-47.3020	-51.8962	-4.2603	-42.2354	-7.6761	-34.6571	-4.2603	-42.2354
pl02	07/02/2017 16:31:07	1.2443	0.0944	Mowie poto teraz	O	-55.6630	-47.3811	-60.1437	-36.9341	-59.5993	-25.2229	-54.4212	-14.1520	-43.2201	-9.2621	-31.8694	-9.3672	-20.3319	-10.0769	-14.5235	-9.1100	-8.6721	-7.4781	-3.0955	-6.4868	3.3531	-6.7446	-46.4047	-50.8878	-4.2416	-39.7060	-8.0748	-31.7455	-4.2416	-39.7060
pl02	07/02/2017 16:31:12	1.3602	0.0654	Mowie pugu teraz	u	-53.2101	-47.4543	-59.1233	-36.7266	-61.3930	-24.6570	-58.1668	-13.0033	-50.9052	-3.9387	-40.7977	0.1543	-29.3744	-3.8215	-24.0927	-6.0360	-19.3693	-8.8389	-15.6555	-13.8103	-13.7668	-19.4551	-46.9728	-56.6049	-1.4927	-42.4737	-7.1525	-33.2663	-1.4927	-42.4737
pl02	07/02/2017 16:31:17	1.4733	0.0745	Mowie podo teraz	O	-55.4433	-47.3658	-60.2893	-36.2625	-59.6662	-24.7858	-53.1298	-15.3159	-42.4484	-10.7061	-31.2367	-9.9920	-20.2851	-10.7798	-14.8496	-9.2341	-8.9823	-6.9446	-3.1710	-5.7104	3.2208	-5.8935	-46.5266	-51.9569	-3.2146	-38.3951	-7.1305	-29.6368	-3.2146	-38.3951
pl02	07/02/2017 16:31:22	1.4163	0.0737	Mowie putu teraz	u	-49.7987	-40.8712	-56.5942	-29.5198	-57.4824	-16.3624	-52.2256	-7.6968	-41.3736	-2.3025	-29.5306	-2.0082	-19.3718	-5.0034	-13.5883	-5.3778	-8.3788	-4.8548	-3.4926	-4.4491	2.4836	-4.7235	-43.9744	-50.4372	-5.0090	-41.1983	-9.3722	-33.1835	-5.0090	-41.1983
pl02	07/02/2017 16:31:27	1.1892	0.0600	Mowie poko teraz	O	-54.4790	-50.1231	-59.8377	-39.3608	-61.1341	-26.5817	-57.2224	-14.8633	-49.9783	-6.7022	-38.9639	-3.0016	-27.9472	-5.5824	-22.5827	-9.0935	-17.6920	-11.3632	-13.8038	-15.6072	-12.2343	-20.3525	-46.0298	-53.4392	-4.5950	-41.9031	-7.9957	-34.9177	-4.5950	-41.9031
pl02	07/02/2017 16:31:32	1.2411	0.0898	Mowie pada teraz	a	-56.1260	-48.8315	-60.4741	-37.7242	-58.8666	-26.4488	-50.4852	-17.8468	-39.5854	-14.0109	-27.6193	-11.4362	-18.1906	-8.8820	-12.4037	-7.5652	-7.1754	-7.1360	-1.4692	-6.1410	4.5128	-6.8543	-47.5459	-52.0344	-4.7350	-40.4002	-8.0565	-33.4931	-4.7350	-40.4002
pl02	07/02/2017 16:31:37	1.2827	0.0654	Mowie pudu teraz	u	-52.2674	-45.9328	-58.3405	-35.1518	-60.8206	-21.9290	-55.9695	-10.4455	-45.9273	-3.6783	-35.7736	-3.1727	-26.6127	-9.2842	-20.7583	-10.9461	-14.9867	-10.9882	-9.5925	-10.5322	-4.3783	-11.7357	-43.4242	-51.6074	-3.2216	-38.9756	-7.2136	-30.5673	-3.2216	-38.9756
pl02	07/02/2017 16:31:42	1.2023	0.1064	Mowie paga teraz	a	-55.6873	-48.4511	-58.9626	-36.7200	-57.5275	-24.6492	-54.6828	-12.1471	-46.8350	-3.8693	-36.0399	-0.3294	-24.6908	-3.5584	-19.0014	-6.4427	-14.3009	-9.2474	-10.9012	-13.5290	-8.5621	-18.6132	-46.2586	-52.4724	-3.0107	-39.8755	-6.6627	-31.1491	-3.0107	-39.8755
pl03	24/03/2017 14:44:27	1.6046	0.1052	Mowie paka teraz	a	-71.8459	-60.9943	-78.0446	-46.2450	-78.4013	-30.7278	-75.1565	-18.5236	-66.3101	-11.0110	-54.8065	-10.1166	-44.7666	-14.7602	-38.8740	-16.7079	-32.9749	-18.0251	-27.2036	-19.7620	-22.1193	-23.2886	-57.1404	-69.5174	-19.3836	-58.5427	-23.7971	-48.3141	-19.3836	-58.5427
pl03	24/03/2017 14:44:32	1.2401	0.0656	Mowie poko teraz	O	-72.0405	-61.1915	-80.7972	-47.6034	-83.9626	-31.3893	-78.5249	-18.2513	-68.3867	-12.8085	-57.8153	-11.9890	-48.0129	-19.2854	-42.7091	-22.6640	-37.6372	-21.8214	-31.8239	-23.5761	-26.0517	-27.6188	-55.6751	-68.3440	-18.4723	-57.2468	-22.6605	-47.3648	-18.4723	-57.2468
pl03	24/03/2017 14:44:36	1.1465	0.0818	Mowie pugu teraz	u	-70.5796	-64.9989	-79.0724	-49.4549	-83.9081	-32.7850	-80.2905	-17.7866	-71.1972	-10.2253	-59.6783	-8.3845	-49.9641	-15.4837	-45.1079	-20.1731	-38.4819	-21.7740	-32.0997	-24.8105	-26.4191	-27.2727	-55.6014	-72.7040	-17.4472	-55.5807	-21.7217	-46.3513	-17.4472	-55.5807
pl03	24/03/2017 14:44:40	1.3349	0.0885	Mowie podo teraz	O	-70.4943	-63.8570	-79.2575	-49.6497	-81.6710	-32.9058	-73.8776	-22.1815	-61.9999	-19.5515	-49.4072	-21.9590	-39.4657	-21.8973	-33.6030	-19.6894	-28.3554	-16.0310	-23.0375	-11.7586	-18.8475	-8.4898	-55.0410	-69.3924	-18.5653	-55.8240	-22.5992	-45.8843	-18.5653	-55.8240
pl03	24/03/2017 14:44:44	1.2321	0.0891	Mowie putu teraz	u	-68.1114	-62.1372	-76.1195	-47.2524	-79.8632	-31.7171	-75.4842	-17.6849	-64.9426	-10.0146	-52.8254	-11.0712	-41.5575	-15.0129	-35.2379	-14.4714	-28.2126	-12.9074	-21.4978	-10.9552	-14.8808	-9.8460	-55.2313	-70.7267	-17.8279	-54.0519	-22.3292	-44.2060	-17.8279	-54.0519
pl03	24/03/2017 14:44:48	1.3181	0.0783	Mowie poto teraz	O	-70.2486	-61.5884	-79.9585	-48.5680	-82.8161	-32.2590	-75.0740	-21.5662	-63.1195	-19.0802	-51.0116	-21.1981	-40.1415	-20.9545	-34.6345	-19.0664	-28.3357	-14.7759	-23.8893	-9.9099	-19.2841	-6.2798	-56.5198	-67.7782	-18.3799	-55.6916	-22.6254	-45.7331	-18.3799	-55.6916
pl03	24/03/2017 14:44:52	1.4706	0.0966	Mowie pada teraz	a	-73.3113	-60.1455	-80.7266	-47.2601	-78.4074	-33.5708	-69.9453	-24.6024	-58.7220	-21.8873	-48.5767	-20.6552	-37.7067	-19.1255	-32.8700	-17.1979	-26.6919	-13.8352	-22.1628	-9.7597	-17.8957	-7.2440	-57.0531	-66.1756	-18.8539	-57.6211	-22.7985	-47.6844	-18.8539	-57.6211
pl03	24/03/2017 14:44:56	1.2619	0.0489	Mowie puku teraz	u	-69.3330	-62.9206	-77.1933	-48.4150	-84.1716	-33.2190	-82.4251	-20.2278	-72.6818	-11.9137	-60.9702	-10.4444	-50.4174	-17.6350	-46.1636	-21.7668	-40.2622	-24.2709	-33.3963	-24.8983	-26.8861	-26.9745	-56.5686	-70.9941	-16.9092	-54.6332	-21.4668	-45.6384	-16.9092	-54.6332
pl03	24/03/2017 14:45:04	0.7441	0.0972	Mowie paga teraz	a	-71.0049	-66.4407	-77.9565	-52.7025	-79.7276	-36.8409	-73.2680	-24.8794	-62.7279	-17.2990	-51.3177	-14.9398	-40.7677	-13.3940	-34.5293	-13.5280	-28.3090	-14.0162	-21.8349	-15.1837	-16.3937	-16.8503	-58.3623	-71.8295	-19.6745	-57.8161	-24.0060	-48.1909	-19.6745	-57.8161
pl03	24/03/2017 14:45:08	1.3320	0.0848	Mowie pata teraz	a	-75.3461	-62.3439	-81.3418	-49.4999	-78.9782	-36.9285	-71.1008	-27.6809	-59.9538	-22.8326	-50.3945	-21.2073	-39.6980	-18.7001	-34.7369	-16.3904	-29.2996	-12.5329	-23.6701	-9.4432	-18.2100	-8.3480	-58.9982	-67.1171	-19.6190	-56.9647	-24.0460	-46.8335	-19.6190	-56.9647
pl03	24/03/2017 14:45:12	1.1199	0.0641	Mowie pudu teraz	u	-68.4031	-63.9422	-76.3858	-50.2170	-81.7020	-35.3781	-78.6944	-21.7769	-67.9142	-13.4762	-55.9946	-14.5727	-43.7671	-16.8809	-37.4487	-16.1067	-30.8676	-14.0571	-24.1716	-11.1626	-18.0436	-10.0081	-56.5238	-70.2452	-18.4556	-52.6267	-22.8143	-43.1904	-18.4556	-52.6267
pl03	24/03/2017 14:45:16	0.8564	0.0782	Mowie pogo teraz	O	-69.8500	-67.9834	-78.4457	-54.6868	-84.3817	-38.6838	-82.8529	-24.8178	-73.5202	-14.9896	-62.7622	-12.5011	-52.9392	-17.8099	-47.3271	-20.1583	-41.6208	-21.6200	-35.6939	-23.5078	-30.0116	-26.8843	-55.9986	-73.0710	-18.6265	-54.5228	-23.7726	-45.3311	-18.6265	-54.5228
pl03	24/03/2017 14:46:18	1.5471	0.0881	Mowie paka teraz	a	-71.6051	-58.7319	-78.5239	-45.4818	-79.8001	-30.7625	-74.9928	-18.8213	-65.8105	-11.6307	-54.3192	-10.9210	-45.3617	-16.2381	-39.5887	-18.9593	-34.1259	-20.1916	-27.8589	-21.2072	-22.1549	-24.5440	-57.7526	-67.3449	-19.2178	-59.3098	-23.2931	-49.2659	-19.2178	-59.3098
pl03	24/03/2017 14:46:22	1.1515	0.0700	Mowie poko teraz	O	-71.4913	-59.7381	-80.9269	-46.4902	-84.7964	-31.5723	-79.5979	-19.1849	-69.6127	-13.5183	-58.5551	-12.8377	-48.8658	-18.8826	-43.4274	-22.8942	-37.6573	-22.9903	-31.6836	-25.3616	-25.9547	-27.8513	-57.5783	-69.1709	-18.4834	-56.7323	-22.6185	-47.3082	-18.4834	-56.7323
pl03	24/03/2017 14:46:26	1.1446	0.0445	Mowie pugu teraz	u	-68.9136	-60.5436	-76.5363	-46.4338	-83.0478	-31.4573	-79.8878	-17.7503	-69.6210	-9.8852	-58.1714	-8.0574	-46.7549	-14.7565	-41.7943	-18.8508	-36.6645	-20.0853	-30.6958	-23.4539	-25.0288	-24.6652	-53.9368	-68.4003	-18.5644	-54.5516	-22.3522	-45.5545	-18.5644	-54.5516
pl03	24/03/2017 14:46:30	1.2853	0.0750	Mowie podo teraz	O	-72.6409	-60.9439	-80.8970	-47.2780	-80.6896	-31.6088	-72.9305	-21.3612	-60.5878	-18.2633	-48.8765	-20.3559	-39.5423	-20.5940	-34.0659	-19.0656	-28.0074	-16.0784	-22.5178	-12.4727	-17.8873	-9.4173	-57.3349	-67.1499	-18.6753	-56.0498	-22.9046	-45.9977	-18.6753	-56.0498
pl03	24/03/2017 14:46:34	1.2280	0.0757	Mowie putu teraz	u	-68.6348	-60.4031	-76.7695	-46.8606	-80.9758	-31.5763	-76.5276	-18.5689	-65.4026	-10.3544	-53.1050	-11.3956	-41.4093	-15.7485	-35.2311	-15.6126	-28.5308	-14.5855	-21.1860	-13.0364	-14.3215	-11.3690	-56.7740	-69.7298	-18.1232	-55.2496	-22.6124	-45.0235	-18.1232	-55.2496
pl03	24/03/2017 14:46:38	1.1190	0.0768	Mowie poto teraz	O	-70.7092	-60.2118	-79.7047	-46.8522	-80.8066	-31.1080	-73.4521	-21.1361	-60.5382	-19.0981	-48.8315	-21.3164	-38.8574	-21.1392	-33.0635	-19.3823	-27.0193	-16.3050	-21.6400	-12.0086	-16.3672	-7.4398	-56.1845	-66.6070	-18.3935	-55.9397	-22.4001	-46.0828	-18.3935	-55.9397
pl03	24/03/2017 14:46:42	1.1603	0.0854	Mowie pada teraz	a	-71.8599	-60.8317	-78.7531	-47.8122	-77.4314	-34.2147	-69.5498	-24.4767	-58.6931	-21.2769	-48.4248	-20.7934	-37.7907	-19.1935	-32.5247	-17.4802	-26.6392	-14.1743	-21.3505	-10.5993	-16.6505	-8.7310	-57.3930	-66.0907	-18.9190	-57.7966	-23.0990	-48.0826	-18.9190	-57.7966
pl03	24/03/2017 14:46:46	1.0005	0.0354	Mowie puku teraz	u	-70.1462	-60.8131	-79.0118	-47.3641	-83.8076	-32.0987	-79.1886	-18.9103	-69.4878	-11.2613	-58.4979	-9.3399	-47.6309	-16.7039	-43.7511	-21.0946	-37.7935	-21.1277	-32.0033	-23.1916	-26.9270	-25.3057	-57.9412	-68.8587	-17.3977	-55.4030	-21.1236	-45.5326	-17.3977	-55.4030
pl03	24/03/2017 14:46:50	1.3258	0.1009	Mowie paga teraz	a	-72.0166	-60.2681	-78.1602	-45.9374	-78.9433	-31.2209	-75.0450	-18.9639	-65.5396	-11.5206	-54.2126	-10.8690	-43.9677	-16.8049	-38.1830	-18.8425	-31.5128	-19.7862	-25.5055	-21.0099	-18.7470	-22.1786	-57.7964	-66.5689	-19.7123	-59.0855	-23.8001	-49.2859	-19.7123	-59.0855
pl03	24/03/2017 14:46:54	1.3380	0.0879	Mowie pata teraz	a	-73.8212	-59.2545	-80.1111	-45.6368	-77.5769	-32.7277	-69.5915	-24.0799	-57.9544	-20.5610	-47.4821	-19.5692	-36.5077	-17.6128	-32.2353	-16.3394	-26.3916	-13.6753	-20.4073	-10.5202	-15.1443	-9.2619	-56.3118	-65.1265	-18.7288	-56.9000	-22.4541	-46.5843	-18.7288	-56.9000
pl03	24/03/2017 14:46:58	1.1820	0.0496	Mowie pudu teraz	u	-68.4827	-60.5433	-75.7028	-46.0274	-79.8079	-30.7925	-75.4230	-18.2426	-62.9688	-11.8907	-51.7956	-13.2207	-41.0619	-16.7410	-34.6067	-16.6810	-27.9122	-15.4061	-21.0127	-14.2259	-14.5037	-12.7018	-57.3130	-68.5553	-17.9783	-54.2871	-22.2827	-44.5697	-17.9783	-54.2871
pl03	24/03/2017 14:47:02	1.1845	0.0798	Mowie pogo teraz	O	-70.4735	-59.2602	-78.4035	-45.2455	-81.0871	-30.4971	-77.5013	-18.3134	-67.0237	-12.0189	-56.5654	-11.7820	-47.4413	-17.3842	-42.0844	-20.6391	-36.0866	-21.4334	-30.5264	-23.9990	-25.7309	-28.0517	-57.5365	-66.6098	-17.1931	-57.3697	-21.2236	-47.6150	-17.1931	-57.3697
pl03	24/03/2017 14:47:20	1.6618	0.0700	Mowie paka teraz	a	-72.1934	-57.8639	-78.5799	-45.1130	-79.8005	-31.8881	-75.7492	-20.3545	-67.4413	-12.4971	-56.5492	-10.3848	-46.3753	-15.4244	-41.1285	-18.4477	-34.7662	-19.4193	-28.7878	-21.1743	-22.8508	-23.1097	-58.0595	-65.8916	-19.5845	-58.1402	-24.1993	-49.0253	-19.5845	-58.1402
pl03	24/03/2017 14:47:24	1.2891	0.0700	Mowie poko teraz	O	-72.1953	-61.6549	-80.5360	-47.4328	-84.4807	-32.3924	-79.6064	-20.4965	-70.1579	-13.3326	-59.0164	-11.4057	-49.5066	-18.0691	-44.0768	-21.9094	-37.9775	-22.6522	-31.8690	-23.7440	-25.8390	-27.1316	-57.9224	-68.1011	-18.7592	-57.6930	-23.3071	-48.7826	-18.7592	-57.6930
pl03	24/03/2017 14:47:28	1.0820	0.0582	Mowie pugu teraz	u	-70.2093	-59.3778	-78.7444	-46.3011	-83.8852	-31.6319	-80.8517	-19.0427	-71.8911	-10.8243	-60.7656	-8.4698	-49.6084	-15.3539	-44.2646	-20.1193	-38.0904	-20.2575	-32.1959	-21.0946	-27.0338	-23.7414	-58.0062	-68.1834	-17.8269	-55.8534	-22.2006	-45.8345	-17.8269	-55.8534
pl03	24/03/2017 14:47:32	1.1962	0.0824	Mowie podo teraz	O	-71.2784	-60.5951	-80.4007	-47.1836	-82.7121	-31.2038	-74.5854	-20.6115	-61.8127	-17.5218	-49.6940	-20.9333	-39.5069	-21.0800	-34.4904	-18.5651	-28.6074	-14.8038	-23.5196	-10.5612	-19.1061	-7.1008	-55.8250	-65.7086	-18.3577	-54.8749	-22.8528	-44.8520	-18.3577	-54.8749
pl03	24/03/2017 14:47:40	0.5164	0.0569	Mowie putu teraz	u	-69.6150	-60.7975	-76.0394	-45.3686	-74.8871	-30.5121	-67.0322	-21.2984	-55.7414	-17.5147	-45.1556	-17.0628	-35.2045	-15.2446	-31.5631	-13.9568	-26.5845	-11.7324	-20.0687	-9.2789	-14.1282	-8.7658	-54.3646	-63.0176	-18.7073	-55.4864	-22.8478	-44.8571	-18.7073	-55.4864
pl03	24/03/2017 14:47:45	1.3968	0.0706	Mowie poto teraz	O	-72.2048	-59.1295	-80.5275	-45.7344	-82.0977	-29.9992	-74.9837	-19.7497	-62.4229	-16.8661	-50.9520	-19.1466	-39.8407	-18.9938	-33.9344	-17.3970	-28.8991	-13.2221	-24.2811	-8.5165	-18.4656	-6.5520	-55.0393	-65.0530	-18.3921	-55.4382	-22.9925	-45.5619	-18.3921	-55.4382
pl03	24/03/2017 14:47:49	1.2827	0.0804	Mowie pada teraz	a	-73.2578	-59.0339	-79.7580	-45.2337	-78.1416	-31.6760	-69.4760	-22.7724	-58.8157	-20.6793	-47.7752	-20.1946	-36.8674	-18.9508	-31.8570	-17.3773	-26.3102	-14.0367	-21.1829	-10.5330	-15.9204	-7.3677	-55.5754	-65.2960	-18.4049	-56.7646	-22.2994	-46.7648	-18.4049	-56.7646
pl03	24/03/2017 14:47:54	1.2459	0.0500	Mowie puku teraz	u	-71.9063	-64.3919	-78.8103	-48.8801	-84.1329	-33.0580	-80.6451	-17.2928	-70.0646	-10.2656	-59.0789	-8.4037	-50.6711	-16.0565	-45.8424	-20.4587	-39.2521	-21.2518	-34.3083	-22.0223	-27.3555	-24.6502	-56.6438	-70.7023	-16.6606	-55.1937	-21.5886	-44.7856	-16.6606	-55.1937
pl03	24/03/2017 14:47:58	1.2529	0.0902	Mowie paga teraz	a	-69.2756	-58.4257	-77.3234	-44.6929	-80.1843	-29.6280	-75.2057	-17.9258	-65.7020	-11.0205	-54.8579	-9.9417	-45.6500	-14.0766	-39.9750	-16.8740	-33.9044	-17.9729	-28.5589	-19.4262	-22.9832	-22.6034	-56.7672	-66.7172	-19.9775	-59.5522	-24.1496	-49.7562	-19.9775	-59.5522
pl03	24/03/2017 14:48:02	1.5719	0.0794	Mowie pata teraz	a	-70.9347	-57.7474	-78.8431	-45.2539	-76.8941	-31.9626	-68.7432	-23.1443	-58.2833	-20.9394	-47.9344	-20.2087	-37.4110	-18.7460	-32.1046	-17.0125	-27.2864	-13.3527	-22.6117	-9.0032	-18.4689	-5.9825	-54.7166	-64.4949	-18.9195	-56.3582	-23.0929	-46.2721	-18.9195	-56.3582
pl03	24/03/2017 14:48:06	1.1048	0.0662	Mowie pudu teraz	u	-67.5863	-60.1890	-75.9510	-46.7850	-81.0098	-32.3717	-77.5991	-18.4970	-66.6196	-11.1025	-54.3384	-12.6920	-43.0376	-16.8068	-36.7311	-16.5231	-30.4024	-14.5596	-23.4394	-11.5048	-18.4032	-9.3025	-56.5621	-69.5220	-18.1823	-53.5225	-22.2241	-43.5789	-18.1823	-53.5225
pl03	24/03/2017 14:48:10	1.2662	0.0879	Mowie pogo teraz	O	-69.2696	-58.9677	-78.3198	-45.3424	-82.5684	-30.7030	-78.5202	-18.0887	-69.4102	-11.5855	-59.1613	-9.6380	-49.4226	-15.6622	-44.3987	-19.3940	-38.3605	-19.8811	-32.4411	-22.4762	-27.0353	-26.3303	-55.6112	-65.8251	-18.2238	-55.6700	-22.5471	-46.8199	-18.2238	-55.6700
pl03	24/03/2017 14:48:33	1.8109	0.0736	Mowie paka teraz	a	-72.0397	-59.8791	-79.3867	-46.8141	-80.7555	-32.1421	-76.3459	-19.9733	-67.5148	-12.5729	-56.2584	-11.0527	-45.4657	-15.9015	-40.2100	-18.1812	-33.9716	-19.1778	-28.4586	-21.1979	-23.2791	-24.1807	-56.6896	-67.3783	-19.4321	-58.9312	-23.4414	-49.2212	-19.4321	-58.9312
pl03	24/03/2017 14:48:38	1.2488	0.0702	Mowie poko teraz	O	-71.2130	-62.9339	-79.5952	-49.0592	-84.2976	-33.5373	-79.3342	-20.4496	-70.2469	-13.4305	-59.1295	-11.1677	-49.5464	-16.8888	-43.6729	-20.5239	-37.7223	-21.4547	-32.0816	-23.9745	-26.2421	-25.9839	-56.4819	-69.3543	-17.6134	-54.3488	-22.1768	-45.2823	-17.6134	-54.3488
pl03	24/03/2017 14:48:43	1.4203	0.0731	Mowie pugu teraz	u	-70.6005	-60.2712	-78.3176	-45.1262	-83.0056	-29.7296	-78.6845	-16.6892	-61.9603	2.4610	-53.5939	4.3132	-48.3498	-16.0603	-43.3164	-19.7897	-37.5626	-20.5710	-31.5699	-22.7623	-26.1209	-23.0432	-55.4424	-66.4069	-16.0362	-53.4021	-20.8059	-44.4136	-16.0362	-53.4021
pl03	24/03/2017 14:48:47	1.1680	0.0828	Mowie podo teraz	O	-70.9686	-58.5460	-78.9392	-44.8356	-80.4599	-29.8511	-73.1494	-19.4010	-59.4787	-16.6262	-49.5536	-19.1490	-37.9431	-17.8723	-33.0626	-15.3057	-28.6164	-11.9284	-23.2557	-7.0448	-17.7102	-6.0273	-57.0882	-65.3741	-17.3731	-53.6693	-21.6030	-43.8535	-17.3731	-53.6693
pl03	24/03/2017 14:48:51	1.2656	0.0798	Mowie putu teraz	u	-67.4037	-61.9410	-75.1936	-47.5124	-79.1294	-31.5333	-75.6168	-17.6244	-64.8120	-10.1824	-52.4951	-11.1144	-40.3208	-12.8379	-33.8395	-11.8968	-27.8774	-10.7244	-20.5556	-8.5868	-13.4335	-7.9807	-55.6768	-70.2286	-17.5384	-52.7729	-22.1167	-43.1483	-17.5384	-52.7729
pl03	24/03/2017 14:48:55	1.4095	0.0943	Mowie poto teraz	O	-71.5398	-58.1552	-79.7306	-45.0326	-82.5717	-30.6245	-74.7375	-20.1683	-62.1111	-17.1149	-50.3556	-19.8912	-39.1998	-20.1836	-33.9525	-18.4593	-28.4134	-15.0806	-22.4659	-10.7803	-17.4882	-7.8161	-55.9335	-65.9490	-17.5408	-53.6719	-21.7498	-44.2558	-17.5408	-53.6719
pl03	24/03/2017 14:49:00	1.4455	0.0763	Mowie pada teraz	a	-70.5606	-57.4768	-77.9624	-44.5348	-78.0642	-31.1539	-69.8493	-21.2433	-58.5717	-18.2042	-48.6103	-18.6411	-37.7595	-17.9747	-32.2891	-16.5727	-27.4077	-13.2771	-22.7977	-9.1527	-18.6438	-5.9401	-55.4094	-64.9019	-18.6186	-54.6049	-22.7449	-44.8137	-18.6186	-54.6049
pl03	24/03/2017 14:49:04	1.2867	0.0647	Mowie puku teraz	u	-70.1483	-64.9940	-78.9255	-50.4246	-84.8016	-35.2362	-81.9663	-21.6232	-73.1488	-11.9675	-61.3727	-9.2581	-50.7917	-15.5032	-45.0289	-18.7520	-38.9597	-19.7268	-33.5804	-21.7979	-27.9319	-25.5514	-56.5865	-71.6966	-16.7638	-53.1856	-21.9997	-44.0841	-16.7638	-53.1856
pl03	24/03/2017 14:49:08	1.2940	0.0854	Mowie paga teraz	a	-69.7776	-58.3588	-76.2949	-45.2333	-78.9888	-31.5704	-75.9195	-18.8870	-67.1903	-11.3748	-56.1923	-9.7402	-45.6572	-13.9879	-39.5513	-15.9368	-33.4039	-16.6182	-27.9087	-18.1554	-22.0996	-21.6489	-57.1531	-66.2717	-18.6693	-57.2122	-22.9017	-47.6051	-18.6693	-57.2122
pl03	24/03/2017 14:49:13	1.2154	0.0982	Mowie pata teraz	a	-71.0045	-58.6136	-78.1683	-45.6331	-77.1009	-32.4695	-69.1419	-22.5239	-58.7711	-19.4930	-48.3697	-18.8369	-37.9196	-17.1419	-32.8665	-15.5298	-27.8843	-12.5221	-22.8604	-8.4263	-18.5691	-6.0147	-57.2027	-66.0614	-18.1091	-54.4642	-22.2759	-44.7193	-18.1091	-54.4642
pl03	24/03/2017 14:49:17	1.2074	0.0828	Mowie pudu teraz	u	-67.9399	-60.5904	-75.4805	-47.2480	-78.9049	-32.4376	-74.8234	-18.0449	-64.4700	-10.6886	-51.4746	-11.4296	-40.7736	-13.9600	-34.3096	-13.0820	-28.2736	-10.6855	-21.2206	-8.2913	-15.2394	-7.6621	-55.9839	-67.8346	-16.7278	-52.8253	-21.8515	-42.8813	-16.7278	-52.8253
pl03	24/03/2017 14:49:21	1.1265	0.1061	Mowie pogo teraz	O	-70.1700	-58.3785	-77.1926	-44.5726	-80.4778	-30.4032	-77.2803	-17.7154	-67.6274	-9.8379	-55.7395	-8.8900	-46.0342	-14.9841	-40.2854	-17.6478	-34.6237	-18.5044	-29.3069	-19.9460	-25.1432	-24.5704	-56.8365	-67.1044	-16.2797	-53.9458	-20.7453	-44.9276	-16.2797	-53.9458
pl03	24/03/2017 14:50:29	1.5356	0.0872	Mowie paka teraz	a	-71.9338	-56.0602	-75.1012	-42.4382	-70.1907	-29.8956	-63.3425	-20.6234	-53.5027	-14.8007	-43.5839	-12.7092	-34.6296	-12.0172	-28.8036	-11.8842	-23.2215	-12.2963	-17.2263	-11.4613	-11.5660	-12.1841	-56.9639	-65.3269	-17.7775	-55.8698	-21.6349	-45.5871	-17.7775	-55.8698
pl03	24/03/2017 14:50:35	0.9227	0.0700	Mowie poko teraz	O	-73.3719	-58.3056	-77.8984	-42.8355	-75.8925	-29.6271	-68.3395	-19.5844	-57.5799	-15.6796	-46.6378	-14.0262	-37.2142	-11.5310	-33.0720	-10.1851	-27.7935	-8.1558	-21.4613	-6.6159	-15.3492	-6.5659	-55.3464	-65.2681	-16.3897	-51.3768	-21.3747	-40.7652	-16.3897	-51.3768
pl03	24/03/2017 14:50:39	1.4783	0.0700	Mowie pugu teraz	u	-72.4730	-57.3160	-78.9742	-43.2968	-84.0204	-28.1991	-80.3426	-13.0115	-57.5948	13.3641	-50.0960	16.1158	-49.7598	-11.0534	-44.9272	-14.7074	-39.0373	-17.1556	-32.3279	-18.8924	-26.2670	-21.3172	-57.5099	-65.9095	-15.4575	-53.7107	-20.4286	-43.8899	-15.4575	-53.7107
pl03	24/03/2017 14:50:43	1.0264	0.0705	Mowie podo teraz	O	-69.5322	-59.3691	-77.5531	-46.1911	-79.0145	-30.9050	-72.4664	-21.0187	-60.1156	-17.2215	-49.5346	-19.0387	-38.5242	-18.0490	-33.1138	-15.5245	-28.7585	-12.1220	-23.8693	-8.4180	-18.9184	-6.2714	-54.7013	-66.2505	-17.4875	-52.5547	-21.8433	-42.1514	-17.4875	-52.5547
pl03	24/03/2017 14:50:47	1.2201	0.0753	Mowie putu teraz	u	-66.8883	-59.6265	-74.4349	-45.2400	-80.2491	-30.7681	-76.8076	-16.1044	-66.7982	-8.5297	-52.9286	-8.8513	-41.6902	-12.2792	-35.8877	-11.4788	-29.4342	-9.4967	-23.5717	-7.8946	-17.4466	-7.2957	-55.9621	-67.5063	-15.3676	-52.8096	-20.7589	-42.3316	-15.3676	-52.8096
pl03	24/03/2017 14:50:51	1.2368	0.0901	Mowie poto teraz	O	-70.7080	-59.5204	-78.8502	-45.4627	-81.1299	-30.1388	-74.3537	-19.7557	-61.9216	-15.9342	-50.1258	-18.0183	-38.6915	-17.9904	-33.4649	-15.9541	-28.5084	-12.4626	-23.8104	-8.2428	-19.4896	-5.6656	-56.1037	-66.4245	-16.0180	-53.0972	-21.1721	-43.0404	-16.0180	-53.0972
pl03	24/03/2017 14:50:56	1.5030	0.0934	Mowie pada teraz	a	-72.6344	-58.4050	-79.3559	-44.7051	-76.5968	-31.5458	-68.4395	-23.0656	-57.2817	-20.1400	-46.2609	-18.1047	-35.6199	-15.7556	-32.8876	-13.8259	-28.3114	-9.2567	-23.0334	-6.2177	-17.8290	-5.0325	-55.7752	-65.6385	-17.5917	-54.0183	-21.9318	-44.1557	-17.5917	-54.0183
pl03	24/03/2017 14:51:00	1.3094	0.0752	Mowie puku teraz	u	-68.0781	-48.5653	-73.8172	-29.0795	-81.6870	-13.1514	-88.0386	0.8491	-72.3170	19.9313	-58.6429	28.9029	-37.0800	-0.2160	-43.3282	-10.7497	-40.1823	-9.3829	-37.2210	-10.7085	-30.1755	-19.6974	-56.4057	-64.5731	-13.9715	-51.6632	-18.7358	-42.5485	-13.9715	-51.6632
pl03	24/03/2017 14:51:05	1.4726	0.0927	Mowie paga teraz	a	-70.3921	-56.9671	-74.7572	-42.0696	-77.3922	-27.9819	-73.7319	-14.9326	-65.5769	-8.0204	-53.8433	-7.4782	-44.2883	-12.6945	-38.0698	-14.5459	-32.0305	-15.2581	-26.0390	-16.6121	-19.7435	-18.2226	-57.5744	-65.9211	-18.5075	-55.4754	-23.1925	-45.2437	-18.5075	-55.4754
pl03	24/03/2017 14:51:09	1.1413	0.0859	Mowie pata teraz	a	-71.3310	-56.3152	-77.9535	-43.0546	-77.6818	-30.1183	-69.3461	-21.4296	-57.8008	-19.1144	-47.7035	-18.0761	-37.4685	-16.0773	-33.6826	-14.3751	-28.3845	-10.6145	-22.5571	-7.3917	-18.1091	-6.2318	-56.0769	-64.6807	-18.5803	-55.6043	-22.9105	-45.1539	-18.5803	-55.6043
pl03	24/03/2017 14:51:13	1.1557	0.0786	Mowie pudu teraz	u	-67.5564	-60.4729	-75.8065	-46.6951	-80.3191	-31.9421	-76.5079	-17.7673	-65.8645	-9.7186	-52.5074	-10.6456	-41.8745	-14.3851	-35.6453	-13.2621	-29.3986	-11.7505	-23.0581	-9.1840	-17.7603	-6.9645	-55.3403	-68.7245	-16.4669	-51.9469	-21.4225	-41.7888	-16.4669	-51.9469
pl03	24/03/2017 14:51:17	1.2706	0.0821	Mowie pogo teraz	O	-69.3394	-64.1502	-76.3105	-49.4918	-81.3288	-34.1076	-79.2743	-19.5839	-71.8500	-10.9817	-60.0676	-9.4793	-49.7357	-16.5381	-44.3200	-19.6833	-38.1525	-19.8294	-31.9414	-21.5231	-26.5987	-25.1478	-57.0015	-71.0889	-17.3177	-54.7624	-21.9325	-45.5008	-17.3177	-54.7624
pl03	24/03/2017 14:51:43	1.7215	0.0700	Mowie paka teraz	a	-71.2050	-56.1088	-78.0220	-43.1778	-79.2918	-29.0194	-74.3269	-18.7143	-65.3992	-12.0232	-55.0109	-11.0512	-45.5646	-15.4521	-39.7165	-17.8055	-33.9492	-18.4853	-27.5094	-19.5131	-21.3701	-21.3886	-56.7987	-65.7436	-19.0308	-58.3300	-23.2526	-48.8066	-19.0308	-58.3300
pl03	24/03/2017 14:51:47	1.3092	0.0842	Mowie poko teraz	O	-68.7693	-58.9695	-75.9690	-44.3081	-80.5071	-29.2523	-78.2564	-15.4884	-70.2430	-7.4206	-59.2651	-6.2567	-48.8140	-13.3924	-43.5029	-17.1300	-37.2417	-18.6707	-31.2625	-21.2575	-26.1915	-23.3096	-52.3219	-65.1518	-16.3747	-54.6099	-20.7768	-45.1203	-16.3747	-54.6099
pl03	24/03/2017 14:51:51	1.1266	0.0672	Mowie pugu teraz	u	-68.8212	-58.2834	-76.2370	-44.0869	-75.2593	-22.5260	-74.8315	-7.4395	-69.1378	1.9873	-44.5002	30.9458	-44.8042	3.6664	-38.5313	-1.9514	-33.3251	1.4980	-33.9147	-17.2083	-28.6048	-18.7384	-55.1267	-65.8951	-14.8902	-52.4894	-19.9813	-41.6655	-14.8902	-52.4894
pl03	24/03/2017 14:51:55	0.9602	0.0724	Mowie podo teraz	O	-68.7337	-59.7235	-75.6117	-46.1682	-78.8268	-31.2527	-72.8771	-19.5526	-60.7232	-15.7807	-49.9160	-17.2915	-38.3985	-17.3252	-33.0369	-15.9705	-28.0588	-12.8914	-22.9536	-8.3935	-18.1018	-6.3442	-54.4312	-66.0877	-17.4311	-52.2356	-21.4587	-42.0392	-17.4311	-52.2356
pl03	24/03/2017 14:51:59	1.1659	0.0736	Mowie putu teraz	u	-67.7339	-59.1117	-75.4787	-43.9104	-78.8228	-28.4510	-72.6066	-14.8105	-62.8290	-9.2568	-50.3340	-10.1027	-39.8355	-13.0309	-33.8767	-12.0916	-27.9090	-10.3140	-21.4527	-7.5079	-15.4475	-6.3886	-54.9246	-66.7293	-15.7383	-52.1807	-20.5173	-42.2979	-15.7383	-52.1807
pl03	24/03/2017 14:52:03	1.3117	0.0705	Mowie poto teraz	O	-68.8596	-59.7198	-76.1820	-45.8710	-79.6776	-30.6416	-74.3940	-20.2280	-61.9957	-15.1049	-49.5843	-17.4018	-37.3967	-17.4029	-32.6941	-15.4618	-27.7533	-11.7525	-22.7767	-6.4433	-18.4495	-5.3855	-54.1182	-65.8174	-16.4225	-52.5454	-20.8270	-42.4215	-16.4225	-52.5454
pl03	24/03/2017 14:52:08	1.3885	0.0738	Mowie pada teraz	a	-72.1730	-58.0949	-78.0432	-43.7580	-76.2942	-30.2889	-68.4008	-22.0837	-56.6619	-19.3573	-45.9398	-17.8221	-35.5928	-15.7153	-31.6383	-14.5292	-26.9703	-11.3719	-20.2367	-8.0418	-14.3517	-6.9548	-56.5704	-65.4381	-18.0975	-55.1531	-22.2505	-44.8787	-18.0975	-55.1531
pl03	24/03/2017 14:52:12	1.1325	0.0600	Mowie puku teraz	u	-68.2833	-60.8355	-73.8498	-45.3714	-78.9065	-28.3373	-78.2724	-14.2389	-68.6226	-6.5501	-58.8923	-2.9868	-49.1281	-10.1637	-43.6931	-16.7484	-37.9968	-18.1847	-33.0654	-20.6349	-28.6118	-22.3805	-55.3907	-70.3131	-14.0396	-51.9496	-19.2780	-42.7939	-14.0396	-51.9496
pl03	24/03/2017 14:52:16	1.4266	0.0958	Mowie paga teraz	a	-70.0303	-58.4691	-75.9172	-43.8412	-78.0019	-29.3400	-73.0624	-16.8529	-64.5687	-9.0127	-53.2588	-7.6873	-42.6014	-12.2305	-36.8303	-14.3974	-31.1723	-15.3370	-25.3231	-17.5166	-18.8420	-20.1932	-57.6378	-66.4298	-18.4720	-56.4072	-22.7344	-46.2102	-18.4720	-56.4072
pl03	24/03/2017 14:52:20	1.4659	0.0872	Mowie pata teraz	a	-73.4187	-58.5554	-78.6632	-44.1793	-76.3939	-31.3455	-68.8025	-22.3867	-57.8560	-18.8951	-46.9353	-17.8341	-36.4716	-15.5231	-33.0148	-13.7533	-27.7284	-9.8039	-22.3007	-6.7818	-17.3555	-6.1958	-56.4368	-66.0459	-18.1351	-53.8493	-22.1951	-44.1091	-18.1351	-53.8493
pl03	24/03/2017 14:52:24	1.2636	0.0702	Mowie pudu teraz	u	-66.7955	-60.3016	-74.9218	-46.3619	-78.5820	-30.7958	-74.2269	-17.7042	-63.3420	-10.5810	-51.7214	-11.3892	-40.5857	-14.0153	-34.4508	-12.9273	-28.2083	-11.0052	-22.0918	-8.4870	-16.0851	-7.5661	-55.6434	-69.3741	-16.3493	-51.4915	-21.3923	-41.2127	-16.3493	-51.4915
pl03	24/03/2017 14:52:28	1.1257	0.0745	Mowie pogo teraz	O	-70.2747	-60.4819	-77.6872	-46.8366	-80.1818	-31.6090	-77.8132	-19.1805	-68.9170	-11.3911	-57.7064	-9.0385	-46.7742	-15.1155	-41.1748	-18.6405	-35.2503	-19.5494	-29.9563	-21.9588	-24.7706	-25.0922	-56.9300	-68.0763	-16.3656	-53.4673	-21.1469	-44.2370	-16.3656	-53.4673
pl04	26/05/2017 17:55:20	1.7092	0.0792	Mowie poto teraz	O	-62.7276	-56.9088	-67.8888	-44.7378	-68.9689	-31.8540	-63.3322	-22.3233	-52.2740	-19.0144	-43.9614	-20.5211	-34.1766	-23.2521	-29.1878	-23.5582	-23.6547	-23.3262	-18.2874	-24.2171	-12.3421	-25.6494	-49.8532	-60.9744	-13.0025	-53.7534	-17.7395	-45.2876	-13.0025	-53.7534
pl04	26/05/2017 17:55:24	1.6813	0.0700	Mowie pugu teraz	u	-61.0230	-52.3731	-65.9032	-40.2773	-70.3366	-25.5222	-64.7130	-15.3078	-55.5280	-10.2434	-47.1748	-6.3671	-36.5632	-14.1742	-33.0260	-16.5762	-29.0265	-19.3906	-24.5398	-21.2387	-21.1518	-26.4361	-49.6739	-62.4217	-12.0472	-57.0053	-16.4674	-47.6081	-12.0472	-57.0053
pl04	26/05/2017 17:55:28	1.4021	0.0737	Mowie poko teraz	O	-63.6825	-54.9603	-68.5410	-42.0599	-70.8644	-28.5965	-66.4511	-17.1516	-56.9759	-12.0179	-47.3361	-11.9838	-38.8890	-19.6233	-34.3153	-23.7292	-29.1044	-24.9535	-24.4437	-26.5568	-20.6522	-31.2819	-51.3430	-62.4547	-13.9917	-60.4660	-18.3872	-50.3415	-13.9917	-60.4660
pl04	26/05/2017 17:55:32	1.3033	0.0557	Mowie putu teraz	u	-58.7929	-53.2871	-62.8150	-41.3447	-65.8234	-27.8351	-62.2059	-16.6472	-54.2800	-11.8942	-43.4650	-11.0486	-34.6853	-17.3353	-29.4459	-20.9647	-23.5483	-21.8873	-17.1978	-22.0451	-11.4920	-22.3088	-48.5626	-62.3745	-12.4166	-54.1641	-17.0883	-45.0839	-12.4166	-54.1641
pl04	26/05/2017 17:55:36	1.4055	0.0885	Mowie podo teraz	O	-62.9846	-55.1308	-67.8811	-42.5419	-66.8682	-29.2140	-61.6326	-20.7598	-51.6898	-17.8724	-43.5180	-19.3229	-34.8463	-23.3742	-29.8342	-24.6307	-24.3745	-24.3831	-19.0006	-25.1956	-13.8227	-26.6287	-49.7700	-61.7365	-12.8994	-55.1934	-17.8343	-46.6160	-12.8994	-55.1934
pl04	26/05/2017 17:55:39	1.4115	0.0878	Mowie pata teraz	a	-63.2365	-55.1654	-66.5683	-42.4397	-63.3515	-30.7263	-57.9787	-22.6388	-48.4290	-20.1642	-39.2530	-21.5984	-31.1537	-23.8214	-25.6639	-24.0896	-21.1162	-23.5425	-15.3323	-23.5036	-10.0675	-22.7579	-51.7986	-60.4255	-13.9116	-54.4627	-18.3606	-46.1627	-13.9116	-54.4627
pl04	26/05/2017 17:55:43	1.4515	0.0737	Mowie pogo teraz	O	-62.2852	-54.8310	-67.3046	-42.7458	-69.9094	-28.8469	-65.3162	-18.0441	-56.8095	-12.0028	-47.2051	-9.5707	-38.1488	-15.8813	-34.0388	-21.2365	-29.8525	-23.8418	-25.0717	-26.5874	-20.5270	-32.1498	-51.7246	-63.3864	-13.9610	-58.8756	-18.4834	-49.4849	-13.9610	-58.8756
pl04	26/05/2017 17:55:46	1.3602	0.0453	Mowie puku teraz	u	-61.5132	-54.5357	-66.6576	-41.8615	-69.8744	-28.5654	-65.1379	-16.8746	-56.4877	-11.3381	-47.3644	-9.0703	-38.5293	-15.5717	-34.2232	-19.9313	-30.1383	-21.5633	-25.4084	-23.7052	-21.8121	-28.4959	-49.7909	-62.7498	-11.7914	-56.9334	-16.8230	-47.7861	-11.7914	-56.9334
pl04	26/05/2017 17:55:49	1.4282	0.1065	Mowie pada teraz	a	-61.9405	-57.2667	-65.7137	-44.9022	-63.6998	-32.7014	-58.1411	-24.1403	-48.3936	-21.7385	-39.9289	-22.7254	-31.6026	-24.1668	-26.5349	-24.3823	-21.6509	-23.9018	-16.2215	-24.7472	-11.1733	-26.3840	-51.0532	-62.4169	-13.7864	-55.8318	-18.4231	-47.1844	-13.7864	-55.8318
pl04	26/05/2017 17:55:53	1.0483	0.0862	Mowie paka teraz	a	-65.1519	-54.5164	-69.2363	-41.8744	-70.5762	-27.1041	-65.3909	-18.6737	-56.9212	-12.7331	-48.5267	-10.0973	-38.5824	-16.2371	-35.2907	-21.6674	-30.2558	-24.4249	-24.9166	-26.4388	-20.3617	-31.1468	-52.8765	-63.1615	-15.3935	-60.4489	-19.4714	-50.5097	-15.3935	-60.4489
pl04	26/05/2017 17:55:57	1.2734	0.0595	Mowie pudu teraz	u	-57.5802	-55.6387	-60.4015	-42.1831	-65.2845	-27.8869	-62.2954	-16.4406	-54.7279	-10.5416	-44.1313	-9.6222	-34.7746	-13.8728	-29.9047	-18.7224	-24.4394	-20.5581	-18.5504	-22.2368	-13.6883	-24.3797	-48.3972	-62.3803	-12.0733	-54.4394	-17.3592	-45.3386	-12.0733	-54.4394
pl04	26/05/2017 17:56:00	1.4028	0.1049	Mowie paga teraz	a	-61.5547	-56.2964	-65.3722	-44.0355	-66.6045	-29.9562	-63.3058	-18.1956	-56.6510	-11.9580	-46.6755	-9.5708	-36.7446	-15.2282	-33.8940	-19.9162	-29.2284	-22.5437	-24.2702	-24.5742	-19.2829	-28.3402	-51.2820	-61.7955	-14.2787	-58.9002	-18.6437	-48.7657	-14.2787	-58.9002
pl04	26/05/2017 17:56:14	1.5031	0.0748	Mowie poto teraz	O	-64.2176	-55.7710	-68.5182	-43.7170	-68.4110	-30.5544	-62.3367	-21.3947	-52.0302	-17.5340	-43.4425	-19.7661	-34.7408	-24.0423	-29.4981	-25.4962	-24.1369	-24.9497	-18.6096	-25.4457	-13.1153	-26.2396	-50.7655	-61.4576	-13.3566	-54.3742	-18.1480	-46.3263	-13.3566	-54.3742
pl04	26/05/2017 17:56:18	1.5385	0.0640	Mowie pugu teraz	u	-61.3357	-53.6324	-66.8373	-42.6912	-70.0363	-30.2952	-64.7926	-16.8074	-55.0702	-13.3991	-46.5788	-11.9042	-36.5332	-15.6706	-32.5830	-19.2687	-28.4713	-22.4963	-24.4166	-25.2113	-20.4704	-29.4553	-49.4202	-62.2683	-12.9508	-57.5504	-17.3594	-48.0071	-12.9508	-57.5504
pl04	26/05/2017 17:56:21	1.1434	0.0640	Mowie poko teraz	O	-64.5411	-55.2716	-69.2270	-43.1035	-70.7738	-29.1813	-66.5448	-18.7007	-58.0066	-12.8490	-48.6319	-9.8544	-40.0435	-16.4167	-36.5594	-22.1074	-31.6820	-24.3982	-26.6563	-26.3336	-22.7357	-30.9307	-51.8149	-62.4812	-15.1910	-60.2161	-19.2019	-49.9489	-15.1910	-60.2161
pl04	26/05/2017 17:56:25	1.2726	0.0527	Mowie putu teraz	u	-60.3539	-54.5104	-64.3598	-41.9845	-69.4019	-27.8930	-65.0572	-17.3019	-55.9794	-12.3963	-47.1941	-10.8017	-37.2575	-17.8721	-32.7195	-22.2841	-27.3234	-22.8046	-21.3974	-23.8177	-16.5889	-27.3326	-49.4180	-62.6517	-13.0135	-54.6234	-17.9917	-45.9838	-13.0135	-54.6234
pl04	26/05/2017 17:56:29	1.2621	0.0941	Mowie podo teraz	O	-62.6076	-55.0149	-67.9183	-42.3950	-69.1858	-29.5534	-63.3416	-20.8788	-53.6043	-17.0342	-44.4753	-17.8478	-35.3352	-23.2358	-30.9313	-25.2076	-25.3359	-24.9590	-20.1498	-25.4590	-14.7181	-26.1584	-50.4830	-63.0938	-13.4251	-54.2909	-18.3258	-46.2610	-13.4251	-54.2909
pl04	26/05/2017 17:56:32	1.2743	0.0856	Mowie pata teraz	a	-63.4590	-58.4830	-66.9577	-46.2838	-65.5417	-34.1465	-60.8489	-24.8401	-51.1083	-21.2307	-42.9802	-22.3849	-33.7518	-24.2061	-28.6327	-24.9846	-23.2747	-24.6058	-17.8607	-26.1588	-12.8554	-28.3001	-52.3385	-62.6729	-14.7905	-55.9361	-19.0032	-47.4772	-14.7905	-55.9361
pl04	26/05/2017 17:56:36	1.2731	0.0810	Mowie pogo teraz	O	-63.6901	-54.9003	-68.7566	-41.8779	-71.1395	-27.9228	-65.6721	-17.2673	-56.7181	-11.5615	-46.7638	-10.5130	-38.0660	-17.7593	-34.1544	-22.4549	-29.5049	-24.7321	-24.6164	-27.2493	-20.2641	-31.8889	-51.9651	-62.8662	-15.1083	-59.9031	-19.1423	-49.6562	-15.1083	-59.9031
pl04	26/05/2017 17:56:40	1.3361	0.0363	Mowie puku teraz	u	-62.3926	-53.6149	-68.4094	-40.8690	-71.4302	-27.2101	-66.7411	-17.6407	-57.9205	-12.6570	-49.2399	-11.1478	-41.1752	-16.2926	-36.5665	-21.1661	-31.9895	-23.2731	-26.5799	-25.6461	-22.0702	-30.5405	-51.6886	-63.2576	-13.6563	-58.0512	-18.4259	-48.3219	-13.6563	-58.0512
pl04	26/05/2017 17:56:44	1.3207	0.1037	Mowie pada teraz	a	-62.3112	-59.1643	-66.8116	-47.3643	-65.5531	-35.0377	-59.7857	-26.2742	-49.8407	-22.4120	-41.5798	-23.2691	-32.6825	-24.2540	-27.8221	-24.2677	-22.6899	-23.8740	-17.0940	-24.8979	-11.9037	-26.0272	-51.8017	-63.7008	-13.7442	-55.4531	-18.1774	-46.8722	-13.7442	-55.4531
pl04	26/05/2017 17:56:47	1.2647	0.0819	Mowie paka teraz	a	-63.7528	-56.8546	-68.1104	-44.2147	-69.1942	-30.7828	-65.4987	-20.4961	-56.9740	-13.7842	-47.8014	-12.2723	-38.7348	-17.5248	-34.8043	-22.6327	-29.5715	-24.8626	-24.1194	-26.1460	-18.9978	-29.9848	-52.6649	-62.8943	-15.6315	-60.0922	-19.2388	-49.5621	-15.6315	-60.0922
pl04	26/05/2017 17:56:51	1.4763	0.0595	Mowie pudu teraz	u	-57.1216	-55.7826	-60.0540	-42.5377	-65.5396	-28.4981	-63.5557	-17.4842	-54.8260	-10.8414	-44.0254	-10.3116	-34.1446	-15.5377	-30.0278	-20.2490	-24.1681	-21.3246	-18.5342	-21.7534	-13.2861	-23.8471	-48.5426	-63.0494	-13.1538	-53.9156	-18.7800	-45.1598	-13.1538	-53.9156
pl04	26/05/2017 17:56:55	1.3525	0.0901	Mowie paga teraz	a	-61.9063	-56.5458	-66.6317	-43.8249	-69.5372	-30.6228	-65.4634	-19.3793	-56.7042	-12.2985	-47.2145	-10.8684	-38.1280	-16.6853	-34.0760	-21.8041	-29.0778	-23.9526	-23.6200	-25.3526	-18.5470	-28.9768	-51.2349	-62.5014	-15.7879	-59.2717	-19.7098	-49.0448	-15.7879	-59.2717
pl04	26/05/2017 17:57:06	1.3160	0.0785	Mowie poto teraz	O	-63.7200	-55.6828	-68.8928	-42.9517	-68.6915	-29.2896	-63.5518	-20.7295	-53.1012	-17.2094	-44.7358	-18.5650	-35.8134	-23.0462	-30.9774	-24.6995	-25.2206	-24.2868	-19.3636	-24.7405	-14.0395	-26.7972	-50.6210	-62.3625	-13.2720	-55.1149	-18.2616	-46.7424	-13.2720	-55.1149
pl04	26/05/2017 17:57:09	1.1447	0.0493	Mowie pugu teraz	u	-61.5220	-52.7298	-67.0874	-39.2861	-70.3980	-24.3055	-63.9525	-14.8353	-55.9567	-10.6505	-47.4362	-9.3884	-37.5619	-15.7384	-33.8073	-20.3610	-29.9490	-22.0117	-24.2568	-24.2606	-19.5079	-28.3986	-49.4960	-63.0683	-12.8166	-58.5736	-17.3886	-48.7051	-12.8166	-58.5736
pl04	26/05/2017 17:57:13	1.2634	0.0754	Mowie poko teraz	O	-63.9149	-55.8837	-68.4905	-45.1012	-71.0547	-31.6256	-67.8898	-20.6873	-60.3142	-13.6311	-50.8779	-11.6113	-41.9590	-17.9132	-37.6373	-22.9986	-31.9658	-25.6056	-26.7476	-27.3528	-22.6821	-31.8495	-51.8723	-63.7150	-16.0676	-60.2201	-19.3445	-50.2033	-16.0676	-60.2201
pl04	26/05/2017 17:57:17	1.1857	0.0544	Mowie putu teraz	u	-59.3395	-53.7205	-63.4735	-40.3847	-66.6563	-27.2873	-61.8403	-16.7531	-54.2158	-11.5215	-43.9119	-10.4606	-34.5620	-16.4373	-30.3124	-20.4912	-24.5050	-21.8348	-18.8004	-22.3343	-13.5341	-23.9469	-48.9217	-63.1597	-12.9058	-54.4316	-18.5265	-45.7895	-12.9058	-54.4316
pl04	26/05/2017 17:57:20	1.1958	0.0846	Mowie podo teraz	O	-62.2560	-56.6080	-67.7726	-44.6824	-69.3546	-30.7866	-63.9851	-22.2034	-53.7999	-18.7677	-45.0629	-20.3533	-36.2799	-24.0312	-30.9920	-25.6929	-25.6669	-25.1706	-20.3969	-25.8751	-15.1516	-27.9116	-49.8835	-63.2056	-14.4143	-55.0501	-19.0853	-46.9410	-14.4143	-55.0501
pl04	26/05/2017 17:57:23	1.1982	0.0907	Mowie pata teraz	a	-62.9217	-58.1421	-66.9407	-45.6429	-65.2191	-33.3517	-60.3756	-24.1479	-50.1790	-20.9768	-42.2823	-22.3835	-33.1994	-24.3340	-28.3943	-24.7651	-23.1905	-24.1870	-17.3643	-25.1392	-12.3118	-26.4755	-52.1530	-62.6328	-14.7216	-56.1001	-18.8079	-47.6640	-14.7216	-56.1001
pl04	26/05/2017 17:57:26	1.2710	0.0703	Mowie pogo teraz	O	-63.5018	-54.4993	-68.5791	-41.9823	-71.4405	-28.4782	-64.5424	-16.3797	-57.4226	-11.5255	-48.4144	-8.0261	-39.0596	-15.3841	-36.0391	-20.3332	-31.2665	-23.0297	-26.4695	-25.6594	-22.5925	-30.6154	-51.3375	-63.6800	-15.2993	-59.7135	-19.6697	-49.3041	-15.2993	-59.7135
pl04	26/05/2017 17:57:30	1.1676	0.0544	Mowie puku teraz	u	-61.8503	-53.9885	-68.6282	-41.4329	-72.3094	-26.9999	-67.3524	-16.7029	-58.7763	-11.3190	-49.2735	-9.4672	-39.7009	-15.2018	-35.7527	-20.3591	-30.7962	-22.8972	-25.1182	-25.2391	-20.4234	-29.6212	-49.5341	-63.3524	-13.2429	-58.4167	-18.4605	-48.5725	-13.2429	-58.4167
pl04	26/05/2017 17:57:33	1.2646	0.1032	Mowie pada teraz	a	-63.3762	-58.3335	-67.0110	-46.1396	-65.6729	-33.5515	-60.1457	-24.6683	-50.0337	-21.4120	-42.7049	-22.4911	-33.7574	-24.4896	-29.5076	-24.7339	-23.8578	-24.3299	-18.2304	-25.9083	-13.7274	-28.2475	-52.2123	-63.8986	-14.5930	-56.1949	-19.0496	-47.3651	-14.5930	-56.1949
pl04	26/05/2017 17:57:37	1.2486	0.0771	Mowie paka teraz	a	-63.9944	-55.3631	-68.3034	-43.0592	-70.1627	-29.1319	-65.5164	-18.9337	-57.4753	-12.6401	-48.6209	-11.0464	-39.5443	-16.6370	-35.8615	-21.8348	-30.6752	-23.9951	-25.1027	-25.8714	-20.8223	-30.3522	-52.2108	-63.2369	-15.4109	-60.0972	-19.1332	-49.4950	-15.4109	-60.0972
pl04	26/05/2017 17:57:40	1.2765	0.0618	Mowie pudu teraz	u	-58.5510	-54.2170	-62.9433	-41.2935	-66.4210	-26.9514	-61.9630	-16.4463	-53.9452	-11.0453	-43.7763	-9.7617	-34.1457	-15.8905	-30.4485	-20.5741	-24.7844	-21.9545	-18.8029	-23.0182	-13.5459	-25.7290	-49.0854	-62.7302	-13.3946	-54.8178	-18.6317	-46.0586	-13.3946	-54.8178
pl04	26/05/2017 17:57:44	1.4976	0.0843	Mowie paga teraz	a	-62.7709	-55.3887	-66.3349	-43.2304	-68.6234	-30.2388	-64.9472	-19.1368	-57.1041	-13.0517	-47.5304	-10.9932	-38.3535	-17.0040	-34.8895	-22.2004	-29.3947	-24.1783	-23.8547	-25.4436	-19.0929	-29.7576	-51.6727	-62.9074	-15.5517	-60.1934	-19.2180	-49.3400	-15.5517	-60.1934
pl04	26/05/2017 17:57:57	1.5271	0.0722	Mowie poto teraz	O	-63.4832	-55.3670	-69.0365	-42.9698	-68.3585	-29.2667	-62.0662	-20.5536	-51.2805	-18.1570	-43.0888	-20.3379	-33.9361	-24.1784	-28.7594	-25.6436	-23.0740	-25.2898	-17.7280	-25.2030	-12.3541	-24.5542	-49.9628	-61.9634	-13.6398	-55.0959	-18.2195	-46.7147	-13.6398	-55.0959
pl04	26/05/2017 17:58:00	1.2320	0.0600	Mowie pugu teraz	u	-61.0249	-54.9837	-66.5383	-41.3318	-69.8524	-27.3000	-64.5414	-17.4466	-56.0402	-11.8131	-47.2925	-9.9319	-38.3680	-16.0657	-34.2670	-20.9048	-29.9100	-23.4234	-24.1040	-25.3908	-19.1810	-29.3456	-50.6837	-64.1577	-13.0641	-58.8403	-17.8522	-49.0229	-13.0641	-58.8403
pl04	26/05/2017 17:58:04	1.2177	0.0522	Mowie poko teraz	O	-63.5841	-56.6961	-67.9072	-44.7973	-70.2305	-30.9137	-66.5394	-19.0604	-58.9683	-12.1607	-49.7061	-11.1547	-40.3255	-18.2034	-36.8619	-22.6381	-31.8057	-25.0498	-26.5822	-26.8899	-22.5135	-31.2134	-51.8999	-63.5409	-15.2095	-60.4273	-18.8615	-50.2842	-15.2095	-60.4273
pl04	26/05/2017 17:58:07	1.2605	0.0601	Mowie putu teraz	u	-59.4884	-55.9442	-63.9082	-41.8597	-67.4332	-28.1522	-63.3950	-18.0725	-55.0825	-12.1448	-45.0274	-10.5426	-35.3907	-17.7795	-30.6889	-21.3428	-24.8018	-21.7273	-19.3216	-21.6958	-13.5259	-22.6235	-49.2099	-63.0384	-13.0518	-54.0672	-18.3759	-45.4447	-13.0518	-54.0672
pl04	26/05/2017 17:58:11	1.3365	0.0837	Mowie podo teraz	O	-62.5445	-56.6802	-68.1418	-43.8930	-69.4998	-30.4311	-63.3544	-21.4042	-53.7292	-17.5715	-44.2922	-18.7823	-36.2172	-23.7208	-31.3603	-25.7899	-25.8490	-25.1575	-20.4880	-25.8251	-15.2106	-27.2117	-51.0179	-64.4234	-14.8872	-55.2030	-19.5463	-46.8923	-14.8872	-55.2030
pl04	26/05/2017 17:58:14	1.1738	0.0890	Mowie pata teraz	a	-61.7349	-59.1006	-66.5219	-47.9071	-66.9541	-35.5058	-61.3132	-26.3569	-51.5264	-22.6501	-43.7682	-22.9234	-34.7636	-24.4398	-30.2048	-25.1903	-24.6095	-24.7302	-19.1033	-26.2537	-14.1499	-28.0996	-51.6050	-63.7882	-14.9936	-56.2822	-19.1871	-47.6694	-14.9936	-56.2822
pl04	26/05/2017 17:58:18	1.2922	0.0794	Mowie pogo teraz	O	-61.7982	-55.8203	-67.4942	-43.8132	-69.8897	-31.0753	-66.4172	-20.2635	-58.7908	-13.5007	-49.4518	-10.3092	-39.5822	-16.3710	-36.2862	-21.1652	-31.5769	-22.9691	-26.4240	-24.6759	-22.1704	-29.1108	-50.3768	-63.3498	-15.1067	-59.7762	-19.3822	-49.3878	-15.1067	-59.7762
pl04	26/05/2017 17:58:21	1.2385	0.0493	Mowie puku teraz	u	-61.4974	-54.9553	-67.1841	-42.4970	-70.8807	-29.1828	-67.1840	-18.0770	-59.1631	-12.3330	-49.7730	-9.2516	-39.8688	-15.5481	-35.8195	-20.8796	-31.0357	-23.2525	-25.5700	-26.1418	-20.7369	-31.0646	-51.2444	-65.3123	-13.2737	-59.9012	-18.3005	-49.8963	-13.2737	-59.9012
pl04	26/05/2017 17:58:25	1.2048	0.0968	Mowie pada teraz	a	-61.4791	-59.3193	-66.2711	-48.1866	-66.9522	-35.2266	-61.5734	-25.9207	-51.6907	-22.0320	-43.5214	-22.4547	-34.4534	-23.9790	-29.7790	-24.8105	-24.3761	-24.6672	-18.9103	-26.2785	-13.9366	-28.1029	-51.0376	-64.2182	-15.3327	-57.1935	-19.4896	-48.2186	-15.3327	-57.1935
pl04	26/05/2017 17:58:28	1.1402	0.0847	Mowie paka teraz	a	-64.6973	-56.0678	-68.8521	-44.0318	-70.1545	-30.8401	-65.7218	-20.7184	-57.9850	-13.8840	-49.1726	-11.5934	-39.5390	-17.1054	-35.8306	-22.2449	-30.6028	-24.1770	-25.2089	-25.9405	-20.2346	-29.2813	-52.1158	-61.9785	-15.2691	-60.0802	-19.2965	-49.8383	-15.2691	-60.0802
pl04	26/05/2017 17:58:32	1.2782	0.0647	Mowie pudu teraz	u	-57.2346	-53.1046	-62.3966	-40.0786	-66.9707	-25.8808	-62.7235	-15.6674	-54.2845	-11.2284	-43.9802	-10.3047	-35.0078	-15.7246	-30.8989	-19.8851	-24.9030	-21.0073	-19.1325	-21.7983	-13.8625	-24.1285	-49.0338	-63.3012	-13.0617	-54.4718	-18.1942	-45.6865	-13.0617	-54.4718
pl04	26/05/2017 17:58:35	1.1788	0.0969	Mowie paga teraz	a	-62.4619	-56.0788	-67.0257	-43.6153	-69.6359	-30.1648	-65.7234	-19.3713	-57.2770	-12.5571	-47.8544	-10.8271	-38.1437	-16.3818	-34.6734	-21.1974	-29.4393	-23.4414	-24.3363	-25.1421	-19.4959	-28.8198	-51.2628	-63.0463	-15.6384	-59.5754	-19.4760	-49.2098	-15.6384	-59.5754
pl04	26/05/2017 17:58:47	1.5161	0.0801	Mowie poto teraz	O	-64.7356	-55.5223	-69.5378	-42.9769	-68.3101	-30.2602	-61.9849	-21.5574	-51.3267	-18.8342	-43.4472	-20.6459	-34.2431	-24.1624	-29.3285	-25.2474	-23.9258	-24.9496	-18.4435	-26.0155	-13.1733	-28.0487	-51.4958	-62.4097	-13.9059	-55.0423	-18.6812	-47.0753	-13.9059	-55.0423
pl04	26/05/2017 17:58:50	1.3666	0.0595	Mowie pugu teraz	u	-60.7266	-54.2513	-67.4713	-40.9961	-71.0671	-26.6443	-66.0498	-16.4357	-56.8636	-11.5521	-47.7479	-10.9482	-38.7414	-17.5775	-34.5811	-22.1666	-30.1625	-23.7624	-24.7198	-25.6491	-20.2306	-30.0291	-49.3490	-63.2257	-12.8687	-58.2030	-17.3954	-48.3241	-12.8687	-58.2030
pl04	26/05/2017 17:58:53	1.2428	0.0578	Mowie poko teraz	O	-63.3147	-54.2630	-68.5317	-41.9072	-70.6328	-28.3165	-66.1005	-18.3818	-56.8085	-12.9591	-48.6331	-12.9472	-40.5231	-20.4207	-36.5723	-24.2595	-32.1708	-25.6312	-26.6307	-27.8381	-22.3007	-32.1179	-50.5207	-63.0735	-15.2964	-60.1909	-19.3264	-50.2231	-15.2964	-60.1909
pl04	26/05/2017 17:58:56	1.3313	0.0527	Mowie putu teraz	u	-60.9334	-52.1928	-65.6943	-40.0896	-67.8992	-25.7224	-61.6823	-16.5943	-52.7746	-11.5369	-42.8093	-10.8572	-34.3064	-17.3825	-29.4389	-21.4986	-23.7062	-22.6552	-18.2037	-23.0274	-12.7593	-25.3560	-48.2121	-62.1062	-12.8803	-53.6606	-18.1190	-44.8907	-12.8803	-53.6606
pl04	26/05/2017 17:59:00	1.3061	0.0833	Mowie podo teraz	O	-62.8176	-56.2406	-68.4291	-43.5588	-69.1584	-30.1519	-63.6121	-21.3811	-53.5079	-18.0067	-44.7910	-19.1094	-36.1429	-23.7841	-31.3357	-25.3950	-25.7772	-25.1127	-20.4611	-26.4251	-15.1582	-28.3569	-49.8557	-63.2546	-14.4085	-56.1460	-18.9632	-47.5145	-14.4085	-56.1460
pl04	26/05/2017 17:59:03	1.2797	0.0828	Mowie pata teraz	a	-62.7081	-58.2406	-67.2649	-46.1860	-67.2898	-33.6091	-61.5541	-24.6759	-51.7230	-21.3569	-43.7198	-22.4823	-35.4201	-25.0774	-30.7095	-26.2097	-25.0197	-25.7440	-19.2607	-26.8100	-14.5887	-27.6445	-51.3537	-62.6324	-15.9871	-57.8680	-19.8061	-48.5184	-15.9871	-57.8680
pl04	26/05/2017 17:59:06	1.2966	0.0803	Mowie pogo teraz	O	-63.2609	-54.2347	-69.2551	-42.1120	-71.5129	-28.4331	-66.0166	-17.5731	-57.5754	-12.3016	-48.1959	-9.6238	-39.7201	-15.3007	-36.0702	-20.3171	-30.7929	-22.3837	-25.6742	-23.8538	-21.3052	-27.9918	-49.9967	-63.4104	-14.2276	-59.8194	-18.5879	-49.3477	-14.2276	-59.8194
pl04	26/05/2017 17:59:10	1.2986	0.0419	Mowie puku teraz	u	-61.6188	-55.1025	-67.7196	-42.8498	-71.2076	-29.3874	-67.3114	-18.4823	-58.7201	-12.2119	-49.2813	-10.5325	-39.9239	-16.4300	-36.1481	-21.9200	-31.0691	-24.4146	-25.6270	-25.7488	-20.6717	-29.5252	-50.9089	-64.1008	-13.9440	-58.3860	-18.5506	-48.6912	-13.9440	-58.3860
pl04	26/05/2017 17:59:13	1.2585	0.0806	Mowie pada teraz	a	-61.5674	-58.6894	-66.1101	-47.1408	-66.3970	-33.9325	-60.6773	-25.2037	-50.4618	-21.5975	-42.7863	-22.4189	-33.3937	-23.9045	-28.6344	-24.2537	-23.3674	-24.1610	-17.8793	-25.3180	-12.8784	-27.4983	-51.1195	-63.1950	-14.6281	-55.6686	-18.7205	-47.4079	-14.6281	-55.6686
pl04	26/05/2017 17:59:17	1.3028	0.0700	Mowie paka teraz	a	-63.6950	-55.1698	-67.7778	-42.6304	-69.0629	-29.1031	-64.2243	-18.8571	-55.7901	-12.9051	-46.9826	-11.8364	-39.3618	-18.0224	-35.9204	-22.9885	-30.9136	-25.3559	-25.1437	-27.0400	-20.2641	-30.9397	-51.9310	-61.9825	-15.6113	-60.2157	-19.1145	-49.3601	-15.6113	-60.2157
pl04	26/05/2017 17:59:20	1.2551	0.0452	Mowie pudu teraz	u	-58.2032	-54.6023	-62.3951	-41.0435	-66.2892	-26.8557	-61.7737	-16.4646	-54.2990	-10.4358	-42.9622	-9.1759	-35.0370	-13.8955	-30.4455	-18.8865	-25.0559	-20.1958	-19.7398	-21.4293	-14.4505	-24.7886	-48.8344	-62.9389	-13.4008	-54.6405	-18.6198	-45.7827	-13.4008	-54.6405
pl04	26/05/2017 17:59:23	1.3429	0.0880	Mowie paga teraz	a	-62.0856	-56.1519	-67.2137	-43.7677	-69.1559	-29.6310	-64.7319	-19.0355	-56.5804	-12.9013	-47.2181	-11.2255	-38.7477	-16.5392	-34.8330	-21.5529	-29.4855	-23.9656	-24.0968	-25.4496	-19.1296	-28.7433	-51.0045	-63.2401	-15.8211	-59.4292	-19.6075	-49.0022	-15.8211	-59.4292
pl04	26/05/2017 17:59:34	1.0991	0.0731	Mowie poto teraz	O	-63.3901	-56.2100	-69.0995	-43.7555	-68.9247	-30.6793	-63.4266	-22.1068	-52.3951	-19.5076	-44.2271	-20.4607	-35.8042	-24.3992	-31.1798	-25.8262	-25.6472	-24.9785	-20.2930	-25.8014	-15.3298	-27.9956	-50.0551	-63.0939	-14.2105	-55.4749	-18.8443	-47.2229	-14.2105	-55.4749
pl04	26/05/2017 17:59:37	1.1703	0.0607	Mowie pugu teraz	u	-60.2559	-55.6334	-64.8890	-43.7640	-70.8897	-29.7182	-66.7650	-18.8734	-58.6084	-12.2064	-48.9704	-10.6808	-39.6910	-15.5388	-34.9357	-19.8574	-30.4745	-22.1550	-25.2493	-24.8379	-20.6339	-29.7425	-49.6263	-63.3787	-13.6188	-58.1696	-18.0229	-48.1239	-13.6188	-58.1696
pl04	26/05/2017 17:59:40	1.0470	0.0567	Mowie poko teraz	O	-63.4279	-55.4892	-67.8467	-43.4294	-70.1581	-30.2725	-66.3185	-19.3548	-58.0922	-13.0754	-49.3931	-11.7535	-40.8581	-17.8460	-36.9645	-22.7556	-32.1178	-24.9366	-26.5841	-27.6481	-22.0621	-32.6271	-50.7497	-62.7645	-15.5147	-60.2018	-19.1198	-50.3271	-15.5147	-60.2018
pl04	26/05/2017 17:59:43	1.0833	0.0598	Mowie putu teraz	u	-59.3109	-55.2288	-64.2143	-42.3747	-68.0214	-28.2644	-63.7610	-17.6297	-55.7474	-12.4463	-45.4304	-11.0935	-36.4021	-16.5120	-32.1546	-20.5357	-26.2578	-21.4326	-20.1188	-22.1976	-14.8991	-23.8653	-49.7529	-63.2986	-12.8723	-54.7882	-18.0982	-46.1309	-12.8723	-54.7882
pl04	26/05/2017 17:59:46	1.2078	0.0771	Mowie podo teraz	O	-63.3209	-55.5636	-68.7518	-43.8458	-69.4113	-31.0400	-64.1561	-22.7540	-55.0222	-18.5860	-46.1967	-17.4811	-37.7120	-22.8230	-32.3931	-24.6990	-26.6197	-24.9196	-21.1960	-25.3740	-15.6893	-26.9182	-50.3321	-62.8672	-15.0435	-55.5712	-19.3297	-47.0829	-15.0435	-55.5712
pl04	26/05/2017 17:59:49	1.2218	0.0754	Mowie pata teraz	a	-62.0196	-57.8757	-66.2070	-45.4872	-65.4023	-33.2896	-60.5196	-24.0060	-50.4899	-20.5290	-42.5771	-21.5284	-33.4849	-23.7757	-28.4384	-23.8339	-23.0427	-23.4957	-17.6758	-24.1662	-11.9617	-25.7230	-51.2375	-62.4403	-14.7827	-55.6391	-18.9484	-47.1596	-14.7827	-55.6391
pl04	26/05/2017 17:59:52	1.2181	0.0747	Mowie pogo teraz	O	-62.4374	-55.4437	-68.9343	-43.2104	-71.4094	-29.3707	-65.8186	-18.3785	-56.7457	-12.3709	-47.7869	-10.4792	-39.4739	-17.1588	-35.8451	-22.1957	-31.1059	-24.0847	-25.7232	-26.3736	-21.0765	-31.6953	-50.5690	-63.6721	-15.3677	-59.8678	-19.1309	-49.0679	-15.3677	-59.8678
pl04	26/05/2017 17:59:55	1.1150	0.0346	Mowie puku teraz	u	-60.6834	-55.3327	-67.3813	-43.3758	-70.5104	-29.9613	-66.9485	-18.5969	-58.5135	-11.9826	-48.2275	-10.3032	-39.0116	-15.6790	-34.3549	-21.5891	-29.2440	-23.3799	-23.7304	-26.2041	-19.5082	-30.9947	-49.5041	-63.0524	-14.0775	-59.1421	-18.4513	-49.0029	-14.0775	-59.1421
pl04	26/05/2017 17:59:59	1.1956	0.0769	Mowie pada teraz	a	-61.5174	-58.2263	-66.4413	-46.3188	-65.5033	-33.7137	-60.0366	-24.7015	-49.5217	-22.0540	-41.7176	-23.1451	-32.9200	-24.3385	-28.2665	-24.3341	-23.0523	-24.3611	-17.8364	-25.7616	-12.6865	-28.0859	-50.4051	-63.8615	-15.4950	-56.3734	-19.6118	-47.8664	-15.4950	-56.3734
pl04	26/05/2017 18:00:02	1.1642	0.0552	Mowie paka teraz	a	-63.4969	-56.4335	-67.6428	-44.2153	-68.8837	-30.8822	-64.9183	-21.1714	-56.9872	-14.8948	-48.8354	-13.1335	-40.3705	-18.5586	-36.4022	-23.1772	-31.0393	-24.9583	-25.3874	-26.4756	-20.5387	-30.3031	-52.0004	-63.4034	-16.1393	-59.8818	-19.7490	-49.6145	-16.1393	-59.8818
pl04	26/05/2017 18:00:05	1.0653	0.0653	Mowie pudu teraz	u	-60.5817	-54.3799	-66.3558	-41.4893	-68.5152	-25.9815	-63.6510	-16.9515	-54.5571	-11.3077	-44.8987	-10.3606	-35.1170	-15.9974	-30.5345	-20.7010	-24.8345	-22.0395	-19.1730	-22.8374	-13.6065	-25.0919	-48.9925	-62.2539	-13.4563	-54.2755	-18.3438	-45.3081	-13.4563	-54.2755
pl04	26/05/2017 18:00:08	1.2266	0.0763	Mowie paga teraz	a	-61.7674	-56.5105	-66.6932	-44.1065	-68.7543	-30.0154	-64.5984	-19.0727	-56.4014	-11.8423	-46.8049	-10.4073	-37.7227	-15.3590	-33.2236	-20.3274	-28.5765	-22.7067	-23.5045	-25.5083	-19.1085	-30.1076	-51.6157	-63.3324	-16.6201	-59.5172	-19.7826	-48.9016	-16.6201	-59.5172
pl05	26/05/2017 18:28:59	1.4988	0.0789	Mowie pata teraz	a	-69.9471	-55.7745	-74.4441	-43.6645	-71.4062	-30.4200	-64.5620	-22.0993	-55.6341	-17.3697	-45.8565	-13.8454	-36.4816	-14.4283	-31.4054	-15.5707	-25.9239	-16.2483	-20.7616	-17.0381	-15.0808	-17.3717	-55.4872	-60.9570	-19.7988	-58.8727	-23.3816	-48.3490	-19.7988	-58.8727
pl05	26/05/2017 18:29:03	1.3178	0.1200	Mowie paga teraz	a	-69.0921	-53.4493	-70.2429	-37.2687	-66.7969	-22.7142	-63.6695	-8.4651	-57.6846	-0.0596	-46.2468	6.6351	-34.7325	8.7779	-28.6724	7.5316	-22.5402	-6.9411	-21.4323	-16.8063	-16.2269	-21.9938	-55.4661	-62.2868	-19.4040	-60.3070	-23.0036	-48.5193	-19.4040	-60.3070
pl05	26/05/2017 18:29:07	1.2684	0.0766	Mowie puku teraz	u	-68.3119	-55.7846	-73.3076	-41.2577	-74.4866	-24.6960	-71.7943	-8.7048	-64.3259	-0.1962	-52.6219	3.6867	-41.7523	1.2863	-36.8765	-5.5035	-32.8686	-11.9690	-27.2835	-16.7946	-22.8819	-23.8228	-56.0807	-66.2731	-17.6231	-60.1381	-20.9269	-48.9243	-17.6231	-60.1381
pl05	26/05/2017 18:29:11	1.3487	0.0957	Mowie poto teraz	O	-71.8936	-54.7445	-76.1756	-41.6555	-74.8766	-28.4316	-67.6171	-20.2846	-57.3626	-17.1871	-47.1076	-15.5704	-37.1352	-16.8973	-32.5073	-17.9948	-26.6614	-17.9968	-21.4083	-17.9674	-15.8524	-17.4758	-56.3996	-64.6755	-19.4821	-58.5497	-22.6747	-47.9442	-19.4821	-58.5497
pl05	26/05/2017 18:29:14	1.3809	0.0884	Mowie pudu teraz	u	-60.8332	-57.8768	-67.5290	-44.8220	-71.8514	-29.1919	-69.5519	-14.9986	-59.8242	-6.0490	-46.8904	-4.3574	-37.6781	-11.6115	-32.6948	-14.9535	-26.3692	-16.1164	-20.5752	-16.8675	-14.4189	-17.4862	-55.7959	-67.5157	-16.9310	-57.2210	-20.8732	-46.6761	-16.9310	-57.2210
pl05	26/05/2017 18:29:17	1.4624	0.1167	Mowie podo teraz	O	-69.1890	-60.5335	-74.0554	-47.2928	-74.1508	-32.9235	-67.4316	-23.0079	-57.1183	-20.0405	-46.8826	-17.7167	-37.7325	-17.5925	-32.8124	-18.1457	-26.8759	-17.7898	-21.5578	-18.3367	-16.1169	-18.4973	-56.4627	-65.9731	-19.3524	-58.6433	-22.7318	-49.1663	-19.3524	-58.6433
pl05	26/05/2017 18:29:21	1.6036	0.0950	Mowie pugu teraz	u	-64.1327	-58.4378	-73.9709	-47.4412	-75.3926	-32.1437	-72.3322	-20.1501	-62.1401	-16.7585	-52.4678	-10.4369	-42.5116	-8.4110	-38.3183	-8.3463	-32.2207	-3.6479	-26.6572	-2.4414	-21.5737	-3.0643	-55.9097	-69.2547	-18.4741	-59.8552	-20.9395	-49.0412	-18.4741	-59.8552
pl05	26/05/2017 18:29:25	1.5299	0.1288	Mowie pada teraz	a	-69.6723	-59.1296	-74.0238	-46.9688	-70.2866	-34.2595	-62.0946	-27.1663	-52.4884	-22.1796	-43.8753	-18.0565	-35.5798	-15.6819	-31.0515	-15.6001	-25.7993	-15.6424	-20.5985	-16.1657	-15.1063	-16.5956	-55.5941	-65.4317	-19.0717	-58.8014	-22.2307	-47.8960	-19.0717	-58.8014
pl05	26/05/2017 18:29:28	1.3461	0.0800	Mowie poko teraz	O	-70.5271	-57.1760	-74.3227	-43.3459	-73.0714	-28.5041	-68.8091	-17.0337	-63.9395	-7.6494	-55.0443	-1.9930	-45.0335	-4.4844	-39.5562	-9.3509	-34.8126	-11.3833	-29.4169	-14.7409	-24.2368	-20.2383	-56.5613	-65.6608	-18.9087	-60.0762	-22.0986	-48.8798	-18.9087	-60.0762
pl05	26/05/2017 18:29:32	1.4030	0.1106	Mowie paka teraz	a	-69.4686	-55.0571	-73.4223	-41.4955	-70.6927	-28.0614	-65.0998	-18.3043	-58.3396	-9.2824	-49.0734	-3.7829	-39.8985	-8.9391	-34.3607	-12.9558	-29.0174	-16.7012	-24.5375	-19.5669	-20.2185	-23.7216	-54.8172	-63.3049	-19.3817	-60.2623	-22.8110	-49.5949	-19.3817	-60.2623
pl05	26/05/2017 18:29:35	1.3551	0.0803	Mowie putu teraz	u	-61.6702	-54.9617	-66.3624	-41.1695	-69.2995	-25.8607	-65.5702	-13.0890	-57.1319	-6.0640	-44.9685	-7.8070	-36.5792	-12.5195	-31.1893	-14.8503	-25.8401	-15.1343	-19.8046	-15.2176	-13.6103	-14.8887	-55.1199	-65.5012	-17.0164	-57.0872	-20.3884	-46.7617	-17.0164	-57.0872
pl05	26/05/2017 18:29:39	1.2513	0.1015	Mowie pogo teraz	O	-69.8994	-56.6826	-76.6880	-40.9824	-80.0475	-24.0274	-73.3416	-6.6083	-64.1847	0.3966	-53.7387	2.6860	-41.8669	-8.1536	-36.8817	-10.2595	-33.1989	-12.9600	-27.3867	-15.7894	-23.1312	-20.1462	-56.2242	-65.4478	-18.8089	-60.3622	-21.8432	-50.1202	-18.8089	-60.3622
pl05	26/05/2017 18:29:53	1.4997	0.0954	Mowie pata teraz	a	-71.6615	-54.8342	-75.3046	-41.5376	-71.6248	-30.0429	-64.4227	-22.7881	-55.3559	-18.1495	-45.7047	-14.6998	-36.4020	-14.4806	-31.8555	-15.6352	-26.2110	-15.8956	-20.8507	-15.7675	-15.3991	-14.9435	-55.0226	-63.2118	-19.9284	-59.6839	-23.1614	-48.7202	-19.9284	-59.6839
pl05	26/05/2017 18:29:56	1.2902	0.1210	Mowie paga teraz	a	-67.1922	-55.2173	-70.1066	-40.8190	-69.4374	-25.8831	-66.0151	-13.1950	-59.7368	-2.2495	-49.0209	4.8617	-38.2631	3.0939	-31.5011	-3.0918	-26.6648	-7.4051	-21.2617	-12.0260	-17.6812	-19.0751	-54.4740	-63.3904	-18.9839	-60.1609	-22.5403	-48.7339	-18.9839	-60.1609
pl05	26/05/2017 18:29:59	1.2251	0.0600	Mowie puku teraz	u	-67.9173	-59.3705	-73.0722	-46.5195	-74.6074	-30.2817	-71.6944	-17.5210	-65.5501	-4.0717	-55.0151	-0.1930	-44.6406	-0.7760	-37.9979	-6.9469	-32.2983	-11.2851	-26.6883	-14.0629	-22.1357	-20.5530	-55.9298	-66.6316	-18.1889	-60.3467	-21.6425	-48.9034	-18.1889	-60.3467
pl05	26/05/2017 18:30:03	1.2453	0.0944	Mowie poto teraz	O	-71.5159	-55.8947	-76.1261	-42.9954	-75.7952	-29.6249	-68.7064	-20.6727	-58.5709	-17.0422	-48.0381	-15.2299	-38.1736	-16.9976	-34.0731	-17.8275	-27.8354	-17.8814	-22.3214	-17.9246	-16.9401	-17.4267	-56.5216	-64.8383	-19.3066	-58.5732	-22.8694	-48.4313	-19.3066	-58.5732
pl05	26/05/2017 18:30:06	1.1912	0.0925	Mowie pudu teraz	u	-62.6703	-58.7093	-68.4532	-45.1617	-71.7971	-29.9392	-69.6734	-15.8867	-61.3970	-6.4135	-48.8451	-4.5911	-38.4523	-10.0801	-32.9608	-12.8728	-26.6795	-14.4676	-20.4429	-15.5567	-14.1489	-16.5889	-55.5500	-68.2424	-17.4852	-57.6338	-21.6464	-46.9734	-17.4852	-57.6338
pl05	26/05/2017 18:30:09	1.0991	0.0994	Mowie podo teraz	O	-69.5741	-59.6574	-74.7100	-46.1170	-74.8016	-31.8882	-67.6355	-22.5043	-57.5468	-19.2945	-47.5623	-17.3226	-38.3576	-17.0026	-33.7212	-17.7073	-27.3804	-17.2493	-21.7487	-17.5540	-16.4370	-17.8839	-56.0395	-65.6175	-19.0898	-58.2386	-22.5602	-47.8821	-19.0898	-58.2386
pl05	26/05/2017 18:30:12	1.2452	0.0779	Mowie pugu teraz	u	-64.1508	-58.0726	-68.3209	-45.5609	-70.9445	-30.5230	-71.6620	-16.1340	-65.7625	-1.2719	-53.1388	1.6347	-41.4518	-1.6209	-38.4722	-6.0058	-33.9889	-16.5458	-29.7574	-22.5740	-25.7302	-28.2750	-55.5623	-69.0398	-18.1340	-60.8668	-20.6928	-50.5165	-18.1340	-60.8668
pl05	26/05/2017 18:30:16	1.3507	0.1248	Mowie pada teraz	a	-69.1443	-58.9963	-73.2352	-46.3201	-71.6074	-33.0549	-63.9035	-24.7827	-54.1208	-20.4852	-44.8565	-16.8376	-36.3065	-15.2926	-31.4039	-15.6203	-26.1056	-15.8687	-21.0489	-16.2039	-15.7621	-16.3293	-55.3796	-65.3596	-19.3840	-59.2753	-22.8001	-49.0638	-19.3840	-59.2753
pl05	26/05/2017 18:30:19	1.2503	0.0900	Mowie poko teraz	O	-69.6137	-57.4748	-74.3788	-44.6795	-73.4397	-29.8415	-68.9900	-17.9547	-63.5885	-7.2332	-53.7979	-3.3124	-43.0511	-10.5557	-37.6224	-14.9692	-32.6097	-18.0229	-27.3442	-20.7284	-22.5803	-25.0121	-56.7272	-66.2652	-19.0696	-60.4872	-22.2080	-49.8022	-19.0696	-60.4872
pl05	26/05/2017 18:30:23	1.2814	0.1004	Mowie paka teraz	a	-69.8920	-51.5041	-71.7195	-36.0336	-67.8190	-23.2523	-63.6700	-11.3878	-57.9736	-1.9837	-47.8260	2.4513	-38.6575	-4.8118	-33.7675	-11.0322	-29.0754	-14.0497	-25.4521	-19.1346	-21.3824	-23.4862	-54.3213	-63.1950	-19.6181	-61.0799	-23.2689	-50.5397	-19.6181	-61.0799
pl05	26/05/2017 18:30:26	1.3403	0.0766	Mowie putu teraz	u	-63.0232	-58.0815	-71.0598	-45.1784	-73.4193	-29.9553	-70.4195	-16.5524	-62.9187	-6.2489	-50.6598	-2.6024	-39.4869	-9.8282	-33.9311	-13.5032	-26.9269	-14.4629	-20.7180	-15.3532	-14.1885	-16.5434	-55.4596	-68.5787	-18.1751	-57.7973	-22.2454	-46.4009	-18.1751	-57.7973
pl05	26/05/2017 18:30:30	1.2855	0.0930	Mowie pogo teraz	O	-69.0696	-57.5709	-72.0932	-42.1152	-71.8493	-26.3110	-67.6787	-13.9460	-62.8193	-1.3467	-53.3366	3.8530	-40.5565	-4.9308	-36.1700	-12.1650	-32.2662	-13.4642	-26.2629	-15.6755	-21.3211	-17.1663	-55.9425	-66.0697	-19.0001	-60.4218	-21.9182	-49.6895	-19.0001	-60.4218
pl05	26/05/2017 18:30:44	1.4132	0.0893	Mowie pata teraz	a	-70.9427	-56.0831	-75.6069	-43.0773	-71.6677	-29.7018	-63.7761	-22.1098	-54.9163	-17.0868	-45.8510	-13.5097	-36.4354	-13.5830	-31.3309	-14.5066	-26.4346	-14.4010	-20.6959	-14.2894	-14.6912	-13.8877	-54.9057	-63.4610	-19.4605	-59.2585	-22.5573	-48.4000	-19.4605	-59.2585
pl05	26/05/2017 18:30:47	1.2773	0.1179	Mowie paga teraz	a	-69.2539	-53.7455	-71.1450	-38.9628	-67.3384	-24.4826	-62.5301	-13.0088	-57.7653	-2.8411	-47.3996	2.0524	-38.3849	-5.1354	-33.4643	-11.3272	-27.8422	-15.0036	-23.1058	-19.9379	-19.6382	-22.5791	-55.2165	-63.8446	-19.0646	-60.3439	-22.3886	-49.0950	-19.0646	-60.3439
pl05	26/05/2017 18:30:51	1.2144	0.0736	Mowie puku teraz	u	-67.9591	-60.3875	-74.2121	-47.1038	-75.5374	-29.9864	-73.8506	-17.4309	-68.4650	-5.5393	-56.4486	-0.8013	-45.6103	-4.6311	-39.1789	-8.1723	-34.1328	-12.0822	-29.1285	-17.4484	-25.1810	-24.1532	-55.8399	-68.5234	-18.4950	-60.0017	-21.7588	-48.8959	-18.4950	-60.0017
pl05	26/05/2017 18:30:54	1.1664	0.0943	Mowie poto teraz	O	-70.5896	-58.1608	-75.3918	-45.2179	-74.9465	-30.9287	-68.7713	-21.2789	-58.6875	-17.0487	-48.6337	-15.3563	-38.6122	-16.6047	-34.0344	-17.6298	-27.3766	-17.2743	-21.4917	-17.4024	-16.0242	-17.1085	-56.3582	-65.4586	-19.0067	-57.9767	-22.0569	-47.4601	-19.0067	-57.9767
pl05	26/05/2017 18:30:58	1.2397	0.0867	Mowie pudu teraz	u	-60.8113	-58.0509	-64.7751	-45.1233	-69.1978	-31.9148	-69.3545	-17.5832	-62.0642	-6.8032	-50.3133	-4.7197	-39.2406	-9.7353	-34.2436	-13.0363	-27.7466	-13.8791	-20.8035	-15.1125	-14.2825	-16.1102	-55.8832	-68.1679	-17.6241	-56.7337	-21.6411	-45.8892	-17.6241	-56.7337
pl05	26/05/2017 18:31:01	1.3659	0.1088	Mowie podo teraz	O	-70.6016	-60.3920	-75.8313	-46.6536	-74.4250	-33.2219	-67.7278	-23.6698	-57.3103	-20.7371	-46.9572	-18.0608	-37.5677	-17.2593	-32.6620	-17.7854	-26.9116	-17.3081	-21.3400	-17.3467	-15.5554	-17.0146	-56.8389	-66.4830	-19.2088	-58.1639	-22.7912	-47.3888	-19.2088	-58.1639
pl05	26/05/2017 18:31:04	1.1680	0.0853	Mowie pugu teraz	u	-63.2649	-59.2416	-68.0746	-46.4431	-71.1849	-31.4800	-70.1501	-17.4170	-63.8952	-4.7678	-54.0423	0.4741	-42.0753	-4.5818	-37.6921	-8.8548	-32.9204	-14.3179	-28.2108	-19.2599	-24.0596	-25.6392	-56.0006	-68.6586	-17.5831	-60.0132	-20.3199	-49.4543	-17.5831	-60.0132
pl05	26/05/2017 18:31:08	1.2986	0.1198	Mowie pada teraz	a	-70.9274	-57.5133	-75.2579	-44.9808	-71.9374	-32.9010	-64.0287	-25.4475	-54.2867	-21.0390	-44.6941	-17.4920	-36.0456	-15.8761	-30.9695	-16.3910	-25.5637	-16.6111	-20.3627	-16.6167	-15.5274	-16.9390	-55.7831	-64.6445	-19.0991	-59.0984	-22.2755	-48.3885	-19.0991	-59.0984
pl05	26/05/2017 18:31:11	1.3017	0.0879	Mowie poko teraz	O	-70.1402	-57.9730	-74.0138	-42.8806	-73.0158	-28.2383	-68.7854	-16.4460	-63.1665	-5.9307	-53.1812	-2.2055	-42.7423	-9.5804	-37.6634	-13.6698	-32.6528	-16.9102	-26.8780	-18.8287	-21.7829	-22.6133	-56.6751	-66.9935	-18.5819	-60.2550	-21.3466	-49.5981	-18.5819	-60.2550
pl05	26/05/2017 18:31:14	1.1805	0.1000	Mowie paka teraz	a	-69.7033	-53.5136	-71.6309	-37.6482	-68.7527	-23.1864	-64.3210	-10.1892	-57.2089	0.3839	-45.3728	6.9926	-32.6951	6.9733	-33.7776	-10.8759	-28.9256	-13.4639	-23.5646	-17.2438	-20.5455	-20.9768	-55.1838	-63.9192	-19.5131	-60.5754	-23.0387	-49.5371	-19.5131	-60.5754
pl05	26/05/2017 18:31:22	1.1702	0.0869	Mowie pogo teraz	O	-70.0145	-58.3939	-73.3731	-43.5725	-72.8669	-28.2786	-69.4946	-16.0659	-66.0701	-4.5290	-55.6390	3.2923	-44.7579	9.9038	-40.1447	8.7913	-31.3402	8.3293	-26.9193	8.8083	-20.7788	7.8527	-55.5897	-66.2251	-18.4631	-59.7576	-21.7481	-48.2855	-18.4631	-59.7576
pl05	26/05/2017 18:32:24	1.4889	0.0696	Mowie putu teraz	u	-61.3427	-57.2635	-67.8758	-43.2704	-73.0245	-28.7287	-70.8444	-14.7050	-61.1436	-6.5233	-48.7653	-5.3109	-39.0793	-12.2376	-33.0615	-14.9904	-26.8949	-15.8260	-20.9123	-15.7791	-14.3957	-16.2017	-55.2643	-67.9527	-17.4316	-57.6260	-21.2551	-46.7520	-17.4316	-57.6260
pl05	26/05/2017 18:32:40	1.5860	0.1082	Mowie pata teraz	a	-70.5275	-56.6351	-75.1103	-43.2685	-71.5182	-29.8844	-64.1738	-22.1096	-54.9529	-17.7988	-45.8622	-14.4398	-35.7002	-14.7435	-31.1278	-15.9292	-25.8918	-16.2859	-20.2900	-16.3244	-14.2632	-15.9320	-54.3336	-63.7305	-19.8555	-59.8326	-22.5654	-49.4808	-19.8555	-59.8326
pl05	26/05/2017 18:32:43	1.2476	0.1372	Mowie paga teraz	a	-69.5798	-53.1232	-70.2822	-37.7776	-66.6258	-23.5351	-62.9722	-10.1162	-56.6818	-0.8513	-46.2713	6.1388	-35.3211	6.3633	-30.1810	3.5047	-23.5559	0.7349	-18.5414	-4.0402	-18.3805	-19.9009	-55.3144	-63.2492	-18.4749	-59.7581	-22.2445	-47.6327	-18.4749	-59.7581
pl05	26/05/2017 18:32:46	1.0538	0.0709	Mowie puku teraz	u	-65.3126	-58.2622	-70.5875	-45.4848	-73.9809	-30.9540	-70.3923	-14.5539	-63.9543	-1.8963	-54.3605	1.8221	-44.3277	-2.7270	-37.2868	-6.8366	-32.6675	-12.4470	-29.4675	-20.0434	-25.2105	-25.4083	-55.5505	-67.9298	-18.2445	-60.2977	-21.2211	-49.4841	-18.2445	-60.2977
pl05	26/05/2017 18:32:49	1.2220	0.0937	Mowie poto teraz	O	-71.8047	-57.2197	-76.6298	-44.0013	-77.0289	-30.0810	-69.8005	-20.8982	-58.8761	-17.6751	-48.7148	-15.5738	-38.3006	-17.2876	-33.8424	-18.1685	-27.2099	-18.0862	-21.1151	-17.8097	-15.7880	-17.2663	-57.4574	-65.5928	-19.1838	-58.0550	-22.4598	-47.1624	-19.1838	-58.0550
pl05	26/05/2017 18:32:52	1.1845	0.1021	Mowie pudu teraz	u	-61.0036	-58.4673	-67.4451	-44.9175	-71.4603	-29.5399	-69.0928	-15.4587	-60.6334	-5.4435	-48.1430	-2.8490	-38.0838	-9.8720	-32.9334	-13.3311	-26.7471	-15.2473	-20.3260	-16.5529	-14.3893	-17.9388	-55.6912	-68.5823	-17.3982	-57.6000	-21.5746	-46.8122	-17.3982	-57.6000
pl05	26/05/2017 18:32:55	1.1766	0.1246	Mowie podo teraz	O	-69.6317	-59.9005	-74.6179	-46.4981	-75.3126	-32.4611	-68.4054	-22.8659	-57.6808	-19.5630	-47.4412	-17.0132	-37.6322	-16.9793	-32.6808	-17.6858	-26.8718	-17.6072	-21.1938	-17.6901	-15.6447	-17.7747	-56.4277	-65.9426	-19.1046	-58.0037	-22.7893	-47.6301	-19.1046	-58.0037
pl05	26/05/2017 18:32:58	1.2658	0.0707	Mowie pugu teraz	u	-66.3021	-57.7437	-72.9962	-46.6139	-74.1336	-29.4721	-72.6413	-16.6390	-66.8576	-3.1730	-53.9907	1.6881	-44.1928	-4.4936	-37.0507	-8.3943	-32.7003	-16.6688	-27.8152	-20.3358	-24.3653	-26.5480	-56.7323	-67.2371	-17.6658	-60.4317	-20.7336	-49.7370	-17.6658	-60.4317
pl05	26/05/2017 18:33:01	1.3036	0.1410	Mowie pada teraz	a	-70.2778	-58.2324	-74.7311	-45.8940	-70.8327	-33.8388	-63.3891	-26.1831	-54.1125	-21.0393	-45.5323	-17.3942	-36.4178	-15.2349	-31.5952	-15.3173	-26.6133	-15.2957	-21.5484	-15.5604	-16.1951	-16.2273	-55.8628	-64.5927	-18.8978	-58.5167	-22.2354	-47.9586	-18.8978	-58.5167
pl05	26/05/2017 18:33:04	1.2847	0.0925	Mowie poko teraz	O	-69.7178	-57.3827	-74.7556	-42.5038	-73.8512	-27.2024	-69.4924	-15.1839	-61.7686	-5.3617	-52.2099	0.8490	-41.5270	-3.2678	-36.2447	-10.2220	-31.8967	-12.5638	-27.5435	-15.3080	-23.6663	-21.7065	-56.0222	-65.4417	-18.7772	-60.6208	-21.9982	-49.4627	-18.7772	-60.6208
pl05	26/05/2017 18:33:07	1.2346	0.1178	Mowie paka teraz	a	-69.2922	-55.1063	-72.6927	-41.5063	-69.8397	-27.8611	-65.6845	-16.1869	-61.5488	-4.1272	-51.0592	2.0582	-39.2413	-4.8934	-34.2642	-9.7875	-30.6160	-15.6432	-26.2320	-18.1910	-22.6107	-23.4020	-55.5655	-65.4205	-19.2832	-60.4250	-22.1395	-49.8756	-19.2832	-60.4250
pl05	26/05/2017 18:33:11	1.1452	0.0985	Mowie putu teraz	u	-60.6156	-56.8790	-67.5184	-43.3011	-72.2246	-28.9441	-69.9206	-15.4179	-61.2259	-6.4939	-48.0009	-4.2619	-38.1660	-11.0005	-32.7510	-13.8791	-26.2325	-14.8597	-20.1673	-15.3931	-13.5479	-16.5767	-55.3702	-68.1258	-17.4282	-57.3014	-21.4251	-46.5336	-17.4282	-57.3014
pl05	26/05/2017 18:33:14	1.1801	0.0976	Mowie pogo teraz	O	-70.9642	-56.5932	-72.1623	-42.1601	-69.3587	-26.0513	-66.0253	-15.3413	-60.4249	-2.8897	-50.4238	3.8450	-39.8879	-1.7826	-34.7885	-6.0468	-30.8203	-9.8779	-25.5159	-15.0200	-21.7433	-20.4862	-56.4049	-65.7030	-18.9344	-60.2127	-21.7030	-48.8394	-18.9344	-60.2127
pl05	26/05/2017 18:33:26	1.7461	0.0947	Mowie pata teraz	a	-70.9111	-56.3779	-75.3695	-43.9896	-71.8558	-32.1314	-65.5323	-23.4529	-56.5184	-18.0595	-46.3088	-14.6597	-36.5893	-14.5953	-31.4224	-15.6318	-25.8835	-15.8431	-20.0306	-15.7977	-13.8848	-16.3610	-55.6400	-64.1418	-19.6951	-59.0491	-23.0760	-48.5633	-19.6951	-59.0491
pl05	26/05/2017 18:33:29	1.4000	0.1300	Mowie paga teraz	a	-68.6363	-54.9691	-68.7799	-40.0397	-66.5948	-24.6522	-64.0401	-9.9674	-58.9625	-0.3054	-48.0125	5.9941	-36.7695	7.9376	-31.1119	5.7969	-25.1810	-7.5691	-22.6012	-16.3022	-19.4654	-23.0733	-55.2913	-65.5130	-18.7366	-59.6798	-22.5271	-46.8133	-18.7366	-59.6798
pl05	26/05/2017 18:33:33	1.1249	0.0707	Mowie puku teraz	u	-66.9605	-57.6671	-72.9064	-44.1191	-75.0134	-27.6203	-73.1472	-13.1101	-67.5609	-2.8866	-55.2522	0.6994	-44.0758	-5.1503	-39.0056	-10.7341	-34.1106	-14.4503	-28.3360	-18.4787	-23.6503	-24.2382	-56.0471	-67.2476	-17.2546	-59.7686	-21.0646	-49.1344	-17.2546	-59.7686
pl05	26/05/2017 18:33:36	1.1624	0.1056	Mowie poto teraz	O	-70.5421	-58.1170	-75.1057	-45.2864	-75.0195	-32.1484	-68.1699	-23.0757	-57.6912	-19.0240	-47.3222	-16.5284	-37.5828	-17.8600	-32.3158	-18.5036	-26.1416	-17.8539	-20.6515	-17.0453	-15.3878	-15.8158	-57.0751	-65.8587	-18.7409	-56.9578	-21.9214	-46.5455	-18.7409	-56.9578
pl05	26/05/2017 18:33:39	1.2490	0.0798	Mowie pudu teraz	u	-63.1017	-59.3655	-69.3186	-46.1981	-71.9118	-30.7703	-69.6460	-16.9305	-60.9415	-8.1346	-48.4794	-6.4374	-38.3687	-12.6213	-32.9090	-15.4406	-26.1313	-16.0856	-19.5139	-16.3237	-13.0111	-16.5945	-56.0160	-67.4567	-17.4455	-56.6900	-21.2599	-45.9860	-17.4455	-56.6900
pl05	26/05/2017 18:33:42	1.0381	0.0987	Mowie podo teraz	O	-69.4390	-59.5244	-74.4241	-46.0260	-74.5703	-31.6890	-68.3759	-21.4852	-57.8823	-17.7658	-47.4478	-15.7769	-37.6126	-16.8438	-32.6536	-17.7262	-26.8255	-17.4887	-21.2758	-17.5151	-15.5658	-17.2605	-56.5778	-65.9734	-18.6191	-57.8512	-22.2089	-47.6301	-18.6191	-57.8512
pl05	26/05/2017 18:33:46	1.1526	0.0787	Mowie pugu teraz	u	-64.2242	-57.2048	-70.9325	-44.9032	-75.2576	-29.6908	-71.7791	-13.2791	-67.5837	-3.4442	-58.0606	3.1864	-45.6940	3.6625	-37.1157	4.8118	-33.2159	-2.1236	-29.3131	-20.4592	-24.4614	-26.6723	-56.1763	-67.6121	-17.3250	-59.4825	-19.9829	-49.1942	-17.3250	-59.4825
pl05	26/05/2017 18:33:49	1.1646	0.1295	Mowie pada teraz	a	-70.2355	-60.4332	-74.7518	-47.7405	-71.5863	-34.8469	-64.3302	-26.3949	-54.8258	-20.9336	-45.6960	-16.7711	-36.9010	-14.7646	-32.4797	-14.6865	-26.7813	-14.7646	-21.5362	-15.2600	-16.4596	-15.7234	-56.3758	-65.6104	-19.0429	-58.6833	-22.3753	-47.8275	-19.0429	-58.6833
pl05	26/05/2017 18:33:52	1.1699	0.0991	Mowie poko teraz	O	-69.9830	-58.1832	-74.2296	-44.3009	-73.5527	-29.8276	-69.0685	-16.8553	-65.8507	-5.4721	-55.9597	1.0977	-42.9223	-5.7967	-37.6883	-9.6466	-33.2677	-13.7777	-28.3592	-18.4914	-24.4230	-23.6917	-56.6716	-65.8995	-19.0276	-59.6860	-22.1929	-49.1065	-19.0276	-59.6860
pl05	26/05/2017 18:33:56	1.2644	0.1246	Mowie paka teraz	a	-67.8438	-52.3143	-69.5025	-36.7937	-66.6376	-23.1030	-63.2181	-10.1508	-57.6797	0.1514	-47.8963	4.7161	-37.8026	0.4258	-33.5639	-2.6355	-29.7095	-14.2941	-24.9008	-18.9583	-20.9093	-23.6086	-53.9176	-63.9701	-19.0726	-60.7014	-22.4752	-49.5667	-19.0726	-60.7014
pl05	26/05/2017 18:33:59	1.3143	0.0849	Mowie putu teraz	u	-60.7049	-56.5116	-64.7824	-42.3489	-69.8414	-28.1069	-68.6749	-14.0772	-59.5663	-5.2316	-47.6233	-4.3316	-37.8375	-10.9343	-32.3285	-13.6958	-26.1510	-14.5901	-20.0160	-15.0898	-13.6933	-15.7577	-55.3339	-67.2512	-17.7450	-56.9071	-21.5057	-45.8687	-17.7450	-56.9071
pl05	26/05/2017 18:34:03	1.1836	0.0967	Mowie pogo teraz	O	-69.7717	-57.5700	-72.1937	-42.7312	-71.4672	-27.8815	-69.4777	-13.4168	-62.9356	-3.7006	-52.9702	1.5996	-40.9934	-7.3716	-36.2250	-11.1619	-31.7278	-14.6633	-26.5315	-17.0188	-21.6651	-20.7458	-56.4628	-65.3278	-18.5942	-59.7898	-21.5569	-49.0529	-18.5942	-59.7898
pl05	26/05/2017 18:34:44	1.5657	0.1072	Mowie pata teraz	a	-70.8413	-58.0093	-75.4114	-44.4051	-71.9901	-31.8644	-64.6845	-23.3355	-55.6889	-18.2820	-46.0060	-14.6754	-37.0509	-14.6498	-32.0856	-15.6590	-26.3585	-16.1154	-21.1118	-15.6547	-15.4810	-14.4753	-56.6960	-65.0422	-19.5906	-59.3874	-22.8564	-49.0077	-19.5906	-59.3874
pl05	26/05/2017 18:34:47	1.2922	0.1381	Mowie paga teraz	a	-70.1261	-55.0391	-70.5432	-39.2602	-66.2579	-25.1459	-62.3478	-12.3206	-57.9120	-1.4979	-47.1125	4.2623	-36.9615	-1.9028	-30.9934	-6.4001	-26.8377	-13.2917	-24.2759	-18.5649	-20.4128	-24.4823	-56.1027	-64.7926	-18.9118	-59.8969	-22.3424	-48.7577	-18.9118	-59.8969
pl05	26/05/2017 18:34:51	1.1854	0.0520	Mowie puku teraz	u	-64.6217	-57.3063	-69.8823	-43.4194	-72.2250	-27.5298	-71.3262	-13.4762	-65.3054	-3.0133	-55.3279	2.6740	-44.4905	-1.5126	-39.1032	-8.1977	-34.2088	-11.9777	-27.5916	-16.0676	-22.6018	-22.0034	-55.9601	-67.6846	-17.3716	-60.2825	-20.9804	-49.0551	-17.3716	-60.2825
pl05	26/05/2017 18:34:54	1.1642	0.0889	Mowie poto teraz	O	-70.4314	-59.2455	-75.8621	-46.4592	-75.7086	-32.8537	-70.3168	-22.3127	-60.3045	-17.2476	-49.2370	-15.4736	-38.9791	-17.2664	-33.7200	-18.4628	-27.4130	-17.8619	-21.5325	-16.8939	-15.9993	-15.5433	-56.7506	-65.8177	-19.4630	-58.6379	-22.7183	-48.0458	-19.4630	-58.6379
pl05	26/05/2017 18:34:57	1.1232	0.0938	Mowie pudu teraz	u	-62.0321	-57.6400	-66.2329	-44.1219	-68.9809	-30.8027	-69.2722	-16.4424	-62.2802	-7.2203	-49.5082	-4.9490	-39.5937	-11.8116	-34.1690	-15.1176	-27.0860	-16.3562	-20.9057	-16.8356	-14.5543	-17.2408	-56.1059	-67.9158	-17.7038	-57.6440	-21.7628	-46.9206	-17.7038	-57.6440
pl05	26/05/2017 18:35:00	1.0920	0.0925	Mowie podo teraz	O	-70.5117	-57.7521	-75.5518	-44.2154	-75.4752	-29.4395	-68.6951	-19.8245	-57.6824	-16.0083	-47.1203	-14.3769	-37.4145	-15.7573	-32.1826	-16.7194	-26.3759	-16.8368	-20.9175	-16.7662	-14.8547	-16.3566	-56.5994	-66.1392	-18.7033	-57.9377	-21.9020	-47.7994	-18.7033	-57.9377
pl05	26/05/2017 18:35:04	1.1292	0.0783	Mowie pugu teraz	u	-65.6924	-57.8037	-72.1761	-45.9666	-74.1624	-30.7971	-70.9283	-17.8011	-63.8029	-5.6139	-54.2032	-1.2508	-41.7972	-6.7433	-36.2676	-10.0523	-31.6945	-17.9098	-27.0893	-23.8365	-23.4364	-29.4595	-56.4042	-66.8699	-17.6202	-59.7918	-20.2454	-49.5443	-17.6202	-59.7918
pl05	26/05/2017 18:35:07	1.2271	0.1172	Mowie pada teraz	a	-69.4747	-60.0924	-73.8881	-47.4358	-71.4359	-33.2570	-63.8094	-24.5018	-53.8967	-19.9770	-45.0971	-16.8582	-35.2454	-15.3873	-30.8816	-15.7761	-26.2234	-15.5062	-20.6549	-15.6100	-15.2860	-15.3633	-55.6990	-65.4467	-19.4507	-59.0335	-23.1809	-48.1418	-19.4507	-59.0335
pl05	26/05/2017 18:35:10	1.1602	0.1038	Mowie poko teraz	O	-69.7142	-55.6157	-73.5234	-41.5421	-71.6544	-25.4706	-68.7705	-12.2638	-61.5142	-0.5761	-50.8696	5.1715	-39.9104	-1.6542	-35.6350	-7.3465	-31.7765	-12.5874	-25.9637	-16.6785	-22.4853	-22.2921	-55.5661	-65.0952	-18.9841	-60.0853	-21.6162	-49.1173	-18.9841	-60.0853
pl05	26/05/2017 18:35:13	1.0906	0.1101	Mowie paka teraz	a	-69.3306	-53.4859	-71.5448	-38.3450	-69.2300	-25.2553	-65.4664	-12.9246	-59.4588	-3.5421	-49.9708	1.3495	-39.3488	-5.9177	-34.1468	-10.2209	-30.4389	-14.6034	-25.9531	-18.7571	-22.2740	-23.2977	-56.0346	-64.6438	-19.6138	-59.9839	-22.9406	-48.7804	-19.6138	-59.9839
pl05	26/05/2017 18:35:16	1.1290	0.0869	Mowie putu teraz	u	-59.4751	-57.7802	-64.4290	-44.4231	-69.6084	-30.4584	-68.9926	-15.6501	-61.0398	-5.5042	-49.4973	-0.8059	-38.4745	-6.0062	-33.0633	-10.5777	-27.7290	-11.7609	-21.4910	-13.4073	-15.1768	-14.8083	-55.2415	-68.6976	-17.8730	-57.8684	-21.9618	-46.7227	-17.8730	-57.8684
pl05	26/05/2017 18:35:20	1.2220	0.1227	Mowie pogo teraz	O	-70.1288	-57.9479	-71.4978	-43.0869	-70.1124	-29.2799	-65.3667	-15.5755	-61.7598	-3.3802	-50.7152	3.0362	-40.7426	-5.8330	-37.0767	-10.6702	-32.1930	-13.5796	-26.6908	-16.7769	-22.0381	-20.6865	-56.2314	-67.4321	-18.2991	-59.9718	-22.0190	-49.4355	-18.2991	-59.9718
it03	10/06/2017 19:33:13	1.6641	0.1991	Dico podo lentamente	O	-72.4393	-79.3197	-79.0102	-64.6792	-73.2882	-51.6176	-62.6634	-45.5902	-49.8580	-46.4477	-37.8108	-49.4679	-28.2856	-46.9025	-24.0707	-48.1411	-19.0432	-47.6142	-12.4268	-47.5330	-8.3039	-47.9619	-58.4689	-87.0873	-21.5111	-80.3282	-25.4265	-71.3234	-21.5111	-80.3282
it03	10/06/2017 19:35:30	1.6747	0.1358	Dico paca lentamente	a	-70.2466	-79.8603	-76.2575	-64.6287	-72.2244	-50.8628	-65.1412	-40.2457	-53.5950	-37.7986	-44.9894	-40.4694	-34.9114	-46.9973	-32.8159	-50.7206	-27.4162	-50.6938	-20.2830	-51.5409	-16.2442	-54.9564	-58.2619	-86.2631	-21.6082	-82.9742	-25.9313	-73.7839	-21.6082	-82.9742
it03	10/06/2017 19:35:36	1.4530	0.1496	Dico pudu lentamente	u	-70.0147	-81.1618	-78.7782	-65.4451	-75.1047	-50.9504	-65.7053	-41.1863	-52.8005	-38.4418	-39.9595	-43.4035	-30.5766	-45.5790	-24.5543	-46.6595	-18.8427	-47.5095	-13.1057	-47.1742	-7.5017	-47.2743	-57.4324	-88.2978	-20.9117	-81.6303	-24.2898	-72.1089	-20.9117	-81.6303
it03	10/06/2017 19:35:42	1.5274	0.1100	Dico pucu lentamente	u	-74.0355	-80.0609	-77.5994	-63.8569	-77.4862	-50.0717	-69.5225	-36.9364	-61.5604	-33.9916	-52.7784	-35.9098	-42.8775	-41.3196	-38.7577	-48.6098	-34.9895	-50.1791	-32.1205	-54.3064	-29.1383	-59.1305	-60.1861	-89.8875	-19.6765	-85.8027	-24.5422	-74.0899	-19.6765	-85.8027
it03	10/06/2017 19:35:47	1.5528	0.2076	Dico pada lentamente	a	-70.2792	-78.1932	-78.7469	-64.6535	-72.7411	-54.3529	-62.4333	-48.6788	-50.2446	-45.8937	-38.6170	-46.2919	-28.9912	-45.1775	-22.3582	-45.7894	-17.7160	-46.1012	-11.9301	-46.0996	-7.1696	-46.5772	-56.7861	-86.4024	-22.3862	-81.5692	-25.4147	-72.9696	-22.3862	-81.5692
it03	10/06/2017 19:35:56	1.6056	0.1273	Dico putu lentamente	u	-71.5822	-78.8539	-76.9286	-61.6375	-74.7267	-47.9192	-65.7667	-39.3478	-53.2934	-37.3815	-41.4136	-41.1805	-32.7360	-46.1666	-28.1503	-47.4234	-22.0443	-47.4906	-15.9316	-47.2403	-10.1742	-47.5768	-59.6793	-88.9391	-20.6713	-81.1840	-24.3802	-71.8550	-20.6713	-81.1840
it03	10/06/2017 19:36:36	1.4394	0.1358	Dico poco lentamente	o	-72.3051	-78.4378	-78.8760	-63.2311	-76.4148	-50.2808	-66.2001	-39.1870	-55.7781	-39.8985	-47.7650	-43.5271	-40.1915	-48.2461	-35.5511	-51.7544	-30.6043	-52.9298	-25.9848	-55.2157	-21.0993	-56.5267	-59.8227	-87.2536	-20.8203	-82.4245	-25.1236	-73.9270	-20.8203	-82.4245
it03	10/06/2017 19:36:41	1.2965	0.1803	Dico paga lentamente	a	-70.4535	-79.7493	-75.1865	-64.0200	-72.4256	-50.3002	-65.8960	-38.6162	-54.8316	-37.7058	-44.4892	-37.1184	-37.0893	-39.0548	-34.2394	-43.5227	-29.8286	-46.5984	-26.3018	-50.8292	-24.1508	-57.6697	-58.7964	-87.3562	-25.2221	-84.3512	-24.8317	-72.5977	-25.2221	-84.3512
it03	10/06/2017 19:36:47	1.4144	0.0800	Dico pugu lentamente	u	-73.3640	-82.6269	-78.4684	-67.7572	-77.2951	-54.0681	-69.8268	-38.7390	-62.5139	-34.7125	-54.2418	-36.7023	-42.5809	-41.7458	-37.6490	-46.5258	-34.8899	-49.9410	-30.6728	-53.7781	-27.3205	-59.6326	-60.4589	-90.2753	-19.5759	-83.1865	-24.0251	-72.7727	-19.5759	-83.1865
it03	10/06/2017 19:36:53	1.2275	0.1570	Dico pata lentamente	a	-74.6046	-76.7208	-81.6497	-58.6631	-74.1460	-50.1567	-62.0226	-44.8628	-50.6141	-44.8237	-37.8025	-44.3827	-27.9456	-45.0284	-22.6509	-46.4674	-16.4982	-45.5591	-11.7645	-44.4511	-7.4107	-44.0574	-59.0802	-84.8872	-22.6741	-80.6538	-25.5206	-71.7058	-22.6741	-80.6538
it03	10/06/2017 19:36:59	1.1926	0.1622	Dico poto lentamente	O	-74.4957	-79.7876	-81.1299	-61.2287	-76.0389	-49.8559	-64.8451	-40.7133	-51.1421	-44.7166	-37.6305	-49.7158	-29.7554	-45.7312	-23.8787	-47.7587	-19.7792	-47.0983	-12.8695	-46.4520	-9.3123	-47.0409	-60.3397	-86.9743	-22.1771	-80.2738	-25.9170	-71.0432	-22.1771	-80.2738
it03	10/06/2017 19:37:05	1.1670	0.1462	Dico pogo lentamente	O	-72.5251	-79.8651	-78.5507	-64.4710	-77.3239	-50.2556	-68.3071	-39.7437	-58.6786	-38.3033	-51.0409	-40.3300	-42.7591	-46.2072	-38.0455	-48.5077	-33.7060	-51.8486	-29.3759	-54.6628	-24.4732	-59.1165	-59.2638	-88.9115	-20.2336	-82.6836	-24.2917	-73.1449	-20.2336	-82.6836
it03	10/06/2017 19:37:25	1.5876	0.1273	Dico paca lentamente	a	-70.3789	-80.1379	-77.1491	-64.9901	-73.1983	-50.9750	-65.4496	-40.8536	-53.5843	-37.6730	-41.7779	-42.1472	-34.5319	-46.3545	-31.6359	-50.4100	-26.2308	-50.5129	-19.6598	-52.1650	-15.5753	-55.4834	-58.4233	-86.2296	-23.3873	-81.9695	-26.5277	-73.3319	-23.3873	-81.9695
it03	10/06/2017 19:37:30	1.3254	0.1100	Dico pudu lentamente	u	-71.9303	-79.7002	-77.8402	-63.1421	-75.2037	-49.3379	-66.3306	-39.0949	-55.8378	-36.5013	-44.0683	-40.2539	-36.1875	-47.2777	-32.4671	-50.8802	-26.5783	-50.3399	-20.5326	-49.0958	-13.1684	-49.6271	-60.3083	-88.6643	-20.8772	-81.1808	-24.4365	-71.4107	-20.8772	-81.1808
it03	10/06/2017 19:37:36	1.2063	0.0800	Dico pucu lentamente	u	-74.3289	-80.2853	-78.7256	-63.7495	-77.9665	-51.2150	-68.4234	-37.4163	-61.2232	-33.9382	-52.9283	-36.0802	-45.6100	-42.7998	-40.3572	-47.6542	-34.8977	-50.3868	-32.0500	-53.9084	-29.6734	-59.0804	-60.8525	-90.4596	-20.1422	-84.8208	-24.1685	-73.7303	-20.1422	-84.8208
it03	10/06/2017 19:37:41	1.1960	0.1442	Dico pada lentamente	a	-73.2953	-80.2552	-79.1791	-65.3671	-73.0635	-53.6320	-62.3533	-48.1412	-49.6625	-45.7823	-38.1063	-45.6238	-28.0337	-45.0345	-22.0790	-45.9364	-16.7880	-45.8524	-11.8604	-44.9748	-7.3432	-44.8826	-58.3774	-86.9386	-22.2495	-81.5909	-25.6188	-73.0255	-22.2495	-81.5909
it03	10/06/2017 19:37:46	1.2129	0.1061	Dico putu lentamente	u	-71.2172	-78.0194	-76.8608	-61.3654	-73.7001	-49.4582	-65.7952	-41.1294	-53.2429	-37.7577	-41.5590	-41.1015	-32.3106	-44.9739	-26.2657	-45.4968	-19.4897	-46.3103	-13.3760	-45.2798	-8.2876	-44.8979	-59.9689	-89.2540	-20.9497	-81.6862	-24.5921	-72.1105	-20.9497	-81.6862
it03	10/06/2017 19:37:52	1.1958	0.1061	Dico poco lentamente	O	-72.6843	-80.1880	-78.2702	-64.3582	-76.6139	-50.8145	-68.6281	-39.0083	-58.6858	-39.6516	-51.6004	-40.6933	-43.3486	-45.5969	-40.2920	-49.1833	-34.9657	-52.2572	-30.4764	-55.7323	-25.5032	-60.3470	-59.7908	-88.7894	-20.5716	-82.8178	-24.6590	-73.2720	-20.5716	-82.8178
it03	10/06/2017 19:37:59	1.2953	0.1336	Dico paga lentamente	a	-72.9371	-80.0674	-75.9791	-64.9310	-72.7198	-51.5847	-64.7991	-41.6827	-54.2792	-38.5109	-45.9659	-37.0450	-38.1444	-42.9454	-33.1122	-46.0238	-28.4946	-49.8256	-23.8727	-51.4340	-19.1492	-55.1842	-60.9642	-88.6106	-54.0879	-90.6394	-25.2406	-74.2927	-54.0879	-90.6394
it03	10/06/2017 19:38:04	1.1708	0.0816	Dico pugu lentamente	u	-73.5324	-80.8641	-80.2169	-65.7675	-79.7372	-53.1764	-73.3834	-43.5029	-62.8153	-35.7620	-52.2033	-36.6083	-40.5979	-41.6163	-37.4236	-45.8570	-34.1559	-50.4148	-30.7113	-55.0648	-27.6424	-61.1042	-60.1789	-92.3116	-20.0082	-83.5828	-24.2477	-73.9119	-20.0082	-83.5828
it03	10/06/2017 19:38:10	1.5155	0.1591	Dico pata lentamente	a	-74.0845	-78.7081	-78.8652	-63.0787	-72.6982	-51.9983	-61.6860	-47.0548	-49.4019	-46.5679	-37.2796	-45.3485	-27.7151	-44.2283	-22.6709	-46.1613	-16.8610	-45.4332	-11.9023	-44.5606	-8.0464	-44.9878	-60.8037	-86.2611	-22.3534	-80.7920	-25.6533	-72.0813	-22.3534	-80.7920
it03	10/06/2017 19:38:16	1.4019	0.1300	Dico poto lentamente	O	-76.4540	-81.2136	-80.9826	-64.8204	-76.2057	-51.7053	-64.4334	-44.1657	-51.7190	-46.1887	-38.6506	-50.0423	-30.1573	-49.0164	-25.3889	-48.8599	-19.1668	-48.0145	-12.5887	-47.5071	-8.8025	-47.6702	-61.4693	-88.1196	-21.9798	-80.6858	-25.3054	-72.0344	-21.9798	-80.6858
it03	10/06/2017 19:38:21	1.2989	0.1358	Dico pogo lentamente	O	-74.3166	-81.5062	-78.1681	-66.2812	-77.0076	-52.2082	-70.0592	-39.7061	-59.4891	-36.7865	-50.7120	-38.8777	-41.0702	-43.7893	-37.5943	-47.5518	-34.3990	-51.3790	-29.9645	-54.9011	-25.4828	-60.3243	-61.2306	-89.1094	-21.2509	-82.9155	-24.3780	-72.9678	-21.2509	-82.9155
it03	10/06/2017 19:38:49	1.4656	0.1400	Dico podo lentamente	O	-75.8304	-81.5606	-80.9009	-65.6695	-75.7766	-51.3462	-63.7499	-44.3821	-51.9939	-46.1009	-38.4359	-49.3625	-30.2821	-46.2503	-24.0592	-48.1538	-19.5926	-47.1893	-12.8322	-46.8737	-8.5213	-46.8247	-60.9352	-88.4057	-21.7318	-81.1031	-25.4635	-71.9628	-21.7318	-81.1031
it03	10/06/2017 19:39:09	1.6157	0.1622	Dico podo lentamente	O	-75.5141	-80.9998	-80.4943	-65.3377	-74.3826	-51.5590	-62.8072	-45.6331	-50.0872	-47.6484	-37.9690	-48.9506	-28.6406	-45.8246	-22.7453	-47.0471	-18.1724	-46.9232	-11.7110	-47.3032	-8.1287	-47.7525	-61.3427	-87.8982	-21.8573	-80.6547	-25.8765	-71.5635	-21.8573	-80.6547
it03	10/06/2017 19:39:14	1.4003	0.1600	Dico paca lentamente	a	-71.6072	-82.3122	-77.9027	-67.7428	-74.3646	-53.5400	-66.2175	-43.6573	-55.2100	-40.5613	-43.9604	-41.9340	-33.4582	-45.7016	-29.4948	-48.4408	-24.8614	-51.4649	-18.8272	-54.0385	-13.3531	-58.1423	-58.7276	-87.8109	-23.0015	-82.6518	-26.0712	-73.8695	-23.0015	-82.6518
it03	10/06/2017 19:39:20	1.2599	0.1446	Dico pudu lentamente	u	-70.2009	-79.5138	-75.9667	-62.3528	-73.2380	-49.3080	-63.7339	-41.0421	-50.3231	-38.2727	-39.7859	-42.2651	-30.4871	-44.6744	-23.9498	-45.0459	-18.9241	-45.9574	-12.7961	-45.7711	-7.9438	-45.9624	-58.5974	-88.3837	-21.3742	-81.5317	-24.9465	-72.2172	-21.3742	-81.5317
it03	10/06/2017 19:39:27	1.6082	0.1122	Dico pucu lentamente	u	-74.0115	-80.7262	-79.6077	-63.7572	-78.5533	-50.6605	-70.3921	-37.8102	-61.2092	-33.9560	-51.7660	-36.2868	-41.6944	-41.8157	-39.4424	-46.6823	-35.0805	-50.0894	-31.2769	-54.1631	-28.6637	-59.4505	-60.3178	-90.1938	-20.0203	-83.2069	-24.4755	-72.9540	-20.0203	-83.2069
it03	10/06/2017 19:39:32	1.3048	0.1803	Dico pada lentamente	a	-74.3321	-77.3401	-82.1202	-57.9913	-73.3511	-49.9140	-61.7984	-44.9988	-50.2743	-43.5104	-37.1243	-43.6257	-28.3752	-43.6033	-21.9912	-44.3639	-18.1005	-45.5908	-12.2620	-45.4643	-8.0765	-46.7257	-59.6271	-85.6924	-22.2718	-80.6669	-25.5691	-71.5390	-22.2718	-80.6669
it03	10/06/2017 19:39:39	1.1820	0.0827	Dico putu lentamente	u	-69.0022	-78.1809	-75.2982	-61.6458	-73.1238	-47.9734	-64.1357	-39.5474	-51.0364	-37.1301	-39.9922	-40.8217	-30.0305	-43.4588	-23.7053	-44.3394	-18.5977	-45.1996	-12.9451	-46.3173	-8.6315	-47.5234	-59.6360	-88.4654	-21.4627	-81.6930	-24.7467	-72.2536	-21.4627	-81.6930
it03	10/06/2017 19:39:46	1.1428	0.0997	Dico poco lentamente	o	-72.0327	-80.2308	-77.7418	-65.2654	-76.6173	-50.7841	-68.0393	-40.2678	-58.4012	-39.0589	-50.5740	-40.2326	-42.4706	-45.2088	-38.1354	-47.9030	-34.0897	-51.6518	-29.1664	-55.1092	-24.3866	-60.0293	-59.7626	-88.0231	-20.4839	-81.8513	-24.1063	-72.5335	-20.4839	-81.8513
it03	10/06/2017 19:39:54	1.2026	0.1492	Dico paga lentamente	a	-68.0809	-79.7941	-73.2479	-64.7325	-71.0781	-50.5668	-64.9888	-38.6954	-51.7590	-34.3065	-40.3203	-37.6239	-32.2157	-42.4034	-28.4142	-46.0981	-22.4112	-47.9208	-16.9640	-50.6961	-11.7337	-55.2586	-56.8339	-87.1552	-22.4878	-83.1756	-26.5396	-73.8190	-22.4878	-83.1756
it03	10/06/2017 19:39:59	1.3096	0.0734	Dico pugu lentamente	u	-75.1729	-82.1306	-78.9160	-66.1289	-77.4077	-52.2233	-69.0240	-39.1865	-60.2418	-35.1030	-51.3964	-36.6433	-40.5155	-41.9180	-37.1391	-46.1459	-33.7404	-50.7459	-29.9333	-55.1409	-26.5183	-60.7688	-60.4034	-90.1128	-19.9889	-83.0477	-24.2539	-73.1304	-19.9889	-83.0477
it03	10/06/2017 19:40:06	1.1075	0.1252	Dico pata lentamente	a	-73.6962	-78.9098	-79.1644	-64.2952	-72.5926	-51.8673	-62.6199	-46.8764	-49.4095	-45.2749	-35.6270	-48.2769	-27.1832	-48.8251	-21.5758	-48.1899	-16.8093	-47.6861	-12.4833	-48.1080	-8.2568	-49.3068	-58.5564	-86.2220	-22.5737	-80.5161	-25.2436	-72.5962	-22.5737	-80.5161
it03	10/06/2017 19:40:11	1.1468	0.1167	Dico poto lentamente	o	-74.6186	-80.8632	-81.4017	-62.6364	-76.1221	-50.1664	-65.1513	-42.2249	-52.3547	-44.0932	-38.4359	-49.2717	-29.9399	-46.6799	-23.7515	-48.6471	-19.0540	-47.7140	-12.1248	-46.4422	-8.0814	-46.2800	-60.1418	-87.7196	-22.2037	-81.4354	-25.3104	-72.3921	-22.2037	-81.4354
it03	10/06/2017 19:40:16	1.3987	0.1252	Dico pogo lentamente	O	-72.5720	-81.3603	-78.0692	-65.4027	-76.0701	-51.8016	-70.0250	-39.4529	-60.0061	-36.8793	-51.3558	-38.9206	-41.6614	-43.0840	-37.9125	-46.0365	-34.1814	-50.3086	-29.5297	-54.4593	-25.8477	-60.0876	-59.7455	-88.7274	-20.3304	-83.5135	-23.9373	-72.8335	-20.3304	-83.5135
it03	10/06/2017 19:40:34	1.4883	0.1549	Dico podo lentamente	O	-71.4244	-75.8926	-79.2758	-62.1133	-73.4220	-50.4701	-63.8062	-44.9076	-49.9777	-45.3934	-36.8352	-45.7102	-27.9250	-45.6985	-22.2347	-47.9550	-16.9210	-47.0932	-11.6160	-46.4194	-7.0652	-45.1712	-57.3659	-84.7998	-22.0113	-80.8329	-25.4909	-71.6992	-22.0113	-80.8329
it03	10/06/2017 19:40:40	1.2181	0.1002	Dico paca lentamente	a	-72.4563	-80.9677	-77.3780	-66.7800	-73.4176	-54.1105	-64.6943	-43.1848	-54.6287	-40.1712	-48.4796	-39.9918	-37.1904	-46.3090	-34.2970	-49.6568	-28.6879	-50.0420	-23.4628	-52.8003	-18.7204	-54.3340	-57.8475	-87.2820	-52.8609	-89.6316	-25.7033	-71.0175	-52.8609	-89.6316
it03	10/06/2017 19:40:45	1.1819	0.0763	Dico pudu lentamente	u	-69.6090	-81.4942	-76.0342	-65.2934	-73.3806	-49.4403	-64.2021	-39.4349	-50.5007	-37.3766	-38.1192	-42.2901	-28.8608	-44.9664	-23.0766	-45.2836	-18.1085	-45.9644	-12.5568	-46.4235	-7.9991	-47.1558	-58.4591	-88.7902	-21.1765	-81.6372	-24.3374	-72.3116	-21.1765	-81.6372
it03	10/06/2017 19:40:52	1.0914	0.0718	Dico pucu lentamente	u	-74.6827	-81.0013	-79.0689	-63.7116	-77.8546	-50.7185	-69.0857	-38.5564	-60.1843	-35.4680	-50.9443	-36.9688	-39.8981	-41.9348	-37.1969	-46.2336	-34.2075	-50.7738	-31.0515	-54.5771	-28.2429	-59.9110	-60.9287	-90.1549	-19.0044	-83.6560	-23.4539	-73.6689	-19.0044	-83.6560
it03	10/06/2017 19:40:57	1.1867	0.1555	Dico pada lentamente	a	-73.4592	-79.0993	-79.6228	-64.3096	-72.8053	-52.3010	-62.5838	-48.0182	-50.3824	-45.3132	-37.6923	-44.9098	-28.6297	-44.9494	-23.0066	-46.7349	-16.9505	-46.0360	-12.1646	-45.0973	-8.0983	-44.7149	-58.3543	-85.3782	-22.7021	-81.7103	-26.4078	-73.1549	-22.7021	-81.7103
it03	10/06/2017 19:41:04	1.1052	0.0955	Dico putu lentamente	u	-71.1121	-78.6658	-76.0742	-62.3814	-73.6799	-48.7939	-64.8004	-39.7094	-51.6272	-38.3602	-39.4748	-42.8587	-29.9496	-45.4152	-25.1492	-46.6334	-18.8681	-46.8272	-13.0040	-46.6340	-7.9638	-46.6132	-59.9179	-89.2649	-20.9826	-81.9714	-24.4865	-72.5992	-20.9826	-81.9714
it03	10/06/2017 19:41:10	1.1921	0.1082	Dico poco lentamente	o	-71.5519	-79.3009	-78.5825	-64.1644	-74.9929	-50.1175	-65.0143	-40.0417	-54.0460	-39.5675	-44.1486	-43.7116	-35.8042	-49.4870	-32.2858	-52.2504	-26.4659	-53.6404	-21.0589	-55.3030	-16.5220	-57.7654	-58.6943	-87.8157	-22.0551	-82.7770	-25.5347	-74.0044	-22.0551	-82.7770
it03	10/06/2017 19:41:15	1.1426	0.1315	Dico paga lentamente	a	-68.4871	-79.0572	-74.0758	-63.6366	-71.2907	-50.9265	-65.5526	-38.5111	-53.1926	-34.7434	-42.0369	-37.2747	-34.0511	-41.3800	-29.1919	-45.6350	-26.2825	-49.3128	-20.0260	-51.1176	-17.4105	-55.8035	-56.6352	-86.7774	-21.6278	-82.5215	-25.4208	-73.1696	-21.6278	-82.5215
it03	10/06/2017 19:41:21	1.1384	0.0856	Dico pugu lentamente	u	-73.8688	-81.7045	-77.4863	-65.5300	-77.2620	-51.4806	-69.8044	-38.2890	-60.4897	-35.0971	-50.4341	-37.4058	-40.0482	-41.3970	-36.7042	-46.1840	-33.3830	-50.2031	-29.3380	-55.4678	-26.2287	-60.9338	-59.9830	-90.2201	-19.9226	-82.6302	-24.0731	-72.4332	-19.9226	-82.6302
it03	10/06/2017 19:41:26	1.1535	0.1464	Dico pata lentamente	a	-72.3494	-76.1102	-79.8569	-61.7643	-72.7931	-51.1152	-61.9634	-46.1946	-48.5115	-44.2591	-35.3173	-43.3281	-25.6597	-43.4466	-21.5960	-45.1389	-15.4676	-44.0186	-9.4595	-42.3712	-4.3117	-43.5898	-58.5412	-85.4100	-22.3729	-81.4223	-25.2628	-72.3536	-22.3729	-81.4223
it03	10/06/2017 19:41:32	1.1712	0.1206	Dico poto lentamente	O	-75.4169	-80.1699	-81.9140	-61.4118	-76.5454	-49.8719	-64.5751	-42.0089	-50.9193	-44.2814	-37.7726	-48.5983	-29.0333	-46.8108	-23.7729	-47.9246	-17.5591	-46.8333	-11.9100	-46.7657	-7.7983	-46.5351	-61.2304	-87.6318	-21.8792	-81.4114	-25.2661	-71.9329	-21.8792	-81.4114
it03	10/06/2017 19:41:37	1.1625	0.1197	Dico pogo lentamente	O	-71.4445	-81.1321	-76.3280	-66.8659	-76.3094	-51.9130	-69.7204	-39.7228	-59.3902	-37.0522	-50.5451	-39.0047	-39.9698	-43.0385	-37.0042	-46.3558	-34.4401	-50.4792	-29.7904	-54.7122	-26.7291	-59.9652	-60.1072	-89.4897	-20.4920	-83.3255	-24.2911	-72.9309	-20.4920	-83.3255
it03	10/06/2017 19:41:53	1.9142	0.1400	Dico podo lentamente	O	-73.6470	-79.5275	-80.1883	-63.5256	-73.5538	-51.1850	-62.2384	-45.1769	-50.1684	-45.5222	-38.9038	-46.8190	-28.5945	-45.2574	-22.4074	-46.6813	-16.2329	-46.4415	-11.3397	-45.5418	-6.9207	-44.6823	-59.4005	-86.5638	-21.7409	-80.9782	-25.1081	-71.9133	-21.7409	-80.9782
it03	10/06/2017 19:42:00	1.2907	0.0968	Dico paca lentamente	a	-69.2376	-80.5641	-75.5600	-65.3520	-71.3909	-51.5852	-64.9053	-41.9200	-54.0680	-37.1851	-43.1923	-38.5787	-34.6148	-44.1354	-31.2969	-48.8148	-26.5701	-51.2263	-21.0082	-53.8188	-16.2036	-57.4050	-58.5596	-87.1301	-22.2692	-82.3995	-25.6789	-73.7456	-22.2692	-82.3995
it03	10/06/2017 19:42:05	1.2863	0.0912	Dico pudu lentamente	u	-71.4804	-77.2215	-76.7857	-61.5692	-73.4086	-48.5817	-64.2280	-40.4532	-50.7774	-37.7038	-39.7042	-41.0165	-30.1753	-43.8888	-23.9113	-45.2329	-17.9872	-45.9842	-12.3921	-46.4689	-7.5223	-46.9068	-59.4576	-89.4264	-21.0831	-81.0013	-24.7052	-71.5350	-21.0831	-81.0013
it03	10/06/2017 19:42:11	1.4759	0.0700	Dico pucu lentamente	u	-70.1972	-80.8393	-75.1401	-65.8153	-75.4842	-52.1013	-68.8464	-38.0614	-60.9434	-34.1551	-53.0618	-36.3355	-43.1908	-40.0412	-40.0120	-44.4726	-34.9031	-48.7258	-32.0559	-53.2361	-29.7183	-58.9358	-58.4447	-90.0256	-19.8059	-82.9327	-24.5836	-72.3035	-19.8059	-82.9327
it03	10/06/2017 19:42:16	1.1837	0.1700	Dico pada lentamente	a	-72.7630	-79.9488	-78.0407	-64.8900	-80.5587	-43.9584	-61.4550	-48.8140	-49.0655	-47.0717	-37.9227	-45.8906	-27.4431	-44.7976	-21.7081	-46.3909	-15.3681	-45.8696	-9.8439	-44.6849	-5.1428	-44.1759	-58.9381	-86.5379	-22.3345	-81.6743	-25.6319	-72.9249	-22.3345	-81.6743
it03	10/06/2017 19:42:21	1.0470	0.1146	Dico putu lentamente	u	-71.5018	-76.9664	-76.1563	-60.2272	-72.3836	-47.0688	-64.0113	-39.6429	-51.4631	-36.9460	-40.4361	-39.4343	-31.4560	-43.8013	-24.6865	-44.4217	-18.9134	-45.3244	-12.7046	-46.0821	-7.7619	-46.7628	-59.4451	-89.7431	-20.9716	-81.8416	-24.7097	-72.0704	-20.9716	-81.8416
it03	10/06/2017 19:42:27	1.1683	0.1103	Dico poco lentamente	o	-72.7301	-79.8674	-77.4552	-63.2779	-76.1319	-49.9758	-66.8448	-37.2248	-55.7038	-38.4196	-47.4838	-41.4999	-39.2485	-45.9145	-36.1171	-48.4343	-32.1273	-51.8862	-27.1907	-56.1001	-22.9677	-59.1348	-59.5015	-88.2436	-20.0192	-82.4297	-23.9211	-72.5899	-20.0192	-82.4297
it03	10/06/2017 19:42:33	1.2548	0.1485	Dico paga lentamente	a	-71.0788	-79.2865	-74.6351	-63.9351	-69.8607	-50.5619	-64.0133	-41.8017	-53.1935	-37.0222	-42.8213	-38.7086	-35.3912	-44.4289	-32.0471	-48.5543	-26.8916	-50.6871	-20.2012	-53.1071	-15.5106	-56.6560	-59.6653	-87.7317	-22.3652	-83.1939	-25.4025	-73.6007	-22.3652	-83.1939
it03	10/06/2017 19:42:38	1.3415	0.0848	Dico pugu lentamente	u	-75.1922	-79.9751	-80.4606	-63.5219	-78.4053	-52.1583	-68.7754	-38.9206	-61.1559	-35.8063	-53.6622	-35.9194	-41.8965	-41.6434	-38.3419	-46.5127	-34.2338	-50.0119	-30.3633	-53.3085	-26.8415	-58.5931	-60.0536	-90.4429	-18.0931	-82.7482	-23.6452	-72.9415	-18.0931	-82.7482
it03	10/06/2017 19:42:44	1.2290	0.1439	Dico pata lentamente	a	-74.3955	-79.0245	-80.2347	-63.7701	-73.7258	-51.9543	-62.2823	-47.5271	-49.9598	-46.3343	-37.0568	-45.3386	-27.0962	-44.1060	-22.0952	-45.4284	-15.8847	-44.7347	-10.8341	-43.8035	-6.1284	-43.0032	-59.3032	-85.7536	-22.3154	-81.7326	-25.0997	-72.7255	-22.3154	-81.7326
it03	10/06/2017 19:42:49	1.2075	0.1209	Dico poto lentamente	o	-74.9405	-82.1232	-80.6186	-66.2688	-75.9365	-51.8758	-65.7793	-43.4796	-51.9222	-44.7619	-38.0989	-49.2545	-30.5455	-46.0835	-24.7293	-47.3152	-19.3809	-46.5513	-12.3655	-45.2829	-8.2629	-44.7333	-60.8251	-88.2247	-21.6257	-81.2228	-25.2647	-71.4948	-21.6257	-81.2228
it03	10/06/2017 19:42:55	1.3776	0.1156	Dico pogo lentamente	O	-71.4283	-80.2358	-78.1549	-64.8339	-76.1156	-49.7641	-67.4518	-38.5149	-55.7660	-37.6690	-46.3449	-41.7256	-38.2100	-47.3657	-34.7146	-51.1124	-29.5657	-53.2266	-23.5231	-56.3547	-18.2695	-57.7804	-59.5463	-88.8202	-22.0127	-82.6393	-25.7381	-73.3993	-22.0127	-82.6393
it03	10/06/2017 19:43:42	1.0754	0.0933	Dico paca lentamente	a	-68.8905	-80.1259	-74.2686	-65.4738	-71.8449	-51.6768	-65.9001	-39.2810	-54.9973	-36.3128	-44.5032	-38.2798	-37.4938	-41.9956	-33.3720	-45.5193	-28.0438	-48.9322	-21.6362	-50.9445	-17.4081	-54.8713	-57.6603	-86.9128	-21.3348	-84.0283	-25.3804	-74.2161	-21.3348	-84.0283
it03	10/06/2017 19:43:47	1.2100	0.1124	Dico pudu lentamente	u	-71.3269	-79.2436	-76.1782	-62.6326	-74.1604	-48.9976	-65.3125	-40.0883	-53.2644	-37.6812	-40.6750	-40.5419	-31.4831	-44.7070	-25.1540	-45.3809	-19.7421	-46.1032	-13.3733	-46.2758	-7.9090	-46.1701	-59.2587	-89.8650	-20.6905	-81.0038	-24.1374	-71.3837	-20.6905	-81.0038
it03	10/06/2017 19:43:53	1.1585	0.0474	Dico pucu lentamente	u	-74.9921	-81.4289	-80.0906	-66.6656	-78.8278	-52.5832	-70.5178	-39.6574	-60.9955	-35.2549	-49.6346	-36.9524	-39.5854	-42.2255	-36.6757	-46.5313	-33.1525	-51.1145	-29.2481	-55.1325	-26.0196	-61.3176	-60.0907	-91.2570	-19.6761	-82.6184	-24.2012	-72.8437	-19.6761	-82.6184
it03	10/06/2017 19:43:58	1.1973	0.1421	Dico pada lentamente	a	-74.2889	-77.9712	-81.5790	-58.7254	-74.5161	-49.7084	-62.6903	-44.7768	-50.6980	-44.4308	-38.2255	-44.6541	-28.7901	-44.1186	-22.3590	-46.6602	-17.8227	-46.3195	-11.4569	-44.9638	-6.6390	-45.1626	-60.7497	-86.3116	-22.2512	-80.8409	-25.4825	-71.8429	-22.2512	-80.8409
it03	10/06/2017 19:44:03	1.2032	0.0827	Dico putu lentamente	u	-71.2658	-77.1158	-76.3705	-60.7898	-73.6719	-47.8037	-65.0988	-38.5758	-52.8407	-35.4223	-40.9951	-38.6218	-31.9849	-43.3036	-26.1612	-44.7385	-20.0556	-45.3111	-13.7556	-45.3028	-8.4144	-46.0626	-59.0608	-88.7519	-19.4069	-80.4623	-23.7494	-71.4310	-19.4069	-80.4623
it03	10/06/2017 19:44:08	1.2415	0.1421	Dico poco lentamente	o	-72.8671	-79.1258	-77.0738	-63.2453	-76.0111	-49.3264	-67.4411	-37.4042	-58.2128	-36.5425	-50.1303	-38.3722	-39.2835	-41.1504	-35.9542	-45.3955	-32.8304	-49.6381	-30.8545	-54.5194	-29.2492	-59.7287	-60.0949	-88.7063	-20.4135	-83.3464	-24.4266	-74.0952	-20.4135	-83.3464
it03	10/06/2017 19:44:13	1.1150	0.1239	Dico paga lentamente	a	-69.4723	-81.2649	-74.6640	-66.7617	-72.7937	-51.9945	-66.6698	-41.9520	-55.3824	-38.4817	-44.9043	-38.2751	-36.0626	-42.5609	-32.1088	-46.1992	-27.5082	-49.0004	-21.2209	-51.9868	-17.5867	-56.5860	-58.5401	-88.2530	-20.9099	-82.9640	-25.2160	-73.1129	-20.9099	-82.9640
it03	10/06/2017 19:44:19	1.2103	0.0655	Dico pugu lentamente	u	-74.8101	-81.3680	-80.0382	-64.1510	-78.4725	-49.9229	-69.6779	-37.3052	-61.2454	-34.6755	-51.6372	-36.4740	-40.9171	-40.0407	-37.8278	-45.3635	-34.6664	-49.7616	-31.1486	-54.7518	-29.2307	-60.4177	-60.1692	-90.3186	-20.3204	-83.8976	-24.4310	-74.1301	-20.3204	-83.8976
it03	10/06/2017 19:44:25	1.2853	0.1421	Dico pata lentamente	a	-74.1024	-79.0246	-79.6261	-63.7007	-73.4501	-52.9600	-61.7780	-48.0102	-48.8989	-44.9430	-37.2050	-43.8530	-28.7693	-43.4172	-21.7236	-43.6676	-16.0259	-43.5121	-10.7577	-43.4036	-5.2154	-43.2059	-58.4118	-85.7090	-21.3275	-81.6513	-24.7819	-72.1390	-21.3275	-81.6513
it03	10/06/2017 19:44:30	1.0949	0.1171	Dico poto lentamente	O	-74.9307	-80.3147	-80.9813	-63.1046	-75.6954	-49.1759	-64.9513	-40.7621	-51.1646	-43.7547	-38.4809	-48.7733	-29.5966	-46.5861	-24.2475	-47.3062	-17.7802	-46.6367	-12.3046	-45.6684	-7.6267	-44.8340	-61.1575	-87.7906	-21.7413	-80.7470	-25.2488	-71.5944	-21.7413	-80.7470
it03	10/06/2017 19:44:36	1.2329	0.1273	Dico pogo lentamente	O	-72.5891	-80.4124	-76.2811	-64.7579	-75.9700	-50.7094	-69.0112	-38.0488	-59.0393	-35.8992	-49.9626	-38.7609	-39.8383	-43.3454	-36.3665	-46.9019	-32.6956	-50.5291	-28.5185	-54.2203	-24.3034	-59.0900	-59.6660	-89.4046	-19.8114	-83.1584	-23.7465	-73.3794	-19.8114	-83.1584
it04	11/06/2017 08:37:57	1.2807	0.2025	Dico paga lentamente	a	-71.8186	-71.4965	-73.0327	-54.9262	-70.1583	-38.5210	-63.6709	-23.3577	-56.0306	-24.6669	-38.6356	-19.2840	-24.8447	-15.5083	-24.6941	-21.5673	-28.9626	-44.0008	-28.9593	-40.4099	-27.5914	-44.8317	-61.9387	-83.5407	-24.6079	-81.1050	-29.5207	-68.9653	-24.6079	-81.1050
it04	11/06/2017 08:38:02	1.1853	0.2143	Dico poto lentamente	O																																																																																																																																																																																																																																																												
it04	11/06/2017 08:38:07	1.1279	0.1366	Dico paca lentamente	a																																																																																																																																																																																																																																																												
it04	11/06/2017 08:38:12	1.1749	0.1531	Dico pudu lentamente	u																																																																																																																																																																																																																																																												
it04	11/06/2017 08:38:19	1.1243	0.1202	Dico pucu lentamente	u																																																																																																																																																																																																																																																												
it04	11/06/2017 08:38:25	1.0879	0.1708	Dico pogo lentamente	O																																																																																																																																																																																																																																																												
it04	11/06/2017 08:38:30	1.1753	0.1850	Dico podo lentamente	O																																																																																																																																																																																																																																																												
it04	11/06/2017 08:38:37	1.2275	0.1531	Dico pata lentamente	a																																																																																																																																																																																																																																																												
it04	11/06/2017 08:38:43	1.1432	0.1170	Dico putu lentamente	u																																																																																																																																																																																																																																																												
it04	11/06/2017 08:38:48	1.2868	0.1200	Dico pugu lentamente	u																																																																																																																																																																																																																																																												
it04	11/06/2017 08:38:54	1.2391	0.1743	Dico pada lentamente	a																																																																																																																																																																																																																																																												
it04	11/06/2017 08:39:00	1.1825	0.1060	Dico poco lentamente	O																																																																																																																																																																																																																																																												
it04	11/06/2017 08:39:22	1.7132	0.1390	Dico paga lentamente	a																																																																																																																																																																																																																																																												
it04	11/06/2017 08:39:28	1.1644	0.1300	Dico poto lentamente	O																																																																																																																																																																																																																																																												
it04	11/06/2017 08:39:33	1.0954	0.1135	Dico paca lentamente	a																																																																																																																																																																																																																																																												
it04	11/06/2017 08:39:38	1.1607	0.1100	Dico pudu lentamente	u																																																																																																																																																																																																																																																												
it04	11/06/2017 08:39:43	1.2099	0.1000	Dico pucu lentamente	u																																																																																																																																																																																																																																																												
it04	11/06/2017 08:39:49	1.2394	0.1307	Dico pogo lentamente	O																																																																																																																																																																																																																																																												
it04	11/06/2017 08:39:56	1.1334	0.1300	Dico podo lentamente	O																																																																																																																																																																																																																																																												
it04	11/06/2017 08:40:24	1.1592	0.1272	Dico pata lentamente	a																																																																																																																																																																																																																																																												
it04	11/06/2017 08:40:30	2.1911	0.1060	Dico putu lentamente	u																																																																																																																																																																																																																																																												
it04	11/06/2017 08:40:36	1.0922	0.1228	Dico pugu lentamente	u																																																																																																																																																																																																																																																												
it04	11/06/2017 08:40:42	1.2850	0.1700	Dico pada lentamente	a																																																																																																																																																																																																																																																												
it04	11/06/2017 08:40:48	1.1694	0.1202	Dico poco lentamente	o																																																																																																																																																																																																																																																												
it04	11/06/2017 08:41:02	1.2536	0.1800	Dico paga lentamente	a																																																																																																																																																																																																																																																												
it04	11/06/2017 08:41:07	1.1684	0.1395	Dico poto lentamente	O																																																																																																																																																																																																																																																												
it04	11/06/2017 08:41:13	1.1163	0.1414	Dico paca lentamente	a																																																																																																																																																																																																																																																												
it04	11/06/2017 08:41:19	1.2156	0.1100	Dico pudu lentamente	u																																																																																																																																																																																																																																																												
it04	11/06/2017 08:41:24	1.2680	0.1100	Dico pucu lentamente	u																																																																																																																																																																																																																																																												
it04	11/06/2017 08:41:30	1.4327	0.1373	Dico pogo lentamente	O																																																																																																																																																																																																																																																												
it04	11/06/2017 08:41:35	1.2077	0.1300	Dico podo lentamente	O																																																																																																																																																																																																																																																												
it04	11/06/2017 08:41:41	1.1767	0.1366	Dico pata lentamente	a																																																																																																																																																																																																																																																												
it04	11/06/2017 08:41:46	1.1205	0.1037	Dico putu lentamente	u																																																																																																																																																																																																																																																												
it04	11/06/2017 08:41:51	1.2111	0.0900	Dico pugu lentamente	u																																																																																																																																																																																																																																																												
it04	11/06/2017 08:41:57	1.1500	0.1484	Dico pada lentamente	a																																																																																																																																																																																																																																																												
it04	11/06/2017 08:42:02	0.9627	0.1060	Dico poco lentamente	O																																																																																																																																																																																																																																																												
it04	11/06/2017 08:42:34	1.4390	0.1400	Dico paga lentamente	a																																																																																																																																																																																																																																																												
it04	11/06/2017 08:42:40	1.1088	0.1296	Dico poto lentamente	O																																																																																																																																																																																																																																																												
it04	11/06/2017 08:42:45	1.1319	0.1272	Dico paca lentamente	a																																																																																																																																																																																																																																																												
it04	11/06/2017 08:42:50	1.2464	0.1374	Dico pudu lentamente	u																																																																																																																																																																																																																																																												
it04	11/06/2017 08:42:56	1.0084	0.0940	Dico pucu lentamente	u																																																																																																																																																																																																																																																												
it04	11/06/2017 08:43:01	1.3373	0.1283	Dico pogo lentamente	O																																																																																																																																																																																																																																																												
it04	11/06/2017 08:43:18	1.1579	0.1060	Dico putu lentamente	u																																																																																																																																																																																																																																																												
it04	11/06/2017 08:43:24	1.1176	0.1000	Dico pugu lentamente	u																																																																																																																																																																																																																																																												
it04	11/06/2017 08:43:29	1.1507	0.1325	Dico pada lentamente	a																																																																																																																																																																																																																																																												
it04	11/06/2017 08:43:35	0.9858	0.0942	Dico poco lentamente	O																																																																																																																																																																																																																																																												
it04	11/06/2017 08:43:52	1.1873	0.1366	Dico paga lentamente	a																																																																																																																																																																																																																																																												
it04	11/06/2017 08:43:57	1.0190	0.1200	Dico poto lentamente	o																																																																																																																																																																																																																																																												
it04	11/06/2017 08:44:03	1.5218	0.1500	Dico paca lentamente	a																																																																																																																																																																																																																																																												
it04	11/06/2017 08:44:08	1.2167	0.1009	Dico pudu lentamente	u																																																																																																																																																																																																																																																												
it04	11/06/2017 08:44:13	1.2385	0.0888	Dico pucu lentamente	u																																																																																																																																																																																																																																																												
it04	11/06/2017 08:44:19	1.3443	0.1305	Dico pogo lentamente	O																																																																																																																																																																																																																																																												
it04	11/06/2017 08:44:25	1.3481	0.1434	Dico podo lentamente	O																																																																																																																																																																																																																																																												
it04	11/06/2017 08:44:30	1.1706	0.1300	Dico pata lentamente	a																																																																																																																																																																																																																																																												
it04	11/06/2017 08:44:35	1.1902	0.0989	Dico putu lentamente	u																																																																																																																																																																																																																																																												
it04	11/06/2017 08:44:41	1.4953	0.1000	Dico pugu lentamente	u																																																																																																																																																																																																																																																												
it04	11/06/2017 08:44:46	1.3026	0.1578	Dico pada lentamente	a																																																																																																																																																																																																																																																												
it04	11/06/2017 08:44:51	1.1728	0.0919	Dico poco lentamente	o																																																																																																																																																																																																																																																												
it04	11/06/2017 08:45:09	1.8193	0.1366	Dico paga lentamente	a																																																																																																																																																																																																																																																												
it04	11/06/2017 08:45:14	1.2508	0.1225	Dico poto lentamente	O																																																																																																																																																																																																																																																												
it04	11/06/2017 08:45:20	1.2058	0.1366	Dico paca lentamente	a																																																																																																																																																																																																																																																												
it04	11/06/2017 08:45:25	1.2633	0.1200	Dico pudu lentamente	u																																																																																																																																																																																																																																																												
it04	11/06/2017 08:45:30	1.2543	0.1140	Dico pucu lentamente	u																																																																																																																																																																																																																																																												
it04	11/06/2017 08:45:36	1.3701	0.1437	Dico pogo lentamente	O																																																																																																																																																																																																																																																												
it04	11/06/2017 08:45:41	1.3027	0.1555	Dico podo lentamente	O																																																																																																																																																																																																																																																												
it04	11/06/2017 08:45:46	1.2651	0.1461	Dico pata lentamente	a																																																																																																																																																																																																																																																												
it04	11/06/2017 08:45:52	1.2026	0.1296	Dico putu lentamente	u																																																																																																																																																																																																																																																												
it04	11/06/2017 08:45:58	1.1724	0.0989	Dico pugu lentamente	u																																																																																																																																																																																																																																																												
it04	11/06/2017 08:46:03	1.4363	0.1673	Dico pada lentamente	a																																																																																																																																																																																																																																																												
it04	11/06/2017 08:46:09	1.0734	0.1061	Dico poco lentamente	O																																																																																																																																																																																																																																																												
it05	11/06/2017 16:46:46	1.6510	0.1458	Dico pudu lentamente	u	-62.5170	-83.3183	-66.0822	-67.1357	-67.1574	-52.8578	-62.5732	-40.9459	-50.7357	-35.9159	-39.0406	-38.8230	-28.9328	-42.8470	-22.9425	-43.2181	-16.4315	-43.1655	-9.8164	-42.0940	-2.3107	-41.8941	-59.9679	-93.7475	-21.0843	-83.6198	-23.6811	-74.4069	-21.0843	-83.6198
it05	11/06/2017 16:47:19	1.6623	0.1008	Dico pugu lentamente	u	-66.9622	-80.4001	-70.4240	-66.6902	-69.2734	-52.8994	-64.1860	-40.9772	-54.2452	-36.0861	-43.7373	-35.6684	-33.8317	-40.0728	-31.7543	-44.7465	-28.6955	-49.3072	-25.8491	-53.1454	-23.8238	-59.2229	-60.1690	-90.7880	-19.8470	-81.9368	-23.2524	-71.4993	-19.8470	-81.9368
it05	11/06/2017 16:47:24	1.0315	0.0900	Dico putu lentamente	u	-61.8654	-81.0582	-65.2990	-65.7865	-65.0416	-52.7844	-60.4009	-42.1184	-49.7178	-35.1653	-37.4209	-36.7607	-27.5642	-40.9502	-21.9219	-41.0213	-14.9773	-40.1088	-9.0189	-37.8225	-2.1123	-37.7479	-58.9083	-92.4725	-19.4876	-83.1218	-24.3071	-72.5917	-19.4876	-83.1218
it05	11/06/2017 16:47:30	1.2746	0.0936	Dico poto lentamente	O	-70.6809	-83.6387	-73.7372	-68.9428	-70.6332	-55.4209	-63.1528	-46.1769	-52.8551	-40.0971	-40.5436	-41.3667	-31.1896	-44.6781	-25.3641	-43.9991	-18.3494	-43.6121	-11.9717	-42.0821	-7.0310	-41.7896	-62.3179	-91.6269	-21.8074	-82.2758	-25.0780	-73.6331	-21.8074	-82.2758
it05	11/06/2017 16:47:37	1.1679	0.1026	Dico pata lentamente	a	-72.7144	-81.5845	-75.3350	-65.5406	-67.4884	-53.2637	-58.2791	-45.5332	-48.0110	-41.2215	-35.2991	-41.9495	-26.9427	-44.4904	-21.4006	-43.3140	-15.1484	-41.3187	-10.2427	-39.1212	-5.2952	-37.6816	-62.3016	-89.3610	-22.1086	-82.0580	-25.3274	-74.3676	-22.1086	-82.0580
it05	11/06/2017 16:48:24	1.5471	0.1200	Dico pucu lentamente	u	-65.9417	-79.0894	-69.3499	-65.6266	-69.4731	-52.7536	-66.0807	-42.0064	-56.4751	-33.6279	-45.4301	-35.6671	-35.6543	-38.8442	-31.4665	-43.1996	-25.4912	-42.1435	-25.2742	-48.8093	-23.2861	-54.9536	-60.1268	-89.9701	-17.6908	-80.8581	-22.9705	-69.0638	-17.6908	-80.8581
it05	11/06/2017 16:48:29	1.5797	0.1142	Dico paga lentamente	a	-73.0372	-83.2275	-74.2721	-68.6513	-69.7028	-55.9725	-62.1810	-46.8585	-53.8444	-39.1258	-42.6366	-36.7762	-31.5878	-41.1174	-25.6768	-43.9206	-21.6896	-46.7614	-17.2246	-49.8539	-11.8898	-54.5172	-61.9967	-91.1394	-24.6987	-83.3252	-27.8019	-74.5258	-24.6987	-83.3252
it05	11/06/2017 16:48:34	1.2071	0.0900	Dico poco lentamente	o	-70.7955	-83.2454	-73.5711	-68.2817	-70.6088	-54.0670	-62.5371	-45.4602	-52.5438	-39.7370	-40.8331	-39.9218	-30.3888	-44.8794	-27.4342	-47.1482	-21.7526	-49.8396	-17.1025	-53.3051	-13.8421	-56.9378	-61.1861	-91.3673	-21.7877	-82.9659	-24.9241	-73.4502	-21.7877	-82.9659
it05	11/06/2017 16:48:39	1.3008	0.1098	Dico paca lentamente	a	-72.4343	-81.7309	-74.5295	-66.7433	-69.6462	-54.3862	-61.8380	-45.6487	-52.3169	-38.5242	-40.5888	-36.7998	-29.2844	-40.3133	-23.8274	-42.3391	-19.8365	-45.0374	-13.6831	-46.7560	-10.0498	-51.9861	-61.3527	-89.9829	-23.6571	-83.0670	-27.0668	-74.3902	-23.6571	-83.0670
it05	11/06/2017 16:48:45	1.4268	0.1008	Dico pogo lentamente	O	-69.2997	-82.7712	-72.0431	-67.5814	-69.2135	-53.5502	-63.0480	-44.0765	-52.7498	-38.2238	-41.3669	-37.4929	-31.6048	-43.0313	-26.9711	-45.8020	-21.9555	-49.0102	-17.3715	-52.5014	-12.4724	-56.7153	-60.5875	-91.0432	-22.0309	-82.7894	-25.2369	-73.4508	-22.0309	-82.7894
it05	11/06/2017 16:48:51	1.2734	0.1494	Dico pada lentamente	a	-70.8858	-80.5935	-73.0872	-65.1783	-64.9127	-56.5737	-57.0550	-46.4871	-47.7245	-41.1540	-35.4644	-39.8670	-26.3476	-42.1671	-20.3269	-41.9038	-14.4360	-41.6447	-8.3988	-39.5905	-1.4562	-38.0992	-60.7042	-89.7675	-21.9460	-83.8844	-25.9558	-75.0665	-21.9460	-83.8844
it05	11/06/2017 16:48:57	1.6011	0.1188	Dico podo lentamente	O	-68.6132	-82.9452	-73.0665	-68.4808	-69.2274	-55.6586	-61.1114	-46.8062	-50.7348	-41.3028	-38.3359	-41.8166	-28.3580	-43.9267	-22.4627	-44.4075	-16.3257	-43.6441	-10.8095	-41.9817	-6.4148	-41.5491	-60.3824	-90.4458	-22.3029	-82.3225	-25.5535	-73.7514	-22.3029	-82.3225
it05	11/06/2017 16:49:14	1.2986	0.0774	Dico pudu lentamente	u	-61.6531	-82.8879	-64.8575	-67.0461	-64.8144	-54.7466	-59.8497	-43.5857	-48.7598	-37.0782	-36.0030	-38.3765	-26.0857	-39.2595	-20.1568	-40.8238	-13.5657	-39.6512	-7.4489	-37.9811	-1.2813	-38.0701	-59.5562	-92.2942	-19.8920	-83.3945	-24.2746	-73.5715	-19.8920	-83.3945
it05	11/06/2017 16:49:20	1.6544	0.0666	Dico pugu lentamente	u	-62.7550	-82.9817	-68.1134	-70.1796	-69.7146	-56.8633	-66.0876	-43.0237	-56.5903	-34.9944	-44.2960	-35.8662	-34.6943	-40.1607	-30.9547	-45.2069	-28.6352	-47.3633	-24.6347	-51.2092	-22.5352	-57.1145	-58.4490	-93.0889	-19.0558	-82.5411	-23.0335	-71.9663	-19.0558	-82.5411
it05	11/06/2017 16:49:25	1.3673	0.0980	Dico putu lentamente	u	-61.1648	-82.4697	-62.9288	-67.2326	-64.3005	-55.2662	-60.0497	-43.6904	-49.6766	-36.0455	-37.1378	-37.0133	-26.3454	-40.8127	-21.2065	-41.1462	-14.7391	-40.4906	-8.6952	-38.8982	-2.1325	-39.2570	-58.9479	-91.6785	-19.3742	-83.6428	-23.6794	-73.2719	-19.3742	-83.6428
it05	11/06/2017 16:49:32	1.3321	0.0790	Dico poto lentamente	O	-68.6630	-81.9082	-70.7498	-66.9451	-66.1732	-54.8441	-59.5872	-45.7897	-48.7349	-40.2406	-36.6886	-40.1652	-26.6148	-41.8972	-20.7204	-42.3003	-15.5191	-42.5629	-9.7249	-40.5150	-5.1664	-37.8541	-59.7942	-89.7594	-21.7398	-82.4038	-25.3892	-73.7247	-21.7398	-82.4038
it05	11/06/2017 16:49:56	1.7263	0.1000	Dico pata lentamente	a	-69.7164	-80.6039	-73.8709	-64.1241	-66.1212	-52.2460	-57.1802	-44.5098	-47.3909	-40.3065	-34.9428	-40.1419	-26.4883	-42.5577	-21.1476	-41.2880	-14.7788	-40.8176	-9.2300	-35.4581	-2.3990	-33.5709	-59.0337	-87.0049	-21.3144	-81.7064	-25.4814	-73.1492	-21.3144	-81.7064
it05	11/06/2017 16:50:01	1.3273	0.0612	Dico pucu lentamente	u	-67.3291	-81.5758	-71.2645	-67.8017	-70.5627	-54.0537	-66.2471	-42.1326	-57.2040	-34.9968	-45.4013	-35.9114	-35.3305	-40.1426	-31.8509	-44.9100	-28.7356	-48.4021	-25.0717	-52.6748	-23.2926	-59.1811	-59.4984	-92.0371	-18.2203	-81.7652	-22.8006	-71.5559	-18.2203	-81.7652
it05	11/06/2017 16:50:06	1.1741	0.1026	Dico paga lentamente	a	-69.4652	-81.7716	-71.9768	-66.9798	-67.4121	-53.8625	-59.8119	-44.6079	-49.6659	-37.7671	-39.1549	-37.1109	-29.0078	-41.5423	-23.8517	-44.2149	-19.2493	-46.0948	-13.1715	-48.2992	-8.9328	-51.7535	-60.1868	-90.3088	-23.7954	-83.7675	-27.5767	-75.0241	-23.7954	-83.7675
it05	11/06/2017 16:50:11	1.2889	0.0828	Dico poco lentamente	o	-69.4167	-81.8113	-72.7242	-66.5663	-69.9548	-52.4561	-63.3271	-43.0287	-51.9698	-38.3157	-40.9320	-39.1169	-30.4727	-44.3728	-26.7460	-45.4493	-21.1473	-47.3351	-17.1319	-51.3979	-12.7309	-55.6204	-59.2554	-89.9083	-21.4487	-82.6208	-25.3138	-72.4024	-21.4487	-82.6208
it05	11/06/2017 16:50:18	1.3359	0.0828	Dico paca lentamente	a	-70.1040	-80.9440	-72.7110	-64.9057	-66.2196	-52.1014	-59.0829	-43.0616	-47.0867	-36.7820	-35.2106	-38.4427	-26.1631	-44.0493	-21.9265	-45.7202	-17.0533	-45.6690	-11.6256	-47.8121	-7.0891	-50.4356	-59.5112	-88.6050	-23.8407	-82.9418	-27.1164	-74.2161	-23.8407	-82.9418
it05	11/06/2017 16:50:23	1.6484	0.0774	Dico pogo lentamente	O	-69.6489	-82.5662	-72.7852	-66.6768	-68.5952	-53.2235	-60.5654	-44.4956	-49.4146	-37.5569	-37.0867	-38.7977	-27.7809	-45.8390	-22.9821	-47.5139	-18.8170	-49.5670	-13.5421	-52.4058	-10.2880	-55.4310	-59.2806	-89.7402	-22.5749	-84.1204	-26.7283	-73.8124	-22.5749	-84.1204
it05	11/06/2017 16:50:29	1.6876	0.1062	Dico pada lentamente	a	-69.5327	-81.7727	-73.1197	-66.0849	-66.2792	-56.2760	-58.5034	-47.9757	-48.4221	-42.5753	-36.3116	-40.9144	-26.5498	-42.2441	-21.0855	-42.1994	-15.3594	-42.2285	-9.7313	-40.2348	-3.8976	-38.8906	-59.2047	-88.6363	-22.0207	-82.2544	-25.7522	-73.8462	-22.0207	-82.2544
it05	11/06/2017 16:50:34	1.4642	0.1091	Dico podo lentamente	O	-68.4903	-81.5392	-71.7124	-66.4461	-66.2757	-55.2937	-59.3226	-45.8771	-47.7254	-41.0806	-35.3375	-41.2447	-25.7272	-43.6118	-21.5708	-43.8436	-15.6262	-42.7213	-9.4564	-41.4355	-5.3356	-42.0680	-58.9507	-88.2524	-21.7842	-81.9152	-25.2766	-73.4626	-21.7842	-81.9152
it05	11/06/2017 16:50:53	1.9258	0.0814	Dico pudu lentamente	u	-61.4240	-81.4161	-65.2437	-65.7722	-65.0555	-53.1764	-60.6184	-42.4869	-49.3503	-36.7902	-38.4363	-37.7970	-28.4280	-41.3811	-22.9613	-41.8864	-16.9049	-41.6646	-10.7729	-40.1959	-5.2055	-40.2826	-59.8260	-92.0849	-21.4122	-80.9381	-24.6295	-71.1447	-21.4122	-80.9381
it05	11/06/2017 16:50:58	1.4164	0.0782	Dico pugu lentamente	u	-67.4793	-79.5847	-70.5224	-65.4686	-68.6804	-51.5538	-64.5894	-41.0295	-55.1321	-36.9804	-43.6696	-36.1647	-34.1270	-39.7854	-30.8737	-44.5807	-28.3133	-47.3419	-24.5518	-51.4981	-20.3759	-55.4893	-59.9993	-90.3006	-19.3289	-81.5799	-23.6082	-71.2789	-19.3289	-81.5799
it05	11/06/2017 16:51:04	1.6037	0.0782	Dico putu lentamente	u	-62.0547	-80.4980	-64.9372	-66.9251	-63.9909	-55.2039	-59.7084	-43.6781	-50.2626	-36.2279	-38.5717	-37.7401	-28.3758	-41.6399	-23.1771	-41.8319	-16.8521	-41.8709	-11.3078	-41.0347	-5.6486	-41.4259	-59.2057	-89.7818	-21.1925	-82.2167	-23.5861	-72.3672	-21.1925	-82.2167
it05	11/06/2017 16:51:09	1.2593	0.0879	Dico poto lentamente	O	-68.8757	-81.7361	-72.0440	-66.4190	-67.3480	-52.3930	-59.7033	-44.4543	-48.5210	-40.4949	-35.8424	-39.9949	-26.9575	-43.4710	-20.8987	-42.0462	-15.1608	-42.2051	-9.4064	-40.8532	-2.9585	-40.3466	-59.8497	-88.8896	-21.9214	-82.5712	-25.8876	-74.0635	-21.9214	-82.5712
it05	11/06/2017 16:51:15	1.3748	0.0924	Dico pata lentamente	a	-70.5606	-81.2678	-73.6650	-65.7377	-67.0930	-54.7974	-59.1705	-47.7128	-49.7685	-41.8771	-37.7971	-41.3499	-28.8487	-43.5051	-22.6602	-42.1141	-17.1694	-42.4198	-11.5238	-40.0366	-5.8408	-36.8325	-59.8778	-88.2070	-21.6225	-81.6800	-25.3074	-73.7661	-21.6225	-81.6800
it05	11/06/2017 16:51:20	1.6619	0.0765	Dico pucu lentamente	u	-69.8686	-79.9470	-71.5109	-65.2588	-70.1432	-51.9981	-66.4462	-40.6181	-56.6862	-31.8952	-44.3253	-34.4272	-35.9337	-38.2795	-32.7608	-42.8614	-25.8451	-42.0320	-26.2011	-49.2034	-25.0591	-55.6309	-59.5536	-89.5693	-17.4547	-81.1029	-22.9881	-69.9611	-17.4547	-81.1029
it05	11/06/2017 16:51:26	1.4272	0.0993	Dico paga lentamente	a	-71.3893	-80.7625	-72.1760	-66.0571	-67.3743	-53.6722	-60.3239	-44.3957	-49.6999	-37.5904	-38.8768	-36.9515	-29.1389	-42.0354	-23.4124	-45.2610	-19.2465	-47.5246	-12.7027	-51.2633	-8.6254	-55.4891	-61.4755	-89.9269	-23.7253	-83.8235	-27.6208	-74.9434	-23.7253	-83.8235
it05	11/06/2017 16:51:31	1.4007	0.0717	Dico poco lentamente	o	-70.4320	-80.3349	-72.7834	-65.3962	-68.5353	-51.9856	-62.3360	-43.0619	-51.7334	-36.7989	-40.3748	-37.3861	-31.2062	-42.2757	-25.6110	-45.5294	-20.6150	-46.3442	-15.0338	-48.2448	-10.4946	-52.0733	-60.5828	-88.3171	-21.7973	-84.4550	-25.8726	-73.0615	-21.7973	-84.4550
it05	11/06/2017 16:51:37	1.5194	0.0823	Dico paca lentamente	a	-71.1775	-81.5793	-73.1182	-66.6797	-69.1424	-53.0777	-61.7388	-44.4047	-50.3788	-38.1627	-39.7999	-37.5482	-29.0695	-42.0444	-23.8066	-44.1783	-19.5807	-46.2940	-13.6925	-48.8288	-9.9221	-53.1615	-61.2711	-89.3661	-23.1127	-83.3155	-27.1018	-74.6041	-23.1127	-83.3155
it05	11/06/2017 16:51:43	1.5828	0.1010	Dico pogo lentamente	O	-69.9599	-81.3055	-72.4172	-66.0958	-69.6826	-51.9678	-63.0060	-43.2683	-52.7169	-37.3580	-40.9183	-38.1060	-30.9327	-44.0856	-27.6143	-46.1066	-20.6369	-47.9790	-13.9511	-51.2070	-9.7900	-54.8434	-59.5309	-88.6936	-22.8373	-83.7910	-26.5325	-74.0381	-22.8373	-83.7910
it05	11/06/2017 16:51:49	1.7224	0.1200	Dico pada lentamente	a	-71.0323	-79.9624	-74.5180	-63.9059	-67.2282	-54.8973	-59.1177	-46.4803	-49.2860	-42.1250	-36.9880	-41.5744	-28.2669	-43.3702	-22.1873	-42.6696	-16.0642	-42.0504	-10.7906	-40.7041	-6.4711	-38.7855	-60.1533	-88.9266	-22.5385	-82.7421	-25.8821	-74.5082	-22.5385	-82.7421
it05	11/06/2017 16:51:54	1.8035	0.1000	Dico podo lentamente	O	-68.3757	-82.3823	-71.8119	-67.1531	-68.1233	-55.1054	-60.9157	-45.8050	-50.0956	-41.5673	-37.4415	-41.5866	-28.9087	-43.9781	-22.6274	-44.6790	-16.5366	-43.4029	-10.5870	-42.2459	-5.7139	-42.0574	-59.6551	-90.1294	-22.2188	-82.6323	-25.5160	-73.6263	-22.2188	-82.6323
it05	11/06/2017 16:52:19	1.5332	0.0924	Dico pudu lentamente	u	-62.0428	-83.1372	-67.1787	-69.3173	-67.1798	-58.1588	-63.7460	-46.0495	-55.5965	-37.7799	-44.3088	-37.1471	-34.5849	-41.3246	-28.9091	-42.7911	-22.0220	-41.9534	-15.3511	-41.8994	-10.0220	-43.2790	-59.2961	-93.1181	-23.5924	-82.5862	-26.5057	-73.6139	-23.5924	-82.5862
it05	11/06/2017 16:52:25	1.5993	0.0762	Dico pugu lentamente	u	-65.0416	-82.4423	-70.4469	-69.8037	-71.1396	-55.9338	-69.3179	-43.9784	-61.4495	-34.1654	-46.3703	-34.6568	-36.7860	-38.8605	-32.5418	-43.7428	-30.8220	-46.5866	-27.9613	-51.3361	-26.1895	-57.4045	-60.5451	-93.8579	-19.7312	-83.9236	-24.3067	-73.4106	-19.7312	-83.9236
it05	11/06/2017 16:52:31	1.3148	0.0879	Dico putu lentamente	u	-60.6891	-82.8095	-62.8628	-67.0875	-65.1110	-55.6329	-61.6767	-43.4032	-51.9106	-35.5103	-39.4789	-37.2955	-29.2083	-40.2955	-23.6836	-40.7956	-16.8154	-41.2232	-9.4259	-40.0183	-2.8122	-40.3302	-58.6803	-93.4621	-21.0585	-82.7955	-23.5703	-72.8874	-21.0585	-82.7955
it05	11/06/2017 16:52:36	1.3487	0.1075	Dico poto lentamente	O	-67.7087	-81.9470	-70.2361	-67.3127	-67.5067	-53.8820	-61.6068	-44.6356	-51.0568	-39.6018	-39.7113	-40.3983	-30.1975	-42.6449	-24.3627	-42.2286	-18.3206	-41.9526	-12.6235	-41.8627	-7.6948	-42.5240	-59.6408	-88.8664	-21.5696	-82.5299	-25.5072	-73.8402	-21.5696	-82.5299
it05	11/06/2017 16:52:42	1.4748	0.1010	Dico pata lentamente	a	-70.3748	-81.8654	-74.0825	-65.9110	-68.6995	-53.1871	-60.2133	-46.2719	-50.4067	-41.5248	-38.5577	-41.3759	-28.9111	-42.4020	-23.0615	-41.8541	-17.3843	-41.1582	-11.9394	-38.8441	-6.9768	-37.7926	-59.5628	-88.6189	-21.9607	-82.4739	-25.8609	-74.2190	-21.9607	-82.4739
it05	11/06/2017 16:52:47	1.3084	0.0717	Dico pucu lentamente	u	-68.7962	-80.7990	-71.5971	-68.0160	-70.8181	-55.9350	-67.2225	-43.5877	-59.4662	-33.9591	-46.7141	-34.3637	-36.6677	-39.0489	-31.9627	-43.4314	-24.8899	-41.8309	-25.1673	-48.7190	-24.6760	-55.0573	-60.2860	-90.5551	-16.0892	-84.4358	-23.0115	-71.6196	-16.0892	-84.4358
it05	11/06/2017 16:52:53	1.3746	0.1107	Dico paga lentamente	a	-69.4918	-81.2703	-71.8391	-66.1631	-68.4063	-53.2976	-62.2768	-43.5658	-52.1874	-36.0320	-40.7663	-36.0260	-31.1711	-41.4092	-25.1100	-43.0007	-20.2021	-45.7998	-13.2639	-47.1555	-9.5851	-51.4584	-59.6353	-89.3554	-22.9510	-85.6025	-27.2375	-74.7595	-22.9510	-85.6025
it05	11/06/2017 16:52:58	1.4245	0.0668	Dico poco lentamente	o	-70.4568	-81.2949	-73.2658	-66.5500	-69.5127	-52.7773	-62.2860	-43.9665	-50.4654	-38.9168	-38.7682	-40.4794	-29.0305	-45.8028	-23.3451	-46.8711	-18.8642	-48.4709	-13.2852	-50.2387	-8.8430	-52.3722	-60.3604	-89.4034	-22.0008	-83.5046	-25.7804	-74.3584	-22.0008	-83.5046
it05	11/06/2017 16:53:04	1.4208	0.0945	Dico paca lentamente	a	-70.5469	-82.0089	-72.6234	-66.7754	-68.2714	-52.7512	-61.8213	-45.0164	-50.9063	-37.8155	-39.9762	-36.2315	-30.9703	-41.7255	-25.0675	-45.0331	-20.0546	-46.4584	-13.4605	-47.9906	-9.4745	-52.3095	-59.9050	-90.2439	-22.6503	-84.6154	-27.8125	-74.0885	-22.6503	-84.6154
it05	11/06/2017 16:53:08	1.2259	0.1042	Dico pogo lentamente	O	-70.8292	-82.3751	-74.1974	-68.3020	-71.7283	-55.0272	-66.8270	-45.0607	-58.0423	-38.9368	-48.0298	-37.1611	-37.6162	-40.4964	-32.6872	-44.2869	-28.6201	-46.0155	-22.9828	-48.2276	-18.6511	-50.9916	-59.8810	-90.0849	-23.5382	-86.0648	-27.3476	-73.0893	-23.5382	-86.0648
it05	11/06/2017 16:53:19	1.3867	0.1058	Dico podo lentamente	O	-69.9124	-82.3931	-73.6480	-67.6664	-67.9830	-56.6343	-60.8662	-48.1160	-52.3448	-41.7279	-40.8508	-41.4463	-31.5791	-44.0254	-26.2737	-44.2985	-20.5684	-43.4896	-14.6071	-43.3698	-9.7914	-43.8884	-59.4442	-90.3646	-23.1644	-84.7870	-27.4710	-75.1876	-23.1644	-84.7870
it05	11/06/2017 16:53:41	2.0416	0.0778	Dico pudu lentamente	u	-62.3384	-80.7895	-66.5981	-66.6370	-66.2156	-55.2770	-62.2180	-44.0135	-52.6479	-37.1105	-39.9628	-38.7074	-30.3951	-42.2244	-24.5506	-42.4153	-18.0220	-42.4465	-11.9288	-42.0239	-6.8912	-43.1610	-60.2556	-92.5696	-22.8438	-82.3338	-25.3626	-73.0068	-22.8438	-82.3338
it05	11/06/2017 16:53:46	1.4802	0.0765	Dico pugu lentamente	u	-65.7579	-81.5699	-70.4273	-67.7441	-69.7226	-53.2312	-66.4683	-41.7956	-57.2150	-34.3298	-45.7316	-36.5857	-36.7074	-41.3753	-32.8505	-46.4784	-29.2659	-49.2568	-25.8924	-53.3690	-23.1472	-59.1942	-60.0961	-92.1335	-20.6881	-82.6299	-24.1599	-72.4395	-20.6881	-82.6299
it05	11/06/2017 16:53:52	1.3987	0.0869	Dico putu lentamente	u	-61.2314	-81.6649	-64.4178	-66.3830	-65.2340	-53.8517	-62.2050	-42.1306	-51.0443	-35.7559	-38.2426	-38.0489	-27.9132	-40.8176	-22.0130	-40.6306	-15.1728	-40.5058	-9.3637	-38.4999	-2.7204	-37.6301	-59.1573	-91.8501	-21.1149	-82.5858	-23.9130	-72.3677	-21.1149	-82.5858
it05	11/06/2017 16:53:57	1.1620	0.0863	Dico poto lentamente	O	-70.8679	-82.7186	-74.4810	-67.4621	-69.5580	-54.2206	-62.2626	-46.4830	-52.5883	-40.9578	-40.8136	-41.5017	-31.2887	-44.2220	-25.2555	-43.6852	-18.9236	-43.2421	-13.2116	-42.6352	-8.3207	-42.2910	-59.7744	-90.1329	-22.1601	-82.7851	-26.2593	-73.9850	-22.1601	-82.7851
it05	11/06/2017 16:54:03	1.3123	0.0954	Dico pata lentamente	a	-72.4757	-80.4944	-75.5662	-65.2107	-69.2303	-52.6749	-60.4413	-46.1130	-50.4117	-42.1476	-38.7249	-42.1876	-29.7161	-44.6035	-23.5680	-43.4036	-17.9378	-43.3901	-13.1279	-42.8753	-8.1949	-42.6299	-60.4400	-89.5316	-22.3470	-82.3201	-25.8809	-74.6414	-22.3470	-82.3201
it05	11/06/2017 16:54:08	1.4589	0.0684	Dico pucu lentamente	u	-70.5200	-80.3478	-72.2257	-66.7553	-70.4196	-54.0049	-68.0261	-43.0328	-58.5314	-33.5438	-48.0298	-36.7957	-37.0674	-40.7265	-32.8131	-45.4360	-29.2812	-47.6618	-26.5165	-52.0039	-24.6949	-58.4845	-60.6423	-90.0951	-19.7023	-83.0029	-23.7490	-73.1172	-19.7023	-83.0029
it05	11/06/2017 16:54:14	1.4320	0.1059	Dico paga lentamente	a	-71.4069	-80.3070	-74.0059	-66.2294	-69.6999	-53.8648	-62.7882	-45.2889	-54.3594	-38.6484	-43.4982	-35.8956	-34.0602	-39.6305	-29.0015	-42.8196	-23.0882	-44.8333	-18.2699	-46.6089	-11.9596	-51.0665	-59.9462	-89.0932	-26.1715	-84.7130	-29.1284	-73.8594	-26.1715	-84.7130
it05	11/06/2017 16:54:19	1.5240	0.0912	Dico poco lentamente	o	-70.8264	-82.5737	-73.5515	-68.4298	-71.2431	-55.7142	-66.0142	-45.7633	-57.2149	-39.4513	-47.9703	-37.0815	-37.2586	-40.8424	-31.7732	-44.8117	-30.0825	-47.1872	-25.3031	-50.3081	-20.0747	-53.9105	-59.6092	-90.0544	-24.1625	-84.6271	-27.5429	-73.5388	-24.1625	-84.6271
it05	11/06/2017 16:54:25	1.5735	0.1197	Dico paca lentamente	a	-69.8882	-81.7812	-74.0982	-67.1723	-70.7809	-53.9169	-65.1921	-44.8178	-55.1346	-37.9262	-43.7637	-36.8806	-35.3401	-41.2630	-29.8986	-44.6531	-25.8225	-46.9765	-19.5541	-49.4640	-14.3518	-53.1276	-58.6968	-88.5576	-25.6409	-84.5964	-28.8266	-74.1869	-25.6409	-84.5964
it05	11/06/2017 16:54:33	2.5166	0.0830	Dico pogo lentamente	O	-70.9584	-81.5178	-74.2218	-66.9733	-72.4216	-54.8603	-66.0295	-45.8548	-57.5445	-39.4676	-46.7946	-37.1207	-37.0161	-40.9712	-32.6591	-45.0876	-29.4861	-47.7785	-24.6805	-51.3520	-19.9555	-56.2972	-59.7092	-90.2307	-23.6642	-83.1644	-26.9812	-73.4822	-23.6642	-83.1644
it05	11/06/2017 16:54:38	1.4171	0.1170	Dico pada lentamente	a	-70.7095	-81.9351	-75.3747	-66.2856	-68.4301	-54.5957	-60.4430	-48.4010	-51.7370	-43.5580	-40.0875	-42.9319	-30.7876	-44.5950	-24.9385	-42.8638	-19.6434	-43.9397	-13.9232	-43.0609	-9.3606	-43.4624	-59.5615	-89.1830	-22.3854	-84.3255	-26.9160	-75.0747	-22.3854	-84.3255
it05	11/06/2017 16:54:44	1.6432	0.1107	Dico podo lentamente	O	-70.1396	-83.3134	-73.4472	-68.8818	-68.6826	-56.0191	-62.0595	-47.7152	-53.0414	-41.9835	-42.3018	-41.2806	-31.8561	-44.5289	-25.6188	-43.6116	-20.6887	-44.1752	-14.6912	-43.0542	-10.0739	-43.4226	-59.7469	-90.4607	-22.5795	-83.7793	-26.9886	-74.8049	-22.5795	-83.7793
it05	11/06/2017 16:55:01	1.4259	0.0600	Dico pudu lentamente	u	-66.6075	-83.0975	-71.1121	-69.1346	-70.1958	-54.4962	-65.9418	-43.1902	-55.1918	-36.1134	-42.8328	-38.9815	-33.2724	-43.6048	-29.8426	-45.5521	-23.2294	-46.8258	-16.9464	-48.8026	-11.7874	-51.6337	-61.2916	-92.8387	-22.2238	-82.9578	-25.2124	-73.7523	-22.2238	-82.9578
it05	11/06/2017 16:55:06	1.2619	0.0750	Dico pugu lentamente	u	-65.9756	-83.0749	-70.7458	-69.1681	-71.0595	-54.6719	-67.8183	-40.6530	-58.4248	-34.5933	-47.1290	-36.6129	-38.6570	-40.9863	-33.7524	-45.4810	-30.0150	-46.7403	-25.8351	-49.9772	-23.6637	-56.1259	-59.4201	-91.6842	-18.9902	-82.1705	-23.3883	-71.2896	-18.9902	-82.1705
it05	11/06/2017 16:55:12	1.3012	0.0700	Dico putu lentamente	u	-62.9765	-80.2937	-65.7127	-65.9902	-65.9114	-53.1695	-60.7901	-42.3281	-48.8071	-35.9706	-36.2411	-37.8815	-26.6560	-40.4906	-20.9720	-41.5855	-14.8079	-41.2703	-8.1810	-40.3724	-1.9076	-40.6433	-59.2167	-89.6497	-21.2290	-82.8333	-24.6901	-73.0038	-21.2290	-82.8333
it05	11/06/2017 16:55:18	1.2960	0.0716	Dico poto lentamente	O	-69.6963	-81.7086	-73.5105	-67.0223	-69.0947	-53.4025	-63.4277	-43.1224	-53.2530	-37.9886	-42.7631	-38.5661	-32.3456	-43.8095	-28.2309	-46.7922	-22.2089	-47.7308	-17.3062	-50.4058	-12.2064	-53.9382	-58.9497	-88.3211	-23.0809	-83.6171	-27.2635	-74.1685	-23.0809	-83.6171
it05	11/06/2017 16:55:23	1.2180	0.1000	Dico pata lentamente	a	-71.4406	-81.8923	-75.5641	-66.6189	-70.4177	-54.6711	-61.3643	-48.4301	-52.4494	-43.0090	-41.1428	-42.4067	-31.4932	-42.9258	-26.1169	-42.6499	-20.5480	-42.7301	-14.6502	-40.7031	-9.7909	-42.1549	-59.7925	-88.7726	-22.7810	-82.9402	-26.6186	-74.7705	-22.7810	-82.9402
it05	11/06/2017 16:55:29	1.2323	0.0559	Dico pucu lentamente	u	-68.3226	-81.0129	-71.7550	-67.2160	-71.3316	-53.5796	-66.5864	-41.1746	-57.0187	-34.2051	-46.5987	-36.4164	-36.0064	-40.6558	-33.6117	-44.3344	-30.8793	-48.2734	-27.8768	-51.3277	-25.9354	-57.0152	-59.6580	-90.3241	-20.3449	-84.8979	-24.5373	-71.4438	-20.3449	-84.8979
it05	11/06/2017 16:55:34	1.3833	0.0928	Dico paga lentamente	a	-70.5967	-80.6289	-73.5330	-66.0625	-69.5322	-53.4722	-63.1331	-44.9979	-54.0085	-37.9521	-42.8044	-36.6974	-33.1179	-41.1940	-28.1105	-44.0115	-21.8455	-44.7306	-15.2046	-46.2286	-10.2054	-50.6279	-59.7731	-88.4965	-25.5403	-83.2058	-28.7390	-73.4703	-25.5403	-83.2058
it05	11/06/2017 16:55:46	1.4141	0.0839	Dico paca lentamente	a	-70.2978	-80.9384	-73.3399	-66.4617	-69.2962	-53.2956	-62.3290	-45.2555	-51.9738	-37.6358	-41.4777	-36.5128	-31.4203	-39.7350	-25.2476	-43.2870	-21.6909	-44.6135	-14.7415	-46.2410	-10.9459	-51.1677	-59.8177	-88.8756	-23.8859	-84.9460	-28.1903	-73.6424	-23.8859	-84.9460
it05	11/06/2017 16:56:03	1.1572	0.1026	Dico podo lentamente	O	-69.6006	-81.2956	-72.9967	-64.7836	-66.4545	-55.1302	-59.9760	-46.0984	-49.2575	-40.6052	-36.5194	-40.5768	-27.1660	-42.8801	-21.7266	-41.8346	-15.8904	-41.7352	-11.3783	-40.7701	-6.4991	-39.6954	-59.8503	-89.6058	-22.0920	-81.3283	-25.5649	-73.1965	-22.0920	-81.3283
it09	05/02/2018 12:08:15	1.4699	0.0713	Dico poto lentamente	o	-53.5646	-43.1359	-57.6084	-32.5442	-55.7172	-20.6999	-48.4524	-10.8841	-37.5997	-4.0750	-25.3220	-4.2251	-14.0090	-6.5047	-8.2316	-6.3508	-3.1634	-7.0271	3.3400	-7.7745	10.7585	-7.2564	-45.1368	-46.0568	-3.8869	-39.5980	-5.8750	-32.7338	-3.8869	-39.5980
it09	05/02/2018 12:08:19	1.0857	0.0457	Dico pudu lentamente	u	-51.3434	-39.4435	-47.8818	-28.1594	-45.0537	-17.4505	-39.5084	-7.9825	-30.6344	-0.1106	-17.9698	3.1502	-6.4731	1.7044	-0.5480	0.4362	4.7793	-0.9230	10.0073	-2.8777	14.5496	-5.2304	-46.0521	-45.7062	-1.2153	-39.6294	-3.3889	-31.0275	-1.2153	-39.6294
it09	05/02/2018 12:08:23	1.1017	0.0780	Dico pogo lentamente	O	-54.4388	-43.1204	-54.7165	-31.1244	-53.3394	-18.8747	-49.2891	-7.1756	-41.4609	3.0465	-29.0079	5.2874	-16.7320	-0.3613	-11.8270	-5.1091	-6.2983	-8.5167	-2.4996	-11.2771	0.3081	-16.1082	-46.5432	-49.0220	-6.2028	-42.3058	-8.8781	-35.6118	-6.2028	-42.3058
it09	05/02/2018 12:08:26	0.9890	0.0732	Dico pada lentamente	a	-54.7573	-43.9689	-59.5145	-34.2339	-57.4519	-22.5491	-49.9699	-12.5248	-38.2823	-6.6411	-26.5843	-6.2328	-13.8893	-7.4778	-8.3515	-6.9422	-2.9968	-7.0376	2.1355	-6.5946	10.9066	-6.8721	-45.6155	-46.4613	-5.1830	-41.0638	-7.1328	-33.2671	-5.1830	-41.0638
it09	05/02/2018 12:08:30	0.9308	0.0372	Dico pucu lentamente	u	-53.5952	-40.3585	-50.9402	-28.8727	-51.0777	-16.3957	-49.3868	-5.7405	-40.7234	3.3448	-29.9943	6.0845	-18.0975	0.7335	-13.2340	-1.8625	-8.5131	-6.2925	-4.2964	-9.7173	-2.8151	-14.0154	-47.2326	-46.6774	-0.0681	-41.6830	-3.3208	-31.1895	-0.0681	-41.6830
it09	05/02/2018 12:08:34	0.9293	0.0900	Dico podo lentamente	O	-53.8261	-42.8555	-56.9538	-31.9066	-54.1563	-20.1033	-47.0200	-10.1189	-36.6579	-3.1932	-23.3156	-3.1365	-12.0446	-5.0102	-6.1982	-5.1596	-0.8111	-5.1726	5.4738	-4.8501	12.2015	-4.8899	-44.8839	-45.3640	-3.6791	-40.6923	-5.8468	-32.2256	-3.6791	-40.6923
it09	05/02/2018 12:08:38	0.8897	0.0854	Dico paga lentamente	a	-53.1357	-42.6882	-55.0688	-31.6051	-52.2615	-19.2129	-47.1255	-8.1543	-38.3433	2.4009	-26.2493	4.0476	-13.9693	-0.2622	-8.5147	-4.4221	-4.0818	-8.6436	-0.9040	-13.6787	0.6045	-19.0056	-44.9744	-46.2815	-6.1297	-43.1718	-8.5919	-35.1750	-6.1297	-43.1718
it09	05/02/2018 12:08:41	0.8938	0.0550	Dico putu lentamente	u	-52.4674	-41.1776	-50.8191	-29.2354	-48.4986	-17.4380	-44.2215	-7.3735	-35.1028	1.6046	-22.1255	4.1037	-9.1136	2.1906	-2.9712	0.5202	3.0448	-1.1770	9.0114	-2.5367	14.4014	-4.1740	-46.1478	-45.1484	-1.1124	-40.7921	-3.0284	-31.7179	-1.1124	-40.7921
it09	05/02/2018 12:08:45	0.8602	0.0634	Dico poco lentamente	O	-55.1714	-41.6547	-58.2179	-31.4143	-57.0512	-19.3244	-51.4242	-7.7298	-45.5424	2.2278	-31.6943	4.1811	-20.7299	-2.2620	-15.5752	-7.3433	-10.4109	-11.2106	-6.2378	-12.7314	-2.5125	-17.1483	-45.9903	-46.6846	-6.1579	-42.4633	-8.2980	-35.7205	-6.1579	-42.4633
it09	05/02/2018 12:08:48	0.8400	0.0794	Dico pata lentamente	a	-54.3057	-43.9723	-59.0048	-34.2362	-57.4939	-22.3932	-49.7954	-12.7580	-38.9260	-6.3714	-27.2771	-5.7246	-15.4390	-6.9637	-10.0764	-6.9010	-4.1010	-7.0073	1.5332	-6.8616	9.9386	-7.2027	-45.1753	-45.8766	-5.5231	-40.8244	-7.6113	-33.1337	-5.5231	-40.8244
it09	05/02/2018 12:08:52	0.7946	0.0625	Dico paca lentamente	a	-54.3529	-42.9688	-59.0411	-31.7740	-57.4642	-19.5549	-50.5443	-7.9267	-41.3664	1.2016	-28.7634	2.2793	-16.9089	-3.1917	-12.2380	-6.8341	-7.4788	-11.0720	-3.6118	-15.0910	-1.3816	-19.8210	-45.6026	-46.2151	-6.6343	-43.6708	-9.2122	-35.5040	-6.6343	-43.6708
it09	05/02/2018 12:08:56	0.8712	0.0622	Dico pugu lentamente	u	-54.4530	-42.1129	-55.2340	-30.4948	-54.6381	-17.7636	-51.5272	-6.0692	-42.0305	2.7703	-30.6186	6.1771	-18.9340	2.0187	-13.3028	-2.3403	-8.5273	-6.0999	-4.6534	-9.7945	-2.8931	-14.4063	-47.3236	-49.4799	-5.5230	-42.3237	-5.7079	-33.1746	-5.5230	-42.3237
it09	05/02/2018 12:09:20	1.1769	0.0800	Dico poto lentamente	o	-56.0615	-44.4503	-60.1744	-34.3075	-57.6187	-22.5089	-50.8269	-11.9528	-40.6572	-4.0748	-27.3710	-4.5074	-15.1276	-7.1577	-9.6950	-7.8236	-4.0408	-9.0263	2.5203	-9.9743	10.5788	-9.2430	-47.0123	-46.2454	-4.4857	-41.0152	-6.9944	-32.4916	-4.4857	-41.0152
it09	05/02/2018 12:09:23	0.9690	0.0678	Dico pudu lentamente	u	-53.1459	-41.9893	-51.4348	-30.2579	-46.9752	-18.7072	-42.0507	-8.5694	-33.3740	0.8170	-20.4037	4.6405	-6.5620	2.8943	-0.5820	1.3218	5.0874	-0.8893	10.7709	-2.4654	16.9597	-4.2642	-47.9344	-48.0632	-2.6523	-40.4684	-4.6494	-31.7122	-2.6523	-40.4684
it09	05/02/2018 12:09:27	0.9216	0.0756	Dico pogo lentamente	O	-55.3694	-43.7084	-57.5538	-32.6875	-55.3442	-20.4131	-51.1039	-8.7457	-42.9981	2.2729	-33.1982	3.7619	-19.2785	-2.8650	-13.4894	-6.5853	-7.3759	-10.8684	-4.4241	-14.1461	-1.6423	-17.7328	-48.0152	-49.0277	-6.6185	-42.3200	-9.9668	-34.6674	-6.6185	-42.3200
it09	05/02/2018 12:09:30	0.8963	0.1000	Dico pada lentamente	a	-56.4221	-45.5944	-61.7302	-35.8105	-59.1697	-24.2196	-50.5310	-14.8742	-40.5658	-7.5590	-27.2911	-5.5778	-14.3597	-6.2345	-7.8221	-5.8696	-1.8778	-5.8827	4.8299	-6.2346	12.2672	-5.5030	-46.9333	-46.5804	-5.2017	-42.2816	-6.9972	-32.8235	-5.2017	-42.2816
it09	05/02/2018 12:09:33	0.9382	0.0464	Dico pucu lentamente	u	-54.1699	-42.2417	-34.6529	-24.7597	-52.6395	-19.3295	-50.6465	-8.9340	-44.9533	1.4481	-35.0582	6.8498	-23.6763	1.1877	-17.9403	-1.9962	-11.9007	-5.1046	-8.7128	-7.3766	-5.5077	-12.3948	-47.8992	-49.5111	-3.6908	-41.6246	-5.5794	-31.8629	-3.6908	-41.6246
it09	05/02/2018 12:09:37	0.9077	0.1000	Dico podo lentamente	O	-55.3365	-44.1923	-58.8586	-34.2854	-56.4044	-23.0867	-50.1235	-11.9773	-40.2997	-4.4623	-26.5785	-4.0491	-13.8673	-5.6009	-7.7596	-5.7379	-1.6232	-6.0973	4.9581	-6.7916	12.0048	-6.1314	-47.4636	-47.1603	-5.3488	-41.1907	-7.3526	-32.1848	-5.3488	-41.1907
it09	05/02/2018 12:09:40	0.9827	0.0979	Dico paga lentamente	a	-55.2133	-42.3043	-56.4421	-30.8679	-53.3459	-19.1136	-47.8761	-7.8149	-39.4005	2.6816	-25.9320	5.1732	-14.2247	-0.2068	-9.7037	-4.1664	-4.9953	-8.8956	-1.1905	-13.2591	0.1299	-18.3317	-47.3479	-47.6754	-6.3899	-43.9750	-8.7496	-35.4538	-6.3899	-43.9750
it09	05/02/2018 12:09:44	0.8809	0.0694	Dico putu lentamente	u	-52.0801	-41.1919	-46.8863	-30.6810	-45.0666	-18.1738	-41.3569	-7.9572	-33.3982	0.7659	-21.5690	4.1886	-8.8657	2.0889	-3.0164	0.5498	2.8570	-0.9564	8.4200	-2.1355	13.5009	-5.3149	-47.4934	-48.1802	-2.7618	-41.0420	-5.3558	-32.1227	-2.7618	-41.0420
it09	05/02/2018 12:09:48	0.8558	0.0689	Dico poco lentamente	o	-56.7397	-45.1446	-60.0752	-34.0753	-60.0517	-22.4018	-55.3011	-10.9034	-46.6794	0.2943	-35.6324	2.9194	-21.2662	-3.3493	-15.7399	-7.9232	-10.0218	-11.5281	-6.3632	-14.3826	-3.4134	-18.7952	-48.8392	-49.7776	-7.3538	-43.2257	-9.1516	-36.7662	-7.3538	-43.2257
it09	05/02/2018 12:09:52	0.9003	0.0793	Dico pata lentamente	a	-56.2974	-46.0634	-62.2723	-36.5709	-60.7564	-25.4891	-52.9459	-15.5255	-41.4223	-8.2464	-28.6448	-6.7200	-15.2265	-6.8770	-8.9584	-6.7475	-2.7994	-6.5581	3.7930	-6.0326	11.7513	-5.0928	-47.8200	-47.2938	-4.5733	-41.1101	-6.7877	-31.9775	-4.5733	-41.1101
it09	05/02/2018 12:09:55	0.9965	0.0646	Dico paca lentamente	a	-56.4788	-44.5218	-61.4404	-33.3259	-59.5459	-21.1226	-52.0272	-9.7720	-42.1831	0.4312	-28.9913	1.7336	-16.4761	-3.7176	-11.5521	-6.8549	-6.9257	-11.3468	-2.7345	-15.4340	-0.5514	-20.3784	-46.9064	-46.6957	-7.5356	-44.4909	-9.8525	-35.6053	-7.5356	-44.4909
it09	05/02/2018 12:09:59	0.9494	0.0471	Dico pugu lentamente	u	-54.9235	-42.7270	-54.3956	-31.2185	-55.0606	-19.9905	-52.2305	-8.2380	-44.2801	2.4988	-36.9270	5.1751	-21.1327	0.2898	-12.6376	-3.4483	-9.1122	-6.6988	-6.3625	-10.2087	-4.8938	-15.2163	-48.9785	-49.9572	-6.2386	-42.7269	-9.7476	-33.8983	-6.2386	-42.7269
it09	05/02/2018 12:10:18	0.9840	0.0752	Dico poto lentamente	o	-56.6206	-45.4107	-61.8407	-35.2827	-62.2182	-23.1422	-55.1120	-11.7541	-43.2410	-3.4691	-29.0218	-4.1970	-15.6915	-6.6419	-10.4509	-7.7322	-4.4815	-8.5327	2.1561	-9.3386	9.8616	-8.7063	-47.7680	-46.3820	-5.2558	-41.4021	-7.4960	-32.5067	-5.2558	-41.4021
it09	05/02/2018 12:10:22	0.9454	0.0695	Dico pudu lentamente	u	-52.1145	-42.0531	-44.9876	-29.4026	-42.2079	-17.8298	-38.2847	-8.7219	-30.6977	0.6551	-18.8048	4.4768	-6.1837	2.4693	0.0553	1.2364	5.6784	-0.0652	10.9610	-1.2677	15.9205	-2.9607	-47.9347	-48.6562	-2.8062	-40.7354	-5.2611	-31.4593	-2.8062	-40.7354
it09	05/02/2018 12:10:26	1.0647	0.1164	Dico pogo lentamente	O	-54.1607	-42.3424	-53.5216	-30.8769	-51.0830	-17.7803	-48.5534	-7.7472	-40.5186	3.5023	-28.3085	6.3513	-17.1183	-1.5958	-12.1084	-5.7561	-7.3234	-9.8302	-3.6392	-14.0473	-0.8986	-18.4076	-47.7829	-49.0166	-5.6840	-43.0200	-8.0919	-35.6441	-5.6840	-43.0200
it09	05/02/2018 12:10:29	0.9174	0.1019	Dico pada lentamente	a	-55.4137	-45.0236	-60.5890	-35.1187	-58.6997	-23.3774	-51.0931	-14.0887	-40.3767	-7.7349	-28.1103	-6.7925	-15.6084	-7.0436	-9.6521	-6.7835	-3.8598	-6.4895	2.6991	-5.5444	9.9755	-5.6993	-46.6517	-46.0264	-4.2539	-41.5652	-6.7005	-32.0052	-4.2539	-41.5652
it09	05/02/2018 12:10:33	0.8615	0.0582	Dico pucu lentamente	u	-54.5675	-42.1809	-55.4897	-30.0526	-57.0461	-17.8309	-52.6670	-5.7909	-44.5243	2.8580	-33.1156	6.5876	-20.5090	0.8506	-15.0778	-4.5475	-10.3390	-8.9088	-6.7141	-11.0042	-5.3258	-15.7371	-47.8037	-48.0690	-5.1851	-42.1074	-5.0002	-32.0485	-5.1851	-42.1074
it09	05/02/2018 12:10:37	0.9620	0.0927	Dico podo lentamente	O	-55.2329	-44.0079	-58.1186	-33.4590	-55.0425	-22.5276	-48.6136	-11.8620	-39.0645	-4.2781	-25.6481	-3.4248	-13.5326	-4.4586	-7.3397	-4.4493	-1.4050	-4.0129	5.1417	-3.8401	11.6492	-3.7923	-47.3275	-46.9384	-4.2943	-41.4870	-6.6852	-32.0610	-4.2943	-41.4870
it09	05/02/2018 12:10:41	0.9731	0.1012	Dico paga lentamente	a	-55.9630	-42.1275	-57.5531	-31.0643	-53.6835	-19.0519	-48.8707	-7.5278	-41.0855	2.2243	-27.9276	5.0047	-16.2442	-0.5278	-10.9878	-3.8108	-6.0860	-7.7859	-1.3203	-12.2006	1.5332	-16.5108	-47.6561	-46.5520	-7.7098	-44.2486	-9.7654	-35.5987	-7.7098	-44.2486
it09	05/02/2018 12:10:44	0.9015	0.0353	Dico putu lentamente	u	-52.3162	-42.1033	-47.2844	-30.0019	-48.8877	-17.2048	-45.3540	-6.5844	-35.7305	1.7928	-22.8427	3.7612	-10.6058	2.0780	-4.3225	0.9122	2.1477	-0.6112	8.0816	-2.3402	13.6021	-4.1321	-47.6412	-48.7330	-2.4777	-40.6483	-5.3092	-31.1033	-2.4777	-40.6483
it09	05/02/2018 12:10:48	0.9649	0.0609	Dico poco lentamente	O	-55.6808	-43.3720	-57.8211	-32.1704	-56.2550	-19.8407	-52.0858	-7.6480	-44.1705	1.8907	-31.9152	2.5102	-20.2620	-3.5232	-15.4279	-7.5620	-9.9650	-11.7451	-5.8961	-15.7298	-3.6025	-18.7300	-47.5574	-47.5640	-6.6908	-43.8395	-8.9098	-35.7537	-6.6908	-43.8395
it09	05/02/2018 12:10:51	0.8818	0.0700	Dico pata lentamente	a	-56.0160	-45.6202	-61.3426	-35.6094	-60.3614	-23.8383	-53.2765	-13.5694	-41.3435	-7.0368	-28.6304	-6.6815	-15.4943	-7.7008	-9.3478	-7.6185	-3.3960	-8.5206	3.1742	-9.1929	9.4580	-9.4277	-47.9366	-46.7617	-6.2214	-42.9424	-8.6216	-33.9380	-6.2214	-42.9424
it09	05/02/2018 12:10:55	0.9071	0.0617	Dico paca lentamente	a	-55.7590	-44.6350	-60.4584	-33.5875	-58.5407	-21.0392	-52.8785	-9.6991	-43.4973	0.5771	-29.7479	1.1276	-18.0498	-4.5244	-12.4569	-7.8658	-7.9012	-11.9976	-3.8913	-16.5731	-2.1949	-21.0426	-47.2482	-47.1946	-8.0670	-44.7814	-10.0251	-35.8877	-8.0670	-44.7814
it09	05/02/2018 12:10:59	1.0178	0.0439	Dico pugu lentamente	u	-53.5393	-42.0918	-51.8177	-30.8989	-53.1556	-18.7710	-51.7814	-6.8549	-40.5360	4.7843	-32.7312	5.9814	-20.2332	0.3267	-11.6352	-3.8874	-7.6357	-6.3995	-4.2490	-9.4866	-3.1109	-14.9989	-48.7053	-50.1952	-5.3619	-42.4173	-6.1152	-33.9220	-5.3619	-42.4173
it09	05/02/2018 12:16:19	1.0241	0.0650	Dico poto lentamente	o	-57.1909	-44.3762	-62.5961	-33.7446	-62.1085	-21.6997	-55.5714	-10.4206	-44.1139	-3.4574	-29.5761	-5.5172	-16.2476	-8.6560	-10.5549	-9.6312	-3.5691	-10.8632	2.3999	-11.0830	12.9875	-8.5801	-47.6178	-45.8141	-5.5301	-41.8003	-7.4857	-33.5942	-5.5301	-41.8003
it09	05/02/2018 12:16:23	0.9172	0.0738	Dico pudu lentamente	u	-52.9769	-41.0964	-46.0767	-29.5210	-43.7827	-18.4317	-39.9463	-8.5306	-31.5764	0.5819	-19.0053	4.0135	-5.1216	2.6161	0.6943	1.3535	6.5866	-0.3784	12.0466	-1.7977	18.1071	-3.5290	-48.5325	-48.0890	-3.2329	-41.1421	-5.3211	-32.1139	-3.2329	-41.1421
it09	05/02/2018 12:16:26	0.9506	0.0963	Dico pogo lentamente	O	-55.5768	-42.1192	-57.5198	-30.8068	-54.7820	-18.6206	-50.4854	-6.3638	-42.6260	3.0708	-30.0054	5.1183	-19.3079	-1.4617	-14.1854	-5.9348	-9.2307	-9.6807	-5.1439	-12.3024	-2.8502	-16.7703	-48.0764	-48.7853	-7.2086	-42.9009	-9.1546	-35.6091	-7.2086	-42.9009
it09	05/02/2018 12:16:29	0.9608	0.1100	Dico pada lentamente	a	-56.6356	-45.1688	-62.3632	-35.9276	-60.0335	-24.2303	-52.3119	-14.8893	-40.8760	-8.9060	-29.0527	-7.3116	-16.7715	-8.1442	-11.1646	-7.8203	-5.0672	-7.3141	0.5534	-6.2492	8.3491	-6.4566	-47.5736	-46.3491	-5.9634	-42.0062	-7.9081	-32.9601	-5.9634	-42.0062
it09	05/02/2018 12:16:33	0.8184	0.0476	Dico pucu lentamente	u	-55.5510	-39.9758	-56.1357	-29.0633	-55.3040	-17.8738	-52.0840	-7.7277	-46.5502	2.7305	-34.6187	7.3620	-23.5887	1.6768	-18.9636	-1.1160	-14.0225	-4.5099	-9.8084	-5.9324	-6.5615	-8.4498	-48.8550	-47.9761	-6.2545	-42.4974	-9.3753	-33.1632	-6.2545	-42.4974
it09	05/02/2018 12:16:36	0.8720	0.1122	Dico podo lentamente	O	-56.8073	-44.1197	-60.9843	-34.0470	-60.9493	-22.9100	-53.4851	-12.8832	-42.2227	-5.6923	-29.9475	-5.2715	-17.7005	-7.4673	-12.2317	-7.9098	-6.1168	-8.3890	1.1292	-8.4490	9.1084	-6.9288	-48.7204	-47.6837	-5.5786	-41.4112	-7.4792	-32.8904	-5.5786	-41.4112
it09	05/02/2018 12:16:41	0.9870	0.1024	Dico paga lentamente	a	-56.0102	-42.0024	-58.3117	-30.7968	-54.2965	-19.2753	-46.4645	-8.8680	-38.2669	0.8667	-25.7059	4.7673	-14.3534	-0.7608	-9.8946	-5.3443	-5.2377	-11.0863	-2.1250	-16.0314	-0.9088	-20.9257	-47.2094	-47.1097	-7.9584	-44.2545	-10.0413	-35.8455	-7.9584	-44.2545
it09	05/02/2018 12:16:44	0.8694	0.0700	Dico putu lentamente	u	-54.3449	-40.5262	-52.1840	-29.4262	-49.6723	-17.3982	-45.5602	-8.0414	-37.0995	1.6499	-24.1190	3.8154	-11.9593	1.4141	-5.7758	0.0591	0.0270	-2.0717	6.1729	-3.3784	11.5423	-6.1978	-48.0719	-45.8434	-3.2297	-39.9329	-5.3746	-31.8213	-3.2297	-39.9329
it09	05/02/2018 12:16:48	0.8986	0.0741	Dico poco lentamente	o	-55.5623	-43.8036	-59.9404	-32.9970	-59.5248	-20.1224	-53.8037	-8.4886	-45.4582	2.0850	-32.3360	3.0230	-20.7539	-3.7888	-15.4316	-7.9645	-10.5364	-11.7742	-5.7519	-15.9712	-3.9672	-20.1034	-48.3487	-49.3570	-6.3759	-44.1782	-8.8687	-35.9330	-6.3759	-44.1782
it09	05/02/2018 12:16:51	0.8977	0.0732	Dico pata lentamente	a	-56.6152	-43.4861	-62.1845	-33.4355	-61.2492	-21.7004	-52.4307	-11.7039	-40.0806	-6.6014	-27.2574	-5.8547	-14.6099	-6.7681	-8.1980	-6.2665	-3.1151	-6.3941	3.2290	-6.5395	10.8770	-7.2013	-46.4686	-45.2740	-5.8617	-41.7923	-7.8701	-32.8765	-5.8617	-41.7923
it09	05/02/2018 12:16:55	1.0295	0.0918	Dico paca lentamente	a	-56.3467	-43.3453	-62.4906	-32.4624	-61.6748	-20.1089	-54.1228	-8.7502	-43.6173	1.3340	-30.9332	2.6546	-18.6889	-3.0168	-13.2473	-7.7706	-8.5766	-12.2209	-4.5064	-16.5956	-1.9192	-20.5667	-47.2764	-47.3257	-7.4089	-44.2811	-9.7770	-35.5559	-7.4089	-44.2811
it09	05/02/2018 12:16:58	0.8578	0.0793	Dico pugu lentamente	u	-56.3509	-42.0061	-56.9659	-30.1040	-55.7083	-17.4981	-51.9557	-6.4949	-44.0633	3.3316	-31.9536	7.3646	-19.7596	1.6230	-14.8127	-3.3885	-10.5547	-6.4562	-5.8866	-9.4549	-2.7367	-13.4245	-48.6760	-49.6523	-5.5679	-42.4478	-4.7205	-31.5744	-5.5679	-42.4478
it09	05/02/2018 12:17:22	0.8745	0.0868	Dico poto lentamente	o	-55.8091	-43.7897	-60.6679	-33.9937	-59.6287	-21.9289	-52.0993	-11.1882	-41.6517	-4.2716	-27.9706	-4.8242	-15.3993	-7.4336	-10.6362	-8.7359	-4.9238	-9.9828	1.7124	-12.1636	9.0284	-10.9141	-47.7063	-47.4118	-6.1369	-39.9790	-7.9526	-32.0663	-6.1369	-39.9790
it09	05/02/2018 12:17:25	0.8269	0.0671	Dico pudu lentamente	u	-53.7489	-40.4132	-48.6327	-29.3439	-45.2364	-18.0746	-40.4971	-8.4844	-32.8628	0.8860	-20.7360	4.6134	-7.8489	3.0541	-1.9756	0.9416	3.6017	0.2689	7.5446	-4.6363	13.2314	-4.3037	-48.7682	-48.3892	-2.7784	-40.1928	-5.3879	-31.6519	-2.7784	-40.1928
it09	05/02/2018 12:17:29	0.9577	0.0829	Dico pogo lentamente	O	-55.4610	-42.8822	-56.9819	-31.9777	-55.4567	-19.8646	-52.3769	-8.3288	-44.5776	2.2692	-32.4404	3.3165	-21.0443	-3.8067	-15.7334	-7.9296	-10.3603	-11.6345	-6.3765	-15.4948	-3.6862	-18.7947	-48.4814	-49.1389	-7.7229	-43.2482	-9.6061	-35.6013	-7.7229	-43.2482
it09	05/02/2018 12:17:32	0.9035	0.1009	Dico pada lentamente	a	-56.7834	-44.5919	-62.4850	-34.8137	-61.1710	-23.9078	-53.2126	-14.6370	-41.8590	-8.1542	-29.5268	-6.6568	-16.7328	-7.1325	-10.9130	-7.4106	-4.7660	-7.6900	1.0614	-7.7802	8.5085	-9.4145	-48.7094	-47.0510	-5.6246	-41.4199	-7.4181	-32.2453	-5.6246	-41.4199
it09	05/02/2018 12:17:36	0.8094	0.0695	Dico pucu lentamente	u	-55.6668	-41.0803	-54.7836	-28.8636	-56.4874	-16.5994	-54.5843	-5.0633	-45.7229	3.8521	-33.7489	7.7202	-22.6175	1.0245	-17.4764	-4.1100	-12.0715	-7.4198	-8.2475	-8.9506	-4.0984	-13.6360	-48.4243	-47.7348	-5.1736	-41.8058	-5.1745	-31.9255	-5.1736	-41.8058
it09	05/02/2018 12:17:40	0.8770	0.1049	Dico podo lentamente	O	-56.3843	-44.2484	-60.9805	-34.3937	-59.7418	-23.1825	-52.6656	-13.2451	-41.9947	-6.4576	-29.3514	-5.6450	-17.0724	-6.6792	-10.5304	-6.2895	-3.7911	-5.9572	3.1056	-5.3660	10.1612	-4.5908	-48.8188	-47.8520	-4.5097	-39.9965	-6.9669	-30.7095	-4.5097	-39.9965
it09	05/02/2018 12:17:43	0.8439	0.0979	Dico paga lentamente	a	-56.3159	-42.4326	-58.9940	-31.1956	-55.8685	-19.1256	-49.3489	-7.7889	-41.7635	1.7860	-28.7310	5.4568	-16.3623	-0.6235	-11.8270	-4.8359	-8.1512	-9.8174	-3.8495	-15.5348	-3.4000	-20.7999	-48.8975	-48.3149	-8.0728	-44.6437	-10.2338	-35.7499	-8.0728	-44.6437
it09	05/02/2018 12:17:47	0.8086	0.0738	Dico putu lentamente	u	-54.7993	-38.7041	-50.3083	-27.4094	-47.8573	-16.3201	-42.9894	-6.3644	-34.3870	2.0445	-22.9658	3.9639	-10.9221	2.0535	-4.6836	1.0080	0.9524	-1.0880	7.0601	-2.8723	12.0047	-4.7167	-48.7321	-45.6781	-3.4996	-38.9253	-6.4371	-30.4423	-3.4996	-38.9253
it09	05/02/2018 12:17:50	0.8756	0.0915	Dico poco lentamente	O	-55.8689	-42.4936	-58.9760	-31.9086	-57.0398	-19.4703	-52.9904	-7.9201	-43.6697	2.4728	-31.1620	3.0329	-19.2866	-3.9122	-14.5051	-8.6403	-9.5288	-12.7214	-5.8919	-16.9779	-4.7836	-21.7113	-48.4192	-48.8839	-7.2889	-43.4481	-9.4137	-35.5689	-7.2889	-43.4481
it09	05/02/2018 12:17:55	0.8421	0.0777	Dico pata lentamente	a	-56.1170	-45.0056	-61.5999	-35.4402	-60.8903	-23.4878	-53.3093	-13.3009	-41.7054	-7.1749	-29.2173	-6.3756	-16.5016	-7.7362	-10.7842	-8.2190	-4.9852	-8.3838	1.4341	-10.1116	8.5087	-9.4369	-48.2801	-48.6355	-6.8201	-42.7069	-8.9488	-33.5793	-6.8201	-42.7069
it09	05/02/2018 12:17:59	0.9629	0.0683	Dico paca lentamente	a	-56.1640	-43.7479	-61.5623	-32.8531	-59.6382	-20.6760	-54.2361	-9.9396	-44.1127	-0.1484	-31.2520	1.1891	-18.7820	-4.2408	-13.4576	-8.4070	-8.6840	-12.6898	-4.6085	-16.4056	-3.2748	-21.4315	-48.7917	-48.5788	-8.1009	-44.1784	-10.1726	-35.3527	-8.1009	-44.1784
it09	05/02/2018 12:18:02	0.9595	0.0756	Dico pugu lentamente	u	-55.5010	-41.4965	-52.9185	-30.2166	-52.8806	-17.9860	-52.0440	-6.6207	-44.6092	3.2240	-32.0731	7.0336	-19.4844	0.2475	-14.1201	-3.5131	-9.0696	-8.5932	-5.7814	-10.5489	-3.4425	-15.7443	-49.1238	-49.2948	-5.8365	-42.0160	-5.2724	-31.4140	-5.8365	-42.0160
it09	05/02/2018 12:18:23	0.8794	0.0606	Dico poto lentamente	o	-57.6996	-45.0912	-63.8045	-35.0875	-63.0798	-22.7294	-56.4489	-10.8931	-45.0587	-4.3349	-31.2760	-6.0922	-18.4390	-8.9798	-12.3734	-10.1733	-6.2553	-11.1421	2.5243	-12.3864	7.9929	-12.6438	-49.2681	-49.2622	-6.7978	-42.5557	-8.9518	-33.5874	-6.7978	-42.5557
it09	05/02/2018 12:18:27	0.9412	0.0659	Dico pudu lentamente	u	-52.4226	-40.6436	-45.3060	-30.8045	-42.8314	-18.5199	-39.3411	-9.0598	-32.1951	0.7595	-19.9719	4.5539	-7.4235	3.2889	-0.4571	2.0692	5.4857	0.3098	10.8529	-1.3743	15.8857	-3.2343	-47.7268	-48.0964	-3.5656	-40.0303	-6.0710	-30.7936	-3.5656	-40.0303
it09	05/02/2018 12:18:31	0.8504	0.0817	Dico pogo lentamente	O	-55.7487	-43.3593	-57.8885	-32.1043	-56.3841	-19.9061	-52.6488	-9.0744	-45.7074	2.1410	-33.4516	5.0941	-20.9333	-2.3266	-16.1183	-7.0509	-10.9047	-10.8208	-5.8998	-14.0938	-2.7701	-17.9309	-48.9945	-49.2983	-7.2461	-43.6892	-9.6747	-35.6431	-7.2461	-43.6892
it09	05/02/2018 12:18:35	1.0385	0.1000	Dico pada lentamente	a	-56.5700	-45.0531	-62.2064	-35.8446	-60.0833	-24.4888	-51.8201	-15.2035	-40.5482	-8.6343	-28.2785	-7.1340	-15.4361	-6.9749	-9.1916	-6.4869	-3.4465	-6.0773	2.6115	-5.5288	9.9845	-4.9714	-48.6481	-47.9878	-5.1527	-41.3103	-7.0170	-31.7246	-5.1527	-41.3103
it09	05/02/2018 12:18:38	0.8541	0.0622	Dico pucu lentamente	u	-55.0655	-41.8916	-54.0049	-30.2179	-54.3309	-18.2911	-52.6824	-6.8504	-45.0710	3.8642	-36.7308	7.4130	-21.2333	1.2978	-13.8701	-3.2630	-9.7045	-6.5986	-6.6715	-10.2132	-4.7371	-14.6151	-48.4488	-49.5042	-6.3971	-42.3386	-9.7701	-33.5650	-6.3971	-42.3386
it09	05/02/2018 12:18:41	0.8716	0.1081	Dico podo lentamente	O	-56.4950	-45.3839	-62.3059	-36.2127	-60.9241	-24.4337	-53.4223	-14.5680	-42.8012	-7.3658	-30.1065	-6.3920	-17.5985	-7.2911	-11.9128	-7.5865	-5.9945	-8.4573	0.7456	-9.3836	7.4098	-9.9483	-48.9028	-49.1668	-5.6725	-41.2310	-7.7003	-32.2116	-5.6725	-41.2310
it09	05/02/2018 12:18:45	0.8348	0.1027	Dico paga lentamente	a	-56.0849	-40.8019	-56.6454	-29.0417	-51.7564	-17.2824	-46.3433	-7.0483	-38.5414	2.7914	-26.1901	5.5134	-15.3325	-0.3674	-11.2328	-4.6953	-7.7413	-9.9439	-3.8765	-15.3214	-3.3626	-20.5353	-47.9507	-47.0041	-8.3451	-44.5292	-10.3598	-35.1995	-8.3451	-44.5292
it09	05/02/2018 12:18:48	0.8104	0.0768	Dico putu lentamente	u	-53.6749	-40.0072	-47.5271	-28.2933	-46.9226	-16.8289	-42.4406	-6.0958	-33.4278	2.5099	-19.9014	3.8965	-8.0939	2.2467	-2.8184	2.4041	2.7857	-0.7168	8.1417	-4.3800	12.4821	-6.5653	-48.5940	-46.2853	-3.1973	-40.3193	-5.7067	-30.6055	-3.1973	-40.3193
it09	05/02/2018 12:18:52	0.8716	0.0732	Dico poco lentamente	o	-56.1934	-44.1755	-60.4188	-33.4725	-59.9039	-20.6826	-54.6118	-8.1870	-45.2233	1.4518	-32.7626	3.9698	-20.6052	-3.5128	-16.0967	-8.3550	-10.6735	-12.0942	-6.0519	-16.2585	-4.1992	-20.3361	-48.6039	-48.8785	-7.3031	-43.8274	-9.7833	-35.3020	-7.3031	-43.8274
it09	05/02/2018 12:18:56	0.7828	0.0672	Dico pata lentamente	a	-56.9168	-45.0729	-63.0227	-35.5821	-62.2169	-24.1275	-54.5711	-13.8847	-42.5556	-7.4978	-29.1981	-6.2910	-16.5111	-7.2269	-9.9213	-7.0612	-4.0988	-6.7152	3.0012	-6.8937	9.1152	-6.8777	-48.7343	-47.6332	-6.6736	-42.9713	-8.9152	-33.7003	-6.6736	-42.9713
it09	05/02/2018 12:18:59	0.8316	0.0688	Dico paca lentamente	a	-56.3338	-44.1037	-61.2417	-33.2071	-59.8869	-20.5885	-53.5460	-9.0974	-43.2850	0.3963	-30.5241	1.4831	-18.9097	-3.6351	-13.6650	-8.5497	-9.0176	-12.3952	-4.6660	-17.4494	-3.6216	-21.4349	-48.1083	-47.8844	-8.9710	-45.1266	-10.9273	-36.0812	-8.9710	-45.1266
it09	05/02/2018 12:19:03	0.8473	0.0805	Dico pugu lentamente	u	-59.2901	-41.5469	-65.2664	-31.0913	-60.3302	-17.1167	-53.7562	-7.5611	-47.2494	2.8462	-33.2934	7.3928	-22.7203	2.6207	-16.6381	-3.3977	-11.9291	-4.9864	-7.6411	-7.1563	-4.5275	-13.4927	-50.3607	-47.3517	-6.0839	-41.6012	-4.0071	-30.5397	-6.0839	-41.6012
it11	05/02/2018 17:52:08	1.5313	0.1001	Dico poco lentamente	O	-68.5314	-75.7058	-75.6537	-62.9733	-78.0385	-47.5402	-73.1136	-34.5405	-64.6131	-26.1567	-52.1805	-22.5926	-41.0692	-27.3255	-34.8049	-30.7110	-29.6423	-32.6754	-24.9143	-35.9642	-21.2722	-41.0640	-56.9852	-83.1931	-21.4063	-72.2671	-25.9181	-61.7360	-21.4063	-72.2671
it11	05/02/2018 17:52:13	1.7407	0.0819	Dico pudu lentamente	u	-69.9598	-80.9221	-74.9358	-66.2137	-78.1401	-51.0196	-74.3728	-37.2397	-65.3846	-25.9084	-52.2577	-21.8257	-40.4934	-24.1444	-33.1720	-25.7603	-26.9107	-26.8332	-20.0163	-28.4950	-14.3698	-30.4414	-58.0952	-89.3840	-21.1861	-69.9318	-25.5631	-58.7284	-21.1861	-69.9318
it11	05/02/2018 17:52:17	1.3477	0.1300	Dico poto lentamente	o	-68.8727	-78.3631	-76.1952	-64.9119	-77.2983	-49.7066	-71.6163	-37.4300	-60.3559	-32.0171	-48.4776	-30.6662	-37.0686	-31.0955	-30.2117	-30.8640	-24.3724	-29.7138	-18.4092	-29.2775	-12.5554	-28.7640	-56.7084	-84.2540	-21.0057	-71.0418	-25.0530	-61.1290	-21.0057	-71.0418
it11	05/02/2018 17:52:22	1.3520	0.0940	Dico pugu lentamente	u	-70.7177	-80.7087	-76.8380	-65.5330	-79.9377	-49.7015	-76.8460	-35.0863	-69.9566	-24.0293	-57.6920	-18.7730	-45.9469	-23.0416	-39.4317	-26.1789	-33.4809	-27.5250	-28.2412	-30.5039	-24.6051	-37.5885	-59.3118	-90.4969	-20.0546	-72.3751	-25.1734	-60.5595	-20.0546	-72.3751
it11	05/02/2018 17:52:26	1.4535	0.1315	Dico paga lentamente	a	-70.2099	-78.0949	-74.2710	-64.0983	-72.1649	-48.9005	-66.5692	-37.2842	-60.2360	-26.9041	-50.2650	-21.1347	-39.9755	-24.9923	-33.9348	-27.9648	-27.6345	-28.4715	-21.1837	-29.1396	-15.8782	-30.8993	-57.6383	-85.1554	-22.5644	-73.3920	-26.8844	-62.4226	-22.5644	-73.3920
it11	05/02/2018 17:52:31	1.3438	0.0856	Dico pucu lentamente	u	-69.6596	-81.0139	-75.9789	-66.7863	-81.1992	-51.6553	-77.4274	-37.6714	-71.8307	-25.0800	-59.8556	-18.8117	-46.3185	-21.6391	-39.6844	-25.1581	-33.2015	-26.0425	-27.8596	-27.7152	-23.9354	-35.1950	-58.0605	-89.8813	-19.6495	-72.6380	-24.6571	-60.4541	-19.6495	-72.6380
it11	05/02/2018 17:52:36	1.5541	0.1274	Dico pata lentamente	a	-69.1594	-77.7754	-75.9015	-64.6154	-74.3119	-50.0041	-66.9325	-40.2267	-57.3972	-34.6383	-46.7697	-31.4782	-36.2506	-30.5057	-29.5744	-30.7281	-23.7821	-30.3129	-17.9164	-29.7034	-12.1519	-29.4644	-57.4300	-83.9036	-21.0098	-71.3793	-24.7240	-61.0465	-21.0098	-71.3793
it11	05/02/2018 17:52:40	1.3366	0.1384	Dico paca lentamente	a	-70.1512	-78.0851	-75.8420	-64.2778	-73.5075	-49.2255	-68.2006	-37.1536	-61.4041	-27.6776	-50.1992	-22.2656	-40.4771	-25.8455	-34.0893	-28.5394	-28.1799	-29.5264	-21.6355	-31.3826	-15.8134	-33.2797	-57.4934	-84.3058	-22.8173	-73.5292	-26.9013	-62.4820	-22.8173	-73.5292
it11	05/02/2018 17:52:45	1.4364	0.1107	Dico putu lentamente	u	-66.9830	-77.3427	-73.1801	-62.7126	-76.1926	-46.6495	-71.0482	-32.7828	-61.3229	-23.6126	-47.8066	-21.3891	-36.2315	-23.6493	-29.2297	-25.3388	-22.6110	-25.7550	-16.3663	-27.2983	-10.9409	-29.0199	-55.8056	-86.2470	-19.7808	-69.1224	-23.8566	-58.0255	-19.7808	-69.1224
it11	05/02/2018 17:52:49	1.3638	0.1244	Dico pogo lentamente	O	-70.3078	-81.6925	-76.0648	-67.5764	-77.9795	-52.3907	-73.8347	-38.3579	-66.6548	-26.5990	-53.9638	-21.5945	-42.0726	-25.4989	-34.9748	-27.5623	-28.8171	-27.2080	-22.2766	-26.3355	-20.4563	-37.7216	-58.0497	-87.2911	-21.5516	-73.2434	-26.0137	-62.3317	-21.5516	-73.2434
it11	05/02/2018 17:52:54	1.4399	0.1500	Dico pada lentamente	a	-68.9449	-80.2338	-75.9889	-66.1652	-73.6770	-52.0453	-65.3126	-42.7455	-55.0764	-37.4804	-44.0307	-34.1041	-33.2876	-32.0308	-27.2451	-31.8131	-21.1290	-30.9388	-15.2057	-30.1587	-9.8508	-29.4361	-57.1888	-84.3756	-19.3002	-71.7362	-22.8906	-61.3822	-19.3002	-71.7362
it11	05/02/2018 17:52:59	1.5303	0.1534	Dico podo lentamente	O	-69.4358	-82.5764	-75.8657	-68.4004	-78.0050	-52.8687	-72.2583	-40.0015	-59.9765	-35.4513	-48.3531	-33.3971	-36.7457	-32.6308	-29.7103	-32.2510	-23.4130	-31.5822	-16.8993	-31.1647	-10.8233	-31.2246	-57.5482	-87.7401	-20.2114	-71.4657	-23.6625	-61.3286	-20.2114	-71.4657
it11	05/02/2018 17:53:20	1.5593	0.1092	Dico poco lentamente	o	-70.0785	-78.8888	-76.0986	-64.9780	-78.0188	-49.4255	-73.3803	-35.8940	-64.6752	-26.5715	-51.6962	-23.2881	-40.3033	-27.1977	-33.6871	-28.8143	-27.4700	-28.9723	-21.6070	-30.3326	-18.0782	-34.5205	-57.0552	-84.6915	-21.0897	-73.1214	-25.5841	-62.2009	-21.0897	-73.1214
it11	05/02/2018 17:53:26	1.6115	0.0895	Dico pudu lentamente	u	-66.1842	-76.2305	-73.8839	-62.9162	-77.3168	-45.9103	-71.8132	-33.0002	-61.8422	-23.0559	-48.5930	-20.6523	-36.2472	-23.2197	-29.2568	-24.7806	-22.3080	-25.4380	-15.4527	-26.6978	-9.2367	-28.0048	-56.4702	-84.8762	-19.2612	-69.0197	-23.5853	-58.3393	-19.2612	-69.0197
it11	05/02/2018 17:53:31	1.5645	0.1300	Dico poto lentamente	o	-68.9126	-77.2405	-77.4877	-63.9881	-78.6528	-48.9676	-70.6031	-37.5987	-58.3284	-33.9255	-46.6210	-33.3401	-35.0583	-32.6921	-28.0972	-32.3809	-21.4718	-31.8598	-15.0253	-31.4773	-8.7653	-32.4293	-56.5085	-83.5163	-18.7536	-71.0979	-21.9646	-61.0385	-18.7536	-71.0979
it11	05/02/2018 17:53:36	1.6005	0.0819	Dico pugu lentamente	u	-69.5734	-77.4294	-74.8185	-63.7399	-78.2107	-48.0644	-73.3974	-34.0385	-67.0916	-22.9479	-55.2366	-18.0180	-42.9827	-21.8043	-35.9596	-23.9301	-29.8519	-23.9843	-22.9119	-24.2516	-21.5327	-34.2629	-56.6159	-86.3635	-16.2705	-71.6102	-21.2006	-59.4501	-16.2705	-71.6102
it11	05/02/2018 17:53:41	1.6832	0.1324	Dico paga lentamente	a	-69.6362	-78.8703	-73.9278	-64.9759	-71.4345	-49.6547	-65.5190	-37.5319	-59.6261	-27.5134	-48.4570	-21.4493	-37.6002	-25.3366	-31.1804	-27.9325	-24.2153	-27.7622	-18.1618	-28.6302	-12.6620	-29.5638	-57.4528	-84.5604	-21.7030	-73.8836	-25.5449	-63.0695	-21.7030	-73.8836
it11	05/02/2018 17:53:46	1.6251	0.1107	Dico pucu lentamente	u	-70.4567	-77.5863	-74.0513	-62.9793	-76.5602	-47.6700	-73.2983	-33.3616	-66.5848	-21.7466	-54.8951	-17.4973	-41.4221	-20.3662	-34.5429	-22.7991	-29.2289	-23.1441	-23.3918	-24.2109	-21.5955	-34.9559	-56.4681	-87.1980	-18.2483	-71.0462	-23.1494	-59.2005	-18.2483	-71.0462
it11	05/02/2018 17:53:51	1.5176	0.1300	Dico pata lentamente	a	-68.8443	-78.0020	-75.7951	-64.7231	-73.6676	-50.0169	-66.4863	-40.1950	-56.6002	-34.9907	-45.6831	-31.2851	-34.7876	-30.3862	-28.2493	-30.5124	-21.8533	-29.6802	-15.0399	-29.3339	-9.1431	-30.0185	-57.1281	-84.1556	-16.5883	-71.1870	-20.4960	-60.2256	-16.5883	-71.1870
it11	05/02/2018 17:53:56	1.6904	0.1405	Dico paca lentamente	a	-69.9814	-75.8704	-74.8285	-61.8052	-71.7497	-46.7682	-65.5123	-35.6444	-58.5700	-26.2299	-47.8435	-21.2136	-37.2601	-24.8751	-30.9260	-27.7120	-24.3202	-28.3351	-18.2647	-29.1624	-12.4783	-29.7676	-57.3763	-82.9549	-21.4563	-72.6219	-25.9008	-61.3707	-21.4563	-72.6219
it11	05/02/2018 17:54:01	1.6466	0.0832	Dico putu lentamente	u	-65.6648	-75.9623	-70.5359	-61.4313	-74.8833	-45.8152	-69.6523	-32.0253	-60.9490	-21.6646	-48.1391	-18.4496	-35.5625	-21.0711	-28.3079	-22.6872	-20.7050	-23.9329	-13.8736	-25.9350	-7.2338	-28.3725	-56.8740	-84.9397	-13.7490	-68.8855	-18.2980	-56.8945	-13.7490	-68.8855
it11	05/02/2018 17:54:06	1.6199	0.1360	Dico pogo lentamente	O	-69.6665	-77.5924	-74.8856	-63.5796	-75.9305	-48.1558	-71.1746	-34.2878	-63.3746	-24.5449	-50.8254	-19.9204	-38.6603	-23.4750	-31.4110	-25.7502	-25.6808	-26.8928	-20.2276	-30.0681	-18.0183	-38.0040	-57.0958	-84.8186	-20.1744	-72.7529	-24.0905	-61.1881	-20.1744	-72.7529
it11	05/02/2018 17:54:11	1.5432	0.1600	Dico pada lentamente	a	-69.6369	-80.1742	-76.0476	-66.4737	-73.9595	-52.2287	-66.8495	-41.9445	-55.6533	-36.6699	-45.3046	-32.6178	-34.4157	-30.0637	-27.8521	-29.9152	-21.5602	-29.2964	-14.9664	-29.4250	-9.0666	-30.5987	-57.3045	-84.9060	-17.3096	-71.0161	-20.3084	-60.4879	-17.3096	-71.0161
it11	05/02/2018 17:54:16	1.6695	0.1700	Dico podo lentamente	O	-69.2132	-80.5975	-75.4219	-67.4024	-77.4160	-52.0005	-71.4032	-39.2889	-59.5805	-32.6109	-47.2286	-31.2937	-35.1109	-30.6947	-27.7687	-30.9404	-20.6456	-30.5739	-13.8310	-30.5163	-7.5212	-32.0428	-56.5921	-85.8729	-15.8377	-72.3995	-19.1311	-61.2374	-15.8377	-72.3995
it11	05/02/2018 17:54:32	1.5807	0.1240	Dico poco lentamente	o	-69.8997	-77.6455	-75.2917	-63.8508	-76.7415	-47.9650	-71.5854	-33.9998	-63.0866	-25.2853	-51.0011	-21.5619	-38.9009	-26.0849	-31.7157	-27.9671	-27.0252	-28.2778	-21.5850	-32.4750	-18.8781	-39.5355	-56.9876	-84.4185	-20.2844	-72.7400	-23.8292	-61.4563	-20.2844	-72.7400
it11	05/02/2018 17:54:37	1.5432	0.1000	Dico pudu lentamente	u	-68.3372	-79.0483	-72.9850	-64.2785	-74.8917	-49.1866	-70.3331	-34.1587	-61.0578	-23.6856	-47.9378	-21.0057	-35.6632	-23.8870	-27.9763	-25.8834	-21.0592	-27.4110	-14.2718	-30.2118	-8.6112	-34.4328	-57.3623	-88.2068	-15.3167	-69.3101	-20.3438	-57.2232	-15.3167	-69.3101
it11	05/02/2018 17:54:43	1.7349	0.1400	Dico poto lentamente	o	-68.3168	-75.1452	-76.1772	-62.7555	-77.7518	-47.3376	-70.3055	-35.9534	-58.3830	-30.7449	-46.2378	-30.5460	-34.2936	-30.2388	-27.5830	-30.4725	-20.7683	-30.4674	-14.4393	-30.1880	-8.2641	-29.9873	-56.5800	-83.3526	-15.4838	-72.2578	-19.5012	-61.5709	-15.4838	-72.2578
it11	05/02/2018 17:54:48	1.7621	0.0895	Dico pugu lentamente	u	-69.7001	-80.4274	-74.0678	-65.5388	-76.8589	-49.7137	-74.5370	-35.0473	-67.3353	-23.2453	-54.7490	-18.1895	-40.9261	-21.4719	-34.0330	-23.8815	-27.3975	-24.8820	-21.1911	-25.7716	-20.0310	-35.0813	-58.4062	-89.5465	-15.7265	-72.1271	-20.6100	-59.4930	-15.7265	-72.1271
it11	05/02/2018 17:54:53	1.3765	0.1419	Dico paga lentamente	a	-69.7767	-78.2563	-73.4379	-64.2361	-70.1953	-49.1828	-63.9992	-37.7019	-58.3934	-26.7022	-47.6984	-20.2382	-37.0135	-24.1707	-30.9865	-27.4933	-24.1525	-27.7502	-18.4167	-28.3441	-12.1796	-28.3063	-58.1576	-84.5990	-20.9364	-72.6198	-24.7068	-61.5075	-20.9364	-72.6198
it11	05/02/2018 17:54:58	1.4960	0.0940	Dico pucu lentamente	u	-70.2749	-75.3901	-77.8565	-60.9745	-80.0601	-45.7103	-73.0543	-32.8364	-66.4588	-21.0874	-55.0927	-16.5995	-41.8836	-19.7434	-35.2583	-21.9304	-28.9483	-21.8772	-22.1445	-20.8562	-18.5532	-19.1919	-56.4961	-85.9749	-17.0119	-71.6715	-21.6059	-59.4358	-17.0119	-71.6715
it11	05/02/2018 17:55:03	1.5961	0.1400	Dico pata lentamente	a	-68.5882	-76.2407	-75.1015	-63.4555	-73.0560	-48.8871	-65.8397	-38.8877	-55.6939	-34.0491	-44.6407	-31.0697	-33.9124	-30.2238	-27.6596	-30.5078	-21.1474	-29.6926	-14.7115	-29.6849	-8.8513	-30.3795	-57.1826	-82.8541	-15.7290	-71.1680	-19.5260	-59.9271	-15.7290	-71.1680
it11	05/02/2018 17:55:08	1.6317	0.1457	Dico paca lentamente	a	-69.5198	-76.4425	-75.3935	-62.8160	-71.7470	-48.1326	-65.5499	-37.0588	-59.5326	-27.2975	-48.7727	-20.8284	-37.6742	-24.2725	-31.7000	-27.4372	-24.6064	-28.1440	-18.3196	-29.8799	-13.0016	-32.2584	-57.0216	-82.8420	-20.5877	-72.7780	-25.3105	-61.6045	-20.5877	-72.7780
it11	05/02/2018 17:55:13	1.6985	0.0800	Dico putu lentamente	u	-67.3882	-76.1301	-73.6148	-61.6931	-77.1287	-45.2032	-71.0448	-31.0666	-61.0776	-21.0736	-47.6520	-18.8804	-34.7521	-21.2668	-27.4531	-22.8610	-20.1933	-24.4807	-13.1851	-26.6916	-6.5535	-30.1174	-56.2576	-85.6990	-13.5180	-69.4096	-18.1345	-56.5919	-13.5180	-69.4096
it11	05/02/2018 17:55:18	1.6209	0.1335	Dico pogo lentamente	O	-69.7790	-80.6428	-74.8177	-65.7329	-76.1730	-50.8491	-72.2604	-36.4326	-64.6369	-25.9527	-51.2700	-20.1644	-39.1225	-24.2280	-31.1147	-25.4016	-25.3501	-26.4814	-18.5642	-25.8795	-18.1563	-39.0552	-57.5134	-86.6945	-19.0091	-72.5370	-22.5565	-60.9531	-19.0091	-72.5370
it11	05/02/2018 17:55:23	1.6969	0.1700	Dico pada lentamente	a	-68.8568	-78.4963	-74.8096	-65.0283	-72.5067	-51.0693	-65.1014	-40.9089	-54.6021	-35.7762	-43.8545	-32.2051	-33.0214	-30.4306	-26.3779	-30.8917	-19.7084	-30.3207	-13.4438	-30.2302	-7.6029	-31.1442	-57.2125	-83.6069	-14.1456	-71.9556	-17.4444	-60.3425	-14.1456	-71.9556
it11	05/02/2018 17:55:28	1.6884	0.1600	Dico podo lentamente	O	-68.9287	-79.5523	-76.0969	-65.4366	-77.9018	-49.5147	-71.5908	-37.2654	-59.3195	-31.6984	-46.9835	-31.4585	-34.2429	-31.7215	-27.3324	-32.0069	-20.7502	-31.6364	-14.0166	-31.2637	-7.7730	-31.6317	-56.5897	-84.9703	-16.2678	-72.2027	-19.4092	-61.1694	-16.2678	-72.2027
it11	05/02/2018 17:55:49	1.6259	0.1210	Dico poco lentamente	o	-69.0219	-76.0150	-75.5840	-63.2085	-77.8440	-48.3685	-73.0438	-35.1606	-64.0500	-26.6140	-51.5638	-22.7429	-39.4933	-27.6139	-32.8678	-30.0920	-26.6994	-31.3209	-20.8308	-33.0929	-17.3202	-39.5281	-57.0533	-83.2931	-19.7141	-72.8800	-23.2550	-61.9261	-19.7141	-72.8800
it11	05/02/2018 17:55:54	1.3811	0.0900	Dico pudu lentamente	u	-66.1796	-74.9311	-72.1568	-61.0537	-75.6351	-45.0145	-69.2247	-31.8458	-59.9110	-21.6274	-46.7279	-19.3730	-34.6059	-22.0242	-27.4751	-23.7960	-20.7178	-25.0361	-13.9784	-27.4765	-8.5804	-30.7173	-56.5522	-85.0028	-12.9595	-69.5980	-17.6920	-57.4702	-12.9595	-69.5980
it11	05/02/2018 17:55:59	1.7408	0.1216	Dico poto lentamente	o	-69.7898	-75.3112	-78.3101	-62.2681	-79.4390	-47.2271	-71.6633	-35.6228	-59.1161	-31.1122	-47.0651	-31.6541	-35.1358	-32.4098	-28.5466	-32.7271	-21.8335	-31.7691	-14.9491	-31.4850	-9.0236	-32.4743	-56.6275	-82.6890	-16.7287	-71.9095	-20.3309	-60.5447	-16.7287	-71.9095
it11	05/02/2018 17:56:04	1.6490	0.1162	Dico pugu lentamente	u	-65.9918	-74.9773	-70.7435	-60.8593	-74.1632	-45.9149	-68.9240	-31.6542	-61.5923	-21.4364	-49.1166	-16.5828	-36.9435	-21.8359	-29.9607	-23.8058	-22.4779	-23.1686	-16.3554	-21.1810	-12.0662	-15.6689	-56.1521	-84.7917	-11.5753	-72.7696	-17.2306	-59.2306	-11.5753	-72.7696
it11	05/02/2018 17:56:08	1.5761	0.1663	Dico paga lentamente	a	-68.3357	-76.8379	-72.2197	-62.8675	-68.8619	-48.2592	-63.2379	-36.6784	-58.2621	-25.9145	-47.6147	-18.7814	-36.4405	-22.4033	-29.9132	-25.4514	-23.2854	-26.8041	-17.4141	-28.1778	-11.7692	-30.6831	-57.5338	-83.7678	-20.6901	-73.5773	-24.6525	-62.2435	-20.6901	-73.5773
it11	05/02/2018 17:56:13	1.5178	0.1200	Dico pucu lentamente	u	-67.6943	-78.4001	-73.0551	-63.7368	-75.5086	-47.8413	-71.2684	-32.9942	-64.3401	-21.9207	-52.3123	-16.5446	-38.7351	-20.6778	-31.9090	-22.2883	-24.5067	-21.9362	-18.0354	-21.6579	-13.6785	-32.0269	-56.6831	-85.4832	-11.5770	-73.0720	-16.9248	-59.5860	-11.5770	-73.0720
it11	05/02/2018 17:56:18	1.4613	0.1376	Dico pata lentamente	a	-68.7284	-76.3591	-73.4499	-62.6077	-71.7015	-47.5383	-65.8878	-35.7873	-58.3052	-26.1952	-47.2296	-21.2421	-36.2537	-24.3385	-29.7208	-27.0466	-23.4895	-29.1189	-17.3430	-30.8306	-12.0094	-32.5792	-57.1297	-83.4949	-20.1311	-72.7788	-24.0971	-61.1508	-20.1311	-72.7788
it11	05/02/2018 17:56:24	1.6589	0.1278	Dico paca lentamente	a	-69.6826	-77.7599	-74.7841	-63.8978	-72.2370	-48.7974	-65.7785	-37.6388	-58.9805	-27.5076	-48.1009	-21.6614	-37.5007	-25.8154	-31.1136	-28.2425	-24.2158	-27.4469	-18.1603	-26.6740	-12.8513	-26.5926	-57.0954	-84.3053	-20.8057	-72.3694	-24.8735	-61.0362	-20.8057	-72.3694
it11	05/02/2018 17:56:29	1.6068	0.1000	Dico putu lentamente	u	-66.7464	-75.8109	-72.1768	-61.6005	-75.1196	-44.9929	-68.6152	-31.3457	-59.5275	-21.3104	-46.4066	-18.1869	-34.1706	-20.3140	-26.7607	-21.6471	-19.5986	-22.8068	-12.8900	-24.9543	-6.5734	-28.3086	-56.5165	-85.2600	-13.5089	-69.2749	-17.8781	-56.4374	-13.5089	-69.2749
it11	05/02/2018 17:56:34	1.6161	0.1350	Dico pogo lentamente	O	-69.4240	-78.6186	-74.7581	-64.6042	-75.9372	-49.0579	-72.0513	-34.8331	-63.6376	-25.0663	-50.6812	-19.6059	-38.2494	-22.8372	-31.0600	-25.4113	-26.3588	-28.2409	-21.3694	-32.8928	-18.9612	-40.2703	-56.6498	-85.4010	-18.6822	-73.2127	-22.2915	-61.5439	-18.6822	-73.2127
it11	05/02/2018 17:56:39	1.7784	0.1900	Dico pada lentamente	a	-68.4578	-79.9008	-74.3314	-65.9522	-71.7292	-51.6165	-64.0562	-41.5078	-53.7825	-36.0217	-43.5176	-31.0822	-32.6972	-28.7977	-26.2419	-28.6881	-19.7308	-27.5820	-13.2809	-27.4410	-7.5327	-27.2816	-57.1539	-84.0268	-14.8539	-71.6911	-18.2336	-60.9291	-14.8539	-71.6911
it11	05/02/2018 17:56:44	1.6135	0.1800	Dico podo lentamente	O	-66.1501	-75.1287	-74.0519	-62.3393	-74.6452	-47.3324	-67.7780	-36.3117	-56.1869	-32.3598	-44.7371	-30.5351	-33.3208	-29.3515	-26.5964	-29.7443	-19.9135	-29.2363	-12.7122	-29.2526	-6.9281	-29.5402	-55.8346	-83.5151	-13.6042	-70.9456	-17.8844	-59.2036	-13.6042	-70.9456
it11	05/02/2018 17:57:34	1.6866	0.1290	Dico poco lentamente	o	-69.1722	-72.3888	-76.2868	-59.6391	-76.9329	-43.8564	-71.4508	-30.5818	-61.8617	-22.9379	-49.2746	-20.2182	-37.8515	-24.7134	-30.9260	-26.3267	-25.5498	-26.6446	-19.7195	-28.1644	-17.5630	-38.0597	-57.5878	-80.1040	-17.9918	-73.4347	-21.5263	-61.2375	-17.9918	-73.4347
it11	05/02/2018 17:57:38	1.4613	0.1290	Dico pudu lentamente	u	-64.7891	-71.4282	-72.6488	-57.0363	-75.4259	-40.1852	-67.8817	-28.6018	-56.5848	-21.0478	-43.6399	-20.2843	-31.5483	-22.7144	-24.4317	-23.3024	-17.8667	-23.8946	-10.9560	-25.6171	-4.4113	-28.0441	-54.6971	-82.9434	-12.4633	-69.2978	-16.6113	-57.4555	-12.4633	-69.2978
it11	05/02/2018 17:57:43	1.5482	0.1500	Dico poto lentamente	o	-69.1619	-74.4229	-77.1523	-61.6230	-77.7003	-46.1861	-69.5553	-35.3234	-57.5088	-31.2787	-45.0593	-31.5369	-33.0918	-31.5055	-26.2182	-31.7339	-19.2511	-31.0857	-12.3458	-30.7091	-6.5101	-31.5350	-56.2988	-81.6155	-13.5975	-71.1862	-18.2811	-59.5828	-13.5975	-71.1862
it11	05/02/2018 17:57:48	1.4691	0.1076	Dico pugu lentamente	u	-66.3795	-74.6384	-72.6010	-61.6379	-77.0124	-45.7152	-73.0742	-31.3138	-65.6053	-21.4958	-53.8862	-15.9356	-41.4022	-18.4966	-34.7839	-20.8399	-29.3799	-23.4259	-23.4877	-26.4859	-20.3775	-34.8555	-55.7043	-84.8646	-14.3956	-70.7548	-19.5018	-58.2085	-14.3956	-70.7548
it11	05/02/2018 17:57:53	1.4753	0.1610	Dico paga lentamente	a	-67.1328	-73.3291	-71.4816	-59.3136	-67.9008	-45.2325	-63.2817	-33.4063	-56.7602	-23.6462	-45.2873	-18.4406	-34.8698	-21.8156	-28.3156	-24.7324	-22.1104	-26.1548	-16.1885	-27.6999	-10.6163	-29.8750	-56.7187	-81.3876	-19.1786	-72.8842	-23.8332	-61.0093	-19.1786	-72.8842
it11	05/02/2018 17:57:58	1.4746	0.1325	Dico pucu lentamente	u	-67.8630	-74.7695	-76.2361	-61.5655	-78.5899	-45.2744	-72.3920	-32.5111	-65.0396	-21.4236	-53.6251	-15.7178	-40.3778	-18.1221	-33.5792	-20.2083	-27.0518	-20.7908	-21.5611	-22.4980	-20.0419	-35.1624	-56.4347	-84.8407	-12.8560	-72.8591	-18.5494	-60.0044	-12.8560	-72.8591
it11	05/02/2018 17:58:03	1.5339	0.1700	Dico pata lentamente	a	-67.0536	-74.7112	-73.6153	-61.5569	-69.7734	-47.6410	-61.8776	-38.0099	-51.9908	-32.6396	-41.1322	-29.5711	-31.0714	-28.7994	-24.7380	-28.6850	-17.9035	-28.3631	-11.4026	-28.3511	-6.0478	-28.9175	-55.6968	-80.8586	-13.0827	-71.6695	-16.6734	-60.2029	-13.0827	-71.6695
it11	05/02/2018 17:58:08	1.5573	0.1454	Dico paca lentamente	a	-68.4564	-74.7650	-74.0118	-61.2756	-70.7751	-46.2770	-64.5732	-35.1807	-57.5332	-25.7821	-46.7220	-20.4107	-36.3027	-23.8588	-30.2697	-27.1305	-24.0415	-29.0833	-18.6993	-32.4005	-13.1199	-36.1470	-56.5288	-82.0801	-19.3454	-72.4674	-23.8824	-60.9355	-19.3454	-72.4674
it11	05/02/2018 17:58:13	1.5360	0.1130	Dico putu lentamente	u	-65.8273	-74.7863	-70.9725	-60.1736	-73.9497	-43.8368	-66.9363	-31.1498	-56.9055	-21.4343	-44.5208	-16.9020	-31.7939	-18.6188	-24.3544	-20.0717	-17.2444	-21.8252	-10.6138	-23.7301	-3.6359	-26.6802	-56.1792	-85.0484	-11.1432	-68.6492	-15.6117	-56.3436	-11.1432	-68.6492
it11	05/02/2018 17:58:18	1.5070	0.1593	Dico pogo lentamente	O	-69.3231	-77.3236	-74.1345	-63.0066	-75.1614	-47.0849	-70.7402	-33.1396	-63.3798	-23.2899	-49.9454	-18.4540	-37.4660	-22.5731	-30.4928	-24.0576	-24.9904	-25.4329	-19.1844	-27.7377	-18.4917	-37.6392	-57.2697	-85.2729	-17.9888	-73.2331	-22.0170	-61.6060	-17.9888	-73.2331
it11	05/02/2018 17:58:22	1.5287	0.1900	Dico pada lentamente	a	-68.3167	-75.7182	-74.2823	-63.2841	-70.3512	-49.1698	-62.4361	-40.2759	-52.5496	-35.3790	-41.9596	-31.8851	-31.4557	-30.2784	-25.0585	-30.3603	-18.8958	-29.7372	-12.6141	-29.6056	-6.7602	-30.4532	-56.6710	-82.4391	-12.5839	-71.8674	-16.7280	-60.2161	-12.5839	-71.8674
it11	05/02/2018 17:58:27	1.4158	0.1678	Dico podo lentamente	O	-68.3564	-79.6311	-75.0965	-65.6912	-76.4796	-50.0785	-70.1818	-37.4324	-58.3663	-31.2839	-45.5768	-30.2338	-33.0995	-30.0679	-25.9417	-30.8906	-18.7976	-29.9818	-11.9384	-30.0439	-5.8600	-30.6985	-56.6365	-84.6592	-13.2785	-71.7882	-17.3834	-60.3660	-13.2785	-71.7882
it11	05/02/2018 17:59:26	1.6277	0.1258	Dico poco lentamente	o	-68.2357	-74.0322	-74.8848	-61.0784	-75.7183	-45.7317	-71.0732	-32.7397	-62.1468	-24.4867	-50.1301	-21.2395	-38.4318	-25.7202	-31.2965	-27.6835	-25.5132	-28.2841	-19.9019	-30.0236	-18.7911	-39.4208	-56.9875	-81.2768	-19.8443	-73.9116	-23.3081	-62.2876	-19.8443	-73.9116
it11	05/02/2018 17:59:31	1.4448	0.1274	Dico pudu lentamente	u	-61.7012	-68.6396	-69.0654	-54.2497	-71.9194	-37.9718	-64.3063	-26.0011	-52.8343	-21.1943	-40.5774	-20.6667	-29.3397	-22.9630	-22.6357	-23.9871	-16.4362	-24.9236	-10.0317	-26.6830	-4.4133	-29.9296	-53.0086	-81.5651	-11.1065	-70.4476	-15.3090	-59.0644	-11.1065	-70.4476
it11	05/02/2018 17:59:36	1.3039	0.1500	Dico poto lentamente	o	-67.7557	-73.0914	-76.2138	-60.4174	-77.2430	-44.3436	-68.8805	-34.0441	-56.5245	-29.9728	-44.7711	-30.0100	-32.9613	-30.2673	-26.2605	-30.7882	-19.3910	-30.5133	-12.6626	-30.7716	-6.7710	-32.3743	-56.1652	-80.0647	-14.6425	-71.9679	-18.4858	-60.4333	-14.6425	-71.9679
it11	05/02/2018 17:59:40	1.3836	0.1021	Dico pugu lentamente	u	-66.5844	-75.3282	-73.9496	-62.3181	-76.7466	-46.7823	-71.8436	-32.8942	-65.1891	-22.5882	-52.5926	-16.5044	-40.4769	-19.9539	-33.6623	-22.6575	-27.1587	-23.5655	-21.2212	-25.0516	-19.3607	-34.4393	-56.4415	-84.2973	-12.3756	-72.8762	-17.9255	-59.8267	-12.3756	-72.8762
it11	05/02/2018 17:59:45	1.3643	0.1607	Dico paga lentamente	a	-68.1815	-74.1300	-72.2634	-60.3920	-69.3767	-46.3354	-63.7408	-34.8017	-56.7184	-25.2572	-46.0572	-18.8025	-34.9734	-22.1335	-28.7672	-25.0192	-23.1633	-27.7141	-17.1441	-30.8584	-11.6905	-35.3040	-56.7288	-82.1024	-19.4355	-73.6965	-23.3765	-61.7401	-19.4355	-73.6965
it11	05/02/2018 17:59:51	1.5305	0.1258	Dico pucu lentamente	u	-65.6018	-73.6134	-71.0574	-60.0333	-75.1865	-44.9619	-70.4069	-30.9794	-63.1701	-21.6328	-51.4352	-15.7221	-39.1624	-19.0946	-32.3694	-20.6290	-25.6689	-22.3997	-19.0509	-25.2628	-17.6982	-34.9285	-56.0303	-84.0322	-11.1653	-72.9464	-16.4274	-59.2901	-11.1653	-72.9464
it11	05/02/2018 17:59:56	1.5046	0.1647	Dico pata lentamente	a	-68.0764	-74.0058	-73.6776	-60.5836	-69.4117	-47.1127	-62.0894	-37.9126	-51.5015	-32.5703	-41.5868	-28.8778	-30.8822	-28.0757	-24.5512	-28.0221	-18.1482	-27.5021	-11.9893	-27.2297	-7.0439	-27.2826	-56.4599	-79.8959	-13.2904	-71.7834	-17.0952	-60.0181	-13.2904	-71.7834
it11	05/02/2018 18:00:02	1.6295	0.1520	Dico paca lentamente	a	-67.8279	-72.6114	-73.0760	-59.6057	-70.1389	-45.4629	-63.9029	-34.6265	-56.0662	-26.4066	-45.6553	-21.8202	-35.7376	-25.4142	-29.6222	-28.5387	-22.6917	-29.9031	-16.2642	-30.7122	-10.8525	-31.7555	-56.5218	-79.0766	-18.6310	-73.2600	-22.8927	-61.1607	-18.6310	-73.2600
it11	05/02/2018 18:00:06	1.3634	0.1100	Dico putu lentamente	u	-65.2369	-76.4621	-70.6356	-61.3860	-72.5526	-45.6029	-66.7299	-31.2361	-57.4861	-20.5618	-45.0495	-16.3269	-31.5028	-18.6179	-24.3632	-20.3757	-17.1812	-22.0806	-10.3175	-24.6407	-4.1805	-28.1469	-56.1772	-85.1263	-10.6416	-71.0329	-14.7980	-57.2158	-10.6416	-71.0329
it11	05/02/2018 18:00:11	1.5174	0.1684	Dico pogo lentamente	O	-67.9379	-75.2372	-73.0684	-61.4836	-75.1716	-45.7939	-70.8495	-32.1507	-63.2777	-22.6700	-50.7117	-18.9235	-38.7585	-23.2735	-32.1044	-25.3780	-26.2393	-26.4033	-20.1771	-28.6469	-17.8585	-35.5944	-56.5372	-83.8130	-17.0084	-72.8518	-21.3052	-61.2275	-17.0084	-72.8518
it11	05/02/2018 18:00:16	1.4874	0.2100	Dico pada lentamente	a	-66.8845	-74.5396	-71.7553	-61.1772	-68.5413	-47.8047	-61.1069	-38.4995	-51.2373	-32.9090	-41.0077	-29.1103	-29.9624	-28.8086	-23.6025	-28.7732	-17.1861	-28.4301	-11.3429	-29.0483	-5.4903	-30.3179	-56.2224	-80.8223	-12.4894	-72.2824	-16.1455	-61.1649	-12.4894	-72.2824
it11	05/02/2018 18:00:21	1.6201	0.1700	Dico podo lentamente	O	-67.5927	-76.0356	-74.5990	-62.9855	-75.2542	-47.4417	-67.9462	-35.9551	-56.1539	-31.2384	-43.8898	-30.1434	-32.0380	-29.7962	-25.3149	-30.2731	-18.3911	-29.6837	-11.5568	-30.2316	-5.3446	-31.8817	-56.2275	-83.4030	-12.1756	-72.8392	-16.2422	-61.7158	-12.1756	-72.8392
it12	07/02/2018 13:21:29	1.4713	0.1163	Dico paca lentamente	a	-77.2066	-78.3674	-81.2515	-63.7494	-81.9437	-49.1937	-80.7425	-35.3068	-73.9862	-24.1293	-62.0150	-18.4996	-49.0670	-19.6412	-41.7331	-21.0977	-34.3024	-22.4080	-26.2474	-22.9338	-19.4850	-27.1742	-66.4839	-86.0904	-27.4838	-72.6254	-32.6649	-60.5746	-27.4838	-72.6254
it12	07/02/2018 13:21:33	1.0876	0.1190	Dico pogo lentamente	O	-77.3173	-80.4780	-84.7084	-66.5827	-87.6325	-51.0373	-85.5130	-37.2862	-77.9638	-24.9490	-64.9281	-19.9889	-53.4214	-23.8857	-47.6470	-27.4904	-41.4440	-30.8723	-35.8468	-34.7637	-33.3174	-40.3273	-66.8328	-88.1860	-26.5912	-72.7151	-32.0973	-62.5579	-26.5912	-72.7151
it12	07/02/2018 13:21:37	1.2057	0.0884	Dico pucu lentamente	u	-74.9054	-81.0944	-81.0376	-66.9378	-85.7541	-51.0201	-84.5878	-35.8807	-78.4903	-23.1303	-66.7854	-15.3677	-55.2351	-21.4670	-49.5039	-27.3009	-43.3209	-30.7094	-37.0851	-34.0040	-31.8087	-39.1010	-64.2484	-89.7388	-25.4627	-73.0488	-30.9242	-63.2562	-25.4627	-73.0488
it12	07/02/2018 13:21:41	1.0374	0.1014	Dico poto lentamente	o	-77.9163	-82.4193	-86.0165	-70.0800	-88.1723	-55.9922	-83.1188	-43.4050	-71.4624	-36.6398	-59.4175	-35.4164	-48.0886	-35.5690	-41.2399	-34.0737	-35.1344	-30.5727	-29.8280	-26.9362	-24.4464	-22.7123	-67.2675	-87.4407	-25.6218	-73.4365	-30.4019	-63.1113	-25.6218	-73.4365
it12	07/02/2018 13:21:45	1.2722	0.0906	Dico putu lentamente	u	-75.7100	-81.6213	-85.6513	-68.8763	-91.2225	-54.3370	-87.6142	-38.5278	-78.4956	-27.2893	-64.7833	-22.7244	-52.8891	-27.5959	-45.1880	-30.8007	-37.0431	-30.3288	-30.8546	-27.8453	-25.2302	-25.4594	-64.9695	-89.4214	-24.8797	-72.0699	-29.7877	-61.2485	-24.8797	-72.0699
it12	07/02/2018 13:21:49	1.3112	0.1065	Dico paga lentamente	a	-75.6900	-81.3939	-79.9876	-67.5120	-82.6241	-52.0142	-81.6646	-38.1361	-75.2410	-26.9806	-63.2401	-19.5982	-51.1069	-21.3935	-45.0868	-24.7245	-38.5322	-27.1688	-32.8040	-29.3064	-26.8997	-34.4114	-67.1901	-87.7897	-27.4998	-73.5383	-32.5223	-62.6061	-27.4998	-73.5383
it12	07/02/2018 13:21:54	1.1693	0.1075	Dico poco lentamente	o	-77.4910	-80.0549	-83.3612	-66.4607	-86.5828	-51.9145	-86.2541	-36.8203	-78.7888	-25.6573	-65.4726	-19.1658	-53.4992	-22.3954	-47.3184	-25.9836	-40.4995	-28.8629	-34.4993	-31.9310	-30.7272	-38.2248	-67.3329	-87.7227	-26.7094	-73.1320	-31.4669	-62.6603	-26.7094	-73.1320
it12	07/02/2018 13:21:58	1.1201	0.1000	Dico pada lentamente	a	-75.5846	-84.4307	-83.4733	-71.9445	-83.1994	-58.0943	-78.0300	-46.1255	-68.7160	-38.9317	-57.3996	-36.0541	-46.2203	-34.3008	-39.4311	-32.4993	-33.2303	-29.2789	-28.3252	-24.9257	-22.6408	-20.6709	-67.1781	-89.0125	-26.0658	-73.6933	-30.8392	-63.0956	-26.0658	-73.6933
it12	07/02/2018 13:22:02	1.1756	0.0921	Dico pudu lentamente	u	-75.1656	-81.2547	-85.0117	-68.3381	-90.5520	-54.0757	-87.9517	-38.4964	-78.2514	-27.7675	-64.3605	-23.6492	-52.7531	-30.2805	-45.7141	-31.9838	-38.3285	-31.4039	-32.2491	-29.8479	-25.6942	-27.4650	-65.6857	-89.4864	-24.6599	-71.9618	-29.6440	-61.3360	-24.6599	-71.9618
it12	07/02/2018 13:22:06	1.1078	0.1001	Dico pata lentamente	a	-75.9805	-82.8259	-82.8453	-70.4537	-81.7557	-56.6024	-77.4061	-45.3962	-68.0634	-38.1943	-57.6714	-35.1089	-46.4469	-33.8200	-39.7565	-32.0141	-33.6829	-28.5805	-28.9060	-24.9040	-23.1685	-20.9492	-67.3610	-88.5588	-25.6973	-73.9091	-30.5287	-63.2362	-25.6973	-73.9091
it12	07/02/2018 13:22:10	1.1398	0.0754	Dico pugu lentamente	u	-75.2373	-80.0872	-80.0516	-66.2930	-84.9704	-51.8816	-86.2656	-36.9375	-80.5657	-23.6648	-67.8366	-16.6326	-56.2738	-20.6491	-49.7423	-23.7233	-43.0387	-25.7331	-36.4240	-28.9413	-31.7236	-33.4438	-65.8194	-89.7432	-24.6633	-72.7450	-30.1953	-61.6671	-24.6633	-72.7450
it12	07/02/2018 13:22:15	1.1621	0.1100	Dico podo lentamente	O	-76.6240	-82.3970	-83.7260	-69.5157	-85.5217	-55.7125	-81.7168	-43.8669	-70.1501	-37.1777	-58.7015	-35.6953	-47.0225	-34.8885	-40.3105	-34.0172	-34.4851	-30.8138	-29.2571	-26.7287	-23.0101	-22.5155	-67.1771	-88.5344	-25.4741	-73.3197	-29.8077	-62.6505	-25.4741	-73.3197
it12	07/02/2018 13:22:59	1.4899	0.0899	Dico paca lentamente	a	-76.8062	-81.3308	-82.4652	-67.6578	-81.3419	-53.0709	-78.4101	-40.1167	-74.0291	-28.5109	-63.0632	-20.3577	-51.3694	-21.9542	-44.8707	-24.7194	-37.9449	-27.4542	-31.5431	-30.1342	-25.5607	-35.9180	-66.6723	-87.3589	-28.9103	-73.3461	-33.8507	-61.7762	-28.9103	-73.3461
it12	07/02/2018 13:23:03	1.2319	0.1107	Dico pogo lentamente	O	-78.5657	-80.6441	-85.5917	-67.3160	-87.9063	-52.1369	-85.9916	-37.4487	-78.1931	-25.9655	-65.1096	-20.4567	-52.6998	-24.7009	-46.7667	-27.8956	-40.0189	-29.9654	-34.1042	-33.2867	-30.4991	-39.5231	-66.6385	-87.9671	-26.4081	-73.5323	-31.5400	-63.0003	-26.4081	-73.5323
it12	07/02/2018 13:23:08	1.1631	0.0707	Dico pucu lentamente	u	-77.4592	-81.1431	-85.8522	-67.4808	-89.6788	-50.8952	-85.6476	-35.7944	-78.7460	-22.5638	-66.6621	-18.0812	-54.6324	-24.4598	-48.1527	-29.6427	-41.5307	-32.5730	-34.9344	-34.8664	-30.2867	-39.2412	-65.7738	-89.6870	-25.1101	-73.3011	-30.7212	-62.6954	-25.1101	-73.3011
it12	07/02/2018 13:23:29	1.4254	0.0906	Dico poto lentamente	o	-77.9587	-81.3860	-85.8538	-69.6511	-86.6522	-55.5706	-81.0633	-44.1481	-69.7347	-38.1777	-58.3727	-37.8476	-46.5989	-36.9665	-40.3609	-35.3168	-34.8722	-30.9673	-30.0823	-27.2888	-24.7622	-23.3430	-68.1032	-88.0435	-25.6543	-73.1135	-30.5751	-62.5552	-25.6543	-73.1135
it12	07/02/2018 13:23:33	1.3435	0.0907	Dico putu lentamente	u	-74.6330	-81.1039	-82.5406	-67.5313	-88.9167	-52.7470	-87.5750	-37.1387	-78.6719	-26.2620	-64.8656	-21.6850	-53.9387	-29.4857	-46.8742	-32.0382	-39.4684	-32.0746	-32.5819	-30.0425	-26.4061	-28.6773	-65.3853	-88.9577	-25.0157	-71.7206	-30.3387	-61.1081	-25.0157	-71.7206
it12	07/02/2018 13:23:37	1.2625	0.0954	Dico paga lentamente	a	-78.6676	-79.0775	-82.7880	-64.7503	-82.1909	-50.2958	-80.5106	-36.7379	-74.7261	-26.3085	-62.9554	-18.8722	-50.9378	-20.3271	-43.6678	-23.4507	-36.6550	-25.4153	-29.8371	-26.6541	-22.6960	-26.9328	-67.1325	-86.2899	-27.7467	-73.4513	-32.7383	-61.7790	-27.7467	-73.4513
it12	07/02/2018 13:23:41	1.0412	0.0921	Dico poco lentamente	o	-76.9032	-80.0758	-82.5386	-66.7003	-84.4443	-52.0729	-84.0194	-37.1743	-77.6059	-25.4549	-64.3927	-19.6329	-52.2510	-24.7100	-45.7014	-28.3335	-39.2367	-30.9037	-33.6400	-34.2241	-28.6611	-38.9537	-66.8378	-87.5889	-26.4540	-72.9336	-31.1474	-62.7295	-26.4540	-72.9336
it12	07/02/2018 13:23:45	1.1828	0.1033	Dico pada lentamente	a	-76.0504	-83.9709	-84.6381	-71.9927	-82.7366	-57.9406	-77.3330	-46.1700	-68.0128	-38.6453	-57.2291	-35.3485	-46.1130	-33.6126	-39.3155	-31.8670	-33.0095	-28.6085	-28.3669	-24.2428	-22.7829	-19.5406	-67.1788	-88.2332	-26.2487	-74.1187	-31.1934	-63.3215	-26.2487	-74.1187
it12	07/02/2018 13:23:49	1.0751	0.0966	Dico pudu lentamente	u	-75.5819	-78.6412	-82.2147	-65.3020	-88.7334	-50.0671	-85.5949	-36.3728	-76.4765	-25.7730	-62.1987	-23.0279	-52.3036	-30.5487	-44.7097	-32.2349	-36.2136	-30.4891	-31.1814	-27.9581	-26.5179	-24.8173	-64.8705	-87.7382	-24.9107	-71.4870	-29.2595	-60.6275	-24.9107	-71.4870
it12	07/02/2018 13:23:53	1.2102	0.0985	Dico pata lentamente	a	-76.5472	-84.4311	-84.5400	-72.0523	-82.7281	-58.1007	-76.5524	-45.8088	-67.3042	-38.1373	-55.7347	-34.7428	-43.9391	-32.8108	-37.8498	-31.4204	-31.2585	-28.5156	-24.9630	-25.4442	-19.3697	-23.3970	-67.7887	-88.4243	-26.0571	-73.9049	-30.7018	-63.4160	-26.0571	-73.9049
it12	07/02/2018 13:23:57	1.2208	0.0707	Dico pugu lentamente	u	-77.2240	-81.1297	-85.2820	-67.7439	-89.6140	-52.1172	-87.7156	-37.0942	-81.2176	-24.5346	-68.5063	-17.7340	-56.9687	-20.3598	-50.3853	-23.5106	-43.7487	-25.8980	-37.0310	-28.8756	-32.4747	-32.6877	-65.4179	-90.1695	-24.3785	-71.9974	-30.3671	-60.6847	-24.3785	-71.9974
it12	07/02/2018 13:24:01	1.2253	0.1100	Dico podo lentamente	O	-75.9144	-83.2117	-85.2073	-70.4739	-88.1926	-57.2310	-82.9999	-44.6037	-72.1785	-37.4274	-59.3614	-37.3512	-47.4100	-37.3037	-40.6986	-36.0423	-34.5675	-32.8372	-29.7606	-28.3656	-25.3408	-24.0201	-67.3345	-88.5703	-25.3809	-73.0584	-30.1106	-62.5549	-25.3809	-73.0584
it12	07/02/2018 13:24:14	1.5305	0.0778	Dico paca lentamente	a	-77.8477	-81.6141	-83.4703	-67.6019	-80.2334	-52.7103	-76.2719	-40.3452	-71.6492	-28.9309	-61.1882	-20.3394	-49.4180	-23.5359	-42.7305	-26.6453	-35.4854	-27.8895	-28.9532	-29.0955	-22.3200	-33.1025	-66.7766	-87.5206	-27.6838	-73.3196	-32.8575	-61.9392	-27.6838	-73.3196
it12	07/02/2018 13:24:18	1.1874	0.0778	Dico pogo lentamente	O	-77.0774	-81.5155	-82.6351	-67.6306	-85.6674	-53.0919	-84.9266	-38.6466	-77.1158	-27.2997	-63.4685	-23.9047	-52.6067	-28.1272	-45.3047	-31.9390	-38.4750	-34.2390	-32.9836	-36.7647	-27.9384	-40.8476	-66.7163	-88.5713	-26.4963	-73.9187	-31.6045	-63.9213	-26.4963	-73.9187
it12	07/02/2018 13:24:22	1.1656	0.0660	Dico pucu lentamente	u	-76.0242	-81.5301	-81.5693	-67.2738	-85.7570	-52.2959	-85.6895	-36.9487	-80.1664	-24.4927	-66.2906	-17.8250	-56.3175	-22.3807	-50.6593	-26.7297	-43.4905	-30.2492	-36.4270	-33.6438	-32.7467	-39.0455	-66.1333	-89.9197	-25.8917	-73.3241	-31.5233	-63.3161	-25.8917	-73.3241
it12	07/02/2018 13:24:27	1.4537	0.1025	Dico poto lentamente	o	-77.1337	-81.8909	-85.1848	-69.8076	-86.1696	-55.3520	-81.4224	-43.6633	-70.5101	-37.1937	-58.7274	-36.8885	-47.1161	-36.6739	-40.5707	-35.4138	-34.9235	-31.5542	-30.0176	-27.2623	-24.9530	-22.3100	-66.9728	-87.6843	-25.6692	-73.0858	-30.4535	-62.7594	-25.6692	-73.0858
it12	07/02/2018 13:24:32	1.3415	0.0695	Dico putu lentamente	u	-75.5610	-81.2140	-86.1426	-68.7375	-92.0110	-53.3789	-88.0321	-37.5752	-77.8904	-27.2904	-63.4178	-24.6816	-52.4806	-31.2903	-45.2301	-32.9313	-37.9135	-31.4422	-31.8341	-29.0373	-25.2657	-26.3297	-64.4337	-89.6430	-24.5725	-71.6027	-29.4389	-60.5903	-24.5725	-71.6027
it12	07/02/2018 13:24:36	1.3015	0.1182	Dico paga lentamente	a	-77.6406	-79.8809	-81.4816	-65.8362	-82.5290	-50.8390	-81.0855	-36.6216	-74.9300	-25.1591	-62.3782	-18.6924	-49.5236	-21.9824	-42.6272	-25.6063	-35.0569	-27.8173	-29.0480	-29.5539	-21.1152	-35.4362	-67.2523	-86.7753	-27.3806	-73.6921	-32.0834	-62.0993	-27.3806	-73.6921
it12	07/02/2018 13:24:41	1.2103	0.0875	Dico poco lentamente	o	-78.3968	-80.5378	-83.4441	-66.9771	-86.1848	-52.5493	-85.8103	-38.0196	-77.5962	-27.0450	-64.8480	-21.3761	-52.9795	-25.8374	-46.5477	-29.7920	-40.0556	-32.9594	-34.6695	-36.2583	-29.5302	-40.9164	-67.1252	-87.9068	-25.7565	-73.3033	-31.3262	-62.9061	-25.7565	-73.3033
it12	07/02/2018 13:24:45	1.1321	0.0900	Dico pada lentamente	a	-76.2370	-83.8599	-84.1484	-72.0673	-82.4041	-57.9817	-77.1425	-46.4929	-68.5036	-38.3236	-57.5146	-35.4969	-46.4053	-34.1743	-39.4642	-32.6825	-33.7199	-29.2441	-28.1420	-25.4409	-22.4394	-21.5522	-67.4643	-88.3619	-25.9262	-73.8956	-30.7100	-63.4629	-25.9262	-73.8956
it12	07/02/2018 13:24:49	1.0927	0.0792	Dico pudu lentamente	u	-75.2855	-81.2523	-85.1300	-68.7196	-90.7117	-53.8291	-87.5833	-38.5007	-77.6619	-27.4553	-63.2579	-23.9803	-52.0588	-29.8095	-44.6898	-30.9410	-37.1926	-30.1055	-31.1886	-27.9979	-24.5241	-25.6157	-66.1035	-89.2885	-24.7940	-71.4493	-29.6058	-60.4705	-24.7940	-71.4493
it12	07/02/2018 13:24:53	1.1301	0.0731	Dico pata lentamente	a	-76.2447	-84.1865	-84.4234	-71.9629	-82.6670	-57.9138	-77.0102	-45.9967	-67.6167	-38.3368	-56.5177	-35.4577	-45.1837	-33.9088	-38.4103	-32.3701	-32.4545	-29.2904	-26.9888	-25.4455	-21.0530	-21.4237	-67.1505	-88.5490	-25.9165	-73.6966	-30.7642	-63.3015	-25.9165	-73.6966
it12	07/02/2018 13:24:57	1.1275	0.0743	Dico pugu lentamente	u	-76.1366	-79.9392	-85.1787	-66.9285	-89.0519	-51.2385	-85.5530	-37.1661	-80.2160	-24.0730	-67.0775	-17.3093	-55.8765	-21.6597	-49.5072	-25.0942	-42.3965	-28.0576	-36.7205	-31.1845	-32.0572	-36.3843	-65.8926	-89.8375	-24.3599	-72.2684	-30.0895	-60.7538	-24.3599	-72.2684
it12	07/02/2018 13:25:01	1.1490	0.1100	Dico podo lentamente	O	-75.6833	-83.1666	-84.4893	-71.3116	-86.0149	-57.1109	-82.1545	-44.3502	-70.5441	-37.2957	-58.5517	-36.6945	-47.1008	-35.8269	-40.3265	-34.9328	-34.4115	-31.8490	-29.9422	-27.2085	-24.7192	-22.4958	-66.7501	-87.9554	-25.5210	-73.1093	-30.1505	-62.5789	-25.5210	-73.1093
it12	07/02/2018 13:25:19	1.3908	0.1100	Dico paca lentamente	a	-78.6574	-79.8347	-83.0208	-65.2015	-82.1776	-50.1104	-80.5370	-36.2585	-74.4924	-25.1416	-62.5861	-18.0539	-49.6242	-19.4228	-43.2341	-22.6194	-36.6118	-26.2578	-29.1787	-28.0716	-22.3747	-33.3705	-66.3853	-86.6033	-27.8246	-72.8652	-32.9383	-61.3192	-27.8246	-72.8652
it12	07/02/2018 13:25:24	1.1250	0.0766	Dico pogo lentamente	O	-76.5673	-80.5131	-82.5864	-66.9691	-85.7545	-51.7242	-85.3410	-37.2479	-77.4762	-26.1115	-64.2098	-21.4458	-52.0901	-24.7715	-45.4465	-28.1485	-39.0958	-30.8964	-32.6317	-33.8269	-26.5684	-38.6064	-66.8475	-88.4366	-26.6743	-73.3222	-31.5952	-63.7330	-26.6743	-73.3222
it12	07/02/2018 13:25:28	1.4923	0.0837	Dico pucu lentamente	u	-75.6768	-81.6309	-83.8327	-67.3562	-87.0308	-51.0213	-85.4609	-35.0102	-79.0943	-20.5350	-65.5934	-15.8104	-54.9322	-23.5702	-48.2933	-28.2383	-41.8385	-31.1646	-35.5711	-34.0089	-30.5953	-37.8034	-65.9094	-89.8950	-25.6392	-73.3453	-30.8930	-63.4303	-25.6392	-73.3453
it12	07/02/2018 13:25:32	1.3451	0.1065	Dico poto lentamente	o	-77.1083	-83.9980	-85.9977	-71.5291	-87.5915	-57.3587	-82.6195	-44.2678	-71.6783	-37.5816	-59.8720	-36.7814	-48.7284	-37.7514	-42.3030	-36.8520	-36.3329	-34.1101	-30.2080	-31.4116	-24.9095	-29.4899	-67.3374	-88.5959	-25.9641	-73.0382	-30.8043	-63.0713	-25.9641	-73.0382
it12	07/02/2018 13:25:37	1.3065	0.0876	Dico putu lentamente	u	-75.8793	-81.0725	-86.3772	-69.2719	-91.5312	-53.3681	-86.6895	-38.7478	-76.7461	-28.3005	-62.8977	-25.6513	-51.2268	-30.7360	-43.4763	-31.6827	-35.5673	-30.5446	-29.3968	-27.8590	-22.6209	-25.3546	-65.4890	-89.2951	-24.8962	-71.7334	-29.4063	-60.6638	-24.8962	-71.7334
it12	07/02/2018 13:25:41	1.2431	0.0959	Dico paga lentamente	a	-76.1875	-82.1834	-81.3776	-68.2489	-83.2303	-53.0061	-81.8865	-37.8085	-75.3645	-26.6322	-63.1532	-19.0786	-50.4864	-21.7843	-44.2805	-25.5454	-37.3646	-28.7183	-31.8240	-31.9583	-24.5014	-37.8777	-66.7560	-88.7459	-28.0432	-73.6374	-33.0901	-62.8250	-28.0432	-73.6374
it12	07/02/2018 13:25:45	1.5660	0.0970	Dico poco lentamente	o	-76.2803	-80.9951	-82.7762	-67.2164	-84.6739	-52.2564	-83.9090	-37.5862	-76.9157	-26.1813	-63.8126	-20.4496	-51.6912	-24.6953	-44.4563	-27.7977	-37.7249	-30.3188	-31.4949	-32.9380	-24.8220	-37.8529	-66.6938	-87.9930	-26.3463	-73.0671	-31.4032	-62.3565	-26.3463	-73.0671
it12	07/02/2018 13:25:50	1.3390	0.1089	Dico pada lentamente	a	-75.3033	-84.6052	-82.9687	-72.4304	-82.3367	-58.8985	-77.2024	-46.9125	-68.9278	-38.8461	-57.7238	-35.1280	-46.9027	-33.6134	-40.0204	-32.0784	-33.8925	-28.1059	-29.7095	-23.3832	-24.3992	-18.0175	-67.1770	-88.5925	-26.6475	-73.6301	-31.4696	-62.8266	-26.6475	-73.6301
it12	07/02/2018 13:25:55	1.3122	0.0978	Dico pudu lentamente	u	-74.8364	-81.2545	-84.0386	-68.8700	-89.1553	-54.0062	-86.2860	-39.5951	-76.1515	-28.9092	-62.0038	-26.8730	-50.1400	-31.6403	-42.6543	-32.7734	-35.6710	-30.9202	-29.8435	-27.9053	-23.3055	-25.3578	-65.7946	-89.1231	-24.7129	-71.7332	-29.2137	-60.0714	-24.7129	-71.7332
it12	07/02/2018 13:25:59	1.2333	0.0884	Dico pata lentamente	a	-76.4530	-85.4789	-84.5307	-73.2566	-83.7149	-59.0468	-78.3197	-46.3303	-69.5846	-37.8304	-57.7131	-34.7866	-46.6124	-33.3920	-39.9636	-32.3635	-33.3908	-30.1271	-27.6627	-27.7691	-21.1689	-26.9224	-67.3489	-89.4052	-26.4846	-73.8992	-31.2729	-63.1921	-26.4846	-73.8992
it12	07/02/2018 13:26:03	1.1809	0.0813	Dico pugu lentamente	u	-75.6519	-80.7818	-80.9992	-66.5532	-85.3015	-50.9357	-83.8282	-35.0410	-78.0733	-22.7924	-64.6368	-17.2438	-53.2467	-23.8762	-46.6920	-28.5265	-40.1116	-31.1937	-34.9217	-34.5541	-30.5882	-39.6756	-65.4775	-89.8259	-24.5511	-72.4080	-30.1521	-61.6299	-24.5511	-72.4080
it12	07/02/2018 13:26:23	1.4201	0.0900	Dico podo lentamente	O	-76.0897	-83.9455	-85.1445	-71.7003	-86.3394	-57.5347	-81.2543	-44.9512	-70.0771	-39.0168	-58.7027	-37.3630	-47.1554	-36.8152	-40.9433	-35.6605	-35.0427	-32.4514	-29.8249	-28.0599	-25.8725	-24.0944	-66.7661	-88.7727	-25.6447	-72.5057	-30.0296	-62.5544	-25.6447	-72.5057
it12	07/02/2018 13:26:38	1.3253	0.0837	Dico paca lentamente	a	-77.2290	-80.8362	-81.8593	-66.8855	-80.8229	-51.9123	-79.2282	-38.8477	-73.4375	-27.3521	-62.0993	-19.3596	-49.8639	-21.3041	-43.0047	-23.7825	-35.6826	-26.1078	-29.3784	-28.1712	-22.4834	-33.0992	-66.8368	-88.0406	-27.5168	-73.6167	-32.7705	-62.0140	-27.5168	-73.6167
it12	07/02/2018 13:26:42	1.1653	0.0907	Dico pogo lentamente	O	-77.3966	-81.8073	-84.7965	-67.8787	-87.6452	-52.1453	-86.5523	-37.3125	-77.6869	-26.2031	-63.9879	-21.5867	-52.6936	-25.3694	-45.5637	-28.3987	-38.3837	-30.6307	-32.2026	-33.0100	-26.7609	-36.9546	-66.6564	-88.6742	-26.7748	-73.2412	-31.6580	-62.3975	-26.7748	-73.2412
it12	07/02/2018 13:26:46	1.1606	0.0823	Dico pucu lentamente	u	-76.7090	-79.1009	-84.5341	-65.6621	-88.4077	-49.7540	-86.4179	-34.0700	-79.5002	-22.1745	-67.5766	-13.4060	-54.3568	-14.4102	-51.4967	-23.2910	-43.9693	-28.7635	-36.7067	-32.3618	-32.7173	-37.5322	-65.8406	-89.1548	-25.8748	-73.2358	-31.3329	-63.3625	-25.8748	-73.2358
it12	07/02/2018 13:26:50	1.0888	0.1035	Dico poto lentamente	o	-76.6962	-81.4165	-85.6007	-70.0573	-86.3238	-55.2473	-80.8531	-43.4405	-69.6507	-37.1116	-58.2022	-36.7535	-47.0381	-36.1463	-40.2311	-35.0176	-34.4134	-31.7286	-29.6809	-27.0966	-24.8575	-22.2949	-67.4581	-87.5572	-25.8878	-72.9875	-30.6151	-62.5488	-25.8878	-72.9875
it12	07/02/2018 13:26:54	1.1041	0.0700	Dico putu lentamente	u	-75.7777	-80.4284	-83.3183	-67.0008	-88.1965	-52.0057	-86.9775	-37.0073	-77.6563	-26.5794	-64.0497	-22.4277	-52.9858	-28.6650	-46.4365	-31.3505	-38.9803	-31.1178	-32.4298	-29.7695	-25.9201	-28.9849	-65.0168	-89.2436	-25.3844	-72.1315	-30.4310	-61.8851	-25.3844	-72.1315
it12	07/02/2018 13:26:58	1.0736	0.0871	Dico paga lentamente	a	-76.6252	-81.4252	-79.6001	-66.6514	-80.3580	-51.7077	-79.2404	-37.4108	-74.8794	-26.7709	-62.4636	-19.4191	-51.0323	-21.1427	-44.6671	-24.6513	-36.6973	-28.1929	-30.7733	-30.3374	-24.0030	-35.6790	-67.2975	-87.6784	-27.9094	-73.0843	-33.1983	-61.7102	-27.9094	-73.0843
it12	07/02/2018 13:27:02	1.3511	0.0943	Dico poco lentamente	O	-78.0688	-79.9457	-84.4991	-66.4318	-87.9536	-51.1971	-86.9413	-36.5576	-78.8790	-25.4211	-66.0533	-20.5578	-54.3917	-24.4746	-47.8234	-27.8555	-41.7219	-31.0823	-35.9978	-34.7165	-32.5790	-41.3209	-67.5084	-87.8861	-26.8174	-73.2599	-32.3965	-62.4458	-26.8174	-73.2599
it12	07/02/2018 13:27:06	1.1125	0.0974	Dico pada lentamente	a	-75.5422	-84.6828	-83.2832	-71.7394	-82.2080	-58.2439	-76.7747	-46.0154	-68.0173	-38.2605	-56.9467	-35.0835	-45.8617	-33.6169	-39.4408	-32.2612	-33.3889	-29.0401	-28.2625	-25.5476	-22.7188	-21.0027	-67.4791	-89.0743	-25.8319	-73.7098	-30.5427	-63.3317	-25.8319	-73.7098
it12	07/02/2018 13:27:10	1.0175	0.0881	Dico pudu lentamente	u	-74.5145	-81.6721	-81.4205	-67.9586	-86.8292	-52.9705	-85.2195	-38.2541	-77.1683	-26.4101	-62.9817	-22.6544	-52.1379	-28.1710	-44.8776	-30.3761	-37.0317	-29.8793	-30.3765	-27.8535	-24.9687	-25.9279	-63.9093	-89.1884	-24.4638	-71.5615	-29.0231	-60.4390	-24.4638	-71.5615
it12	07/02/2018 13:27:14	1.1430	0.0919	Dico pata lentamente	a	-77.2172	-84.4926	-84.9353	-71.7894	-81.9897	-57.8686	-76.3033	-45.1868	-67.4300	-37.3273	-56.4249	-34.7483	-45.3922	-33.9620	-39.0001	-32.6405	-33.0181	-29.5846	-27.8354	-25.7026	-21.9473	-23.0486	-67.5606	-88.4856	-25.8413	-73.3925	-30.6559	-62.9151	-25.8413	-73.3925
it12	07/02/2018 13:27:18	1.1698	0.0731	Dico pugu lentamente	u	-76.1345	-80.4336	-83.4733	-67.0942	-87.0832	-50.3793	-85.5221	-33.8385	-79.1280	-21.9854	-66.3718	-14.8187	-54.6275	-22.9352	-48.1023	-27.8496	-41.8277	-30.4410	-35.6508	-33.7077	-31.8113	-39.7634	-64.8299	-89.8953	-24.5230	-72.2313	-30.1835	-61.8117	-24.5230	-72.2313
it12	07/02/2018 13:27:23	1.2975	0.1100	Dico podo lentamente	O	-75.6226	-84.3214	-85.0785	-72.1302	-86.7453	-58.1007	-82.0938	-45.3380	-71.0552	-37.9281	-58.9346	-36.3709	-47.5486	-35.9111	-40.8405	-34.9229	-34.7113	-32.0022	-29.5597	-28.4145	-24.1317	-24.7454	-66.8311	-88.7375	-25.2692	-72.7411	-29.8673	-62.2525	-25.2692	-72.7411
it12	07/02/2018 13:28:11	1.2617	0.0907	Dico paca lentamente	a	-76.6274	-81.7693	-81.1162	-67.0881	-81.5808	-51.4533	-81.3009	-36.9217	-75.1725	-25.9262	-62.6610	-19.5950	-50.6199	-23.6786	-43.8186	-27.2134	-36.8603	-29.6116	-30.4787	-32.0132	-22.7600	-36.8611	-66.5998	-88.1399	-27.4071	-73.5671	-32.5070	-62.5499	-27.4071	-73.5671
it12	07/02/2018 13:28:15	1.1547	0.1072	Dico pogo lentamente	O	-76.5397	-79.2362	-83.6387	-66.2406	-87.1609	-51.6931	-85.8992	-37.0124	-78.6373	-25.4400	-65.1868	-20.9995	-53.7720	-24.7679	-46.7220	-27.8156	-40.1331	-30.0136	-34.6327	-33.5579	-30.6762	-38.9691	-67.1351	-87.5263	-25.9917	-73.0090	-31.3953	-62.0905	-25.9917	-73.0090
it12	07/02/2018 13:28:19	1.1615	0.0672	Dico pucu lentamente	u	-75.2713	-80.0275	-81.8619	-65.9966	-86.1812	-50.6450	-86.0219	-34.6880	-78.6223	-22.8704	-66.0140	-14.9521	-54.0113	-22.5225	-47.4248	-28.1966	-40.5639	-29.5891	-34.7816	-32.7699	-29.2674	-36.8906	-65.2204	-89.3379	-25.0415	-72.7908	-30.4137	-61.5268	-25.0415	-72.7908
it12	07/02/2018 13:28:23	1.1236	0.1109	Dico poto lentamente	o	-76.8794	-82.5113	-85.6016	-71.2963	-86.7296	-56.7927	-82.2336	-44.6451	-70.6811	-37.9576	-59.3168	-36.3368	-48.2250	-35.9414	-41.9065	-34.9091	-35.8991	-31.9731	-29.8926	-27.8061	-26.2302	-23.5100	-66.3881	-87.7520	-25.6296	-72.2878	-30.2036	-62.0418	-25.6296	-72.2878
it12	07/02/2018 13:28:27	1.1193	0.1048	Dico putu lentamente	u	-75.8476	-80.4165	-85.9317	-68.2230	-90.0186	-52.5038	-86.6320	-38.3333	-76.8112	-28.0991	-63.1329	-24.3467	-52.1617	-30.7039	-44.8393	-32.8840	-37.2193	-31.9265	-31.2210	-29.2265	-25.1385	-26.3195	-64.8706	-88.6397	-24.6186	-71.5794	-28.9072	-60.2837	-24.6186	-71.5794
it12	07/02/2018 13:28:32	1.2543	0.0996	Dico paga lentamente	a	-76.3986	-81.2276	-80.9999	-66.9472	-82.5805	-51.5507	-80.3635	-37.5693	-73.2385	-26.8227	-61.9616	-18.8582	-49.1621	-19.6024	-41.5524	-22.8945	-35.9751	-26.0559	-30.7666	-30.2696	-24.4499	-35.8592	-66.8256	-87.4310	-27.5545	-73.6365	-32.4649	-61.9473	-27.5545	-73.6365
it12	07/02/2018 13:28:36	1.4386	0.0847	Dico poco lentamente	O	-76.4209	-80.0458	-83.3609	-66.7966	-86.5621	-51.3509	-86.0686	-36.5933	-77.8823	-25.4332	-64.6619	-20.0450	-52.2663	-25.0418	-45.8658	-29.0733	-39.4322	-32.0015	-33.0014	-35.1060	-27.5310	-39.6837	-66.2642	-88.2597	-26.4062	-73.3361	-31.4765	-62.9149	-26.4062	-73.3361
it12	07/02/2018 13:28:40	1.2014	0.0900	Dico pada lentamente	a	-75.7010	-84.7984	-83.8348	-73.6781	-82.6148	-59.4667	-78.0567	-47.6970	-69.0760	-39.5843	-57.9190	-35.7086	-46.8929	-33.6352	-39.8565	-32.2656	-33.8725	-28.7835	-29.5184	-24.0707	-24.4420	-17.9579	-66.7846	-88.9538	-26.1977	-73.7961	-31.1043	-62.9147	-26.1977	-73.7961
it12	07/02/2018 13:28:44	1.2056	0.1096	Dico pudu lentamente	u	-74.0760	-80.4712	-82.2439	-67.4696	-88.0232	-53.3890	-85.9587	-38.2402	-75.7906	-27.6781	-61.8833	-24.4229	-49.7378	-29.4195	-42.4159	-30.9411	-35.1648	-29.9961	-28.7535	-27.5119	-21.7144	-24.8189	-64.6809	-89.1743	-24.4571	-71.6916	-28.8665	-60.5747	-24.4571	-71.6916
it12	07/02/2018 13:28:48	1.2282	0.1100	Dico pata lentamente	a	-74.6506	-83.8904	-82.6699	-70.9089	-81.4499	-57.4567	-75.5294	-45.8688	-67.1783	-38.1133	-56.4037	-33.9859	-45.0724	-32.6480	-38.4170	-31.8799	-32.5053	-29.2263	-27.2121	-25.5318	-21.4875	-21.9374	-66.8031	-88.9645	-25.3438	-73.6675	-29.7548	-63.1748	-25.3438	-73.6675
it12	07/02/2018 13:28:52	1.1607	0.0602	Dico pugu lentamente	u	-78.0007	-82.1143	-86.8114	-68.8386	-91.7608	-53.0047	-88.7755	-36.7926	-79.8781	-24.0138	-67.8332	-16.0893	-55.0210	-21.4667	-48.8684	-26.1182	-42.2760	-29.7291	-35.9780	-32.7991	-31.2253	-37.4759	-65.5926	-89.9111	-24.6407	-71.9931	-30.0568	-61.4009	-24.6407	-71.9931
it12	07/02/2018 13:28:56	1.0350	0.1085	Dico podo lentamente	O	-76.1690	-83.8607	-84.8590	-71.4623	-86.0967	-57.6284	-82.3907	-44.9413	-70.6347	-37.9569	-58.5781	-36.5704	-46.5915	-35.6326	-40.1223	-34.5776	-34.4010	-31.2319	-29.5215	-27.4070	-23.8409	-23.2651	-66.8289	-88.6393	-25.0349	-72.4774	-29.4310	-61.9821	-25.0349	-72.4774
it13	19/02/2018 15:33:40	1.0707	0.1107	Dico paca lentamente	a	-47.8244	-36.7333	-52.0974	-25.6233	-51.5405	-13.7407	-46.5937	-3.1656	-36.8145	5.0014	-23.3625	3.3991	-13.9012	-4.8990	-7.9462	-6.4789	-0.4994	-8.5096	5.7528	-10.7241	12.4378	-11.9628	-38.7229	-37.8072	-2.5141	-39.8356	-5.2563	-30.9764	-2.5141	-39.8356
it13	19/02/2018 15:33:44	1.0010	0.1127	Dico pogo lentamente	O	-45.9508	-37.1347	-50.0605	-25.6489	-50.2406	-13.4201	-49.7291	-2.0307	-41.5765	5.9419	-30.8491	5.0050	-22.6586	-3.5543	-17.6307	-7.3122	-11.8369	-9.1094	-6.3638	-10.9006	-1.1107	-13.6681	-40.1335	-41.9785	-1.4520	-38.3536	-5.8040	-29.4474	-1.4520	-38.3536
it13	19/02/2018 15:33:48	0.9802	0.0918	Dico pucu lentamente	u	-45.9948	-37.5427	-48.4674	-26.2864	-51.3434	-14.9286	-49.8650	-3.9698	-43.9365	4.7369	-33.6447	5.7713	-25.8009	-2.9554	-21.4936	-7.7347	-15.7233	-9.7216	-10.8565	-11.7013	-6.2732	-16.1814	-39.6013	-43.4884	-1.5640	-38.4561	-5.7368	-28.8484	-1.5640	-38.4561
it13	19/02/2018 15:33:52	0.9680	0.1078	Dico poto lentamente	o	-46.1850	-38.4078	-50.2742	-27.3774	-49.6172	-16.1193	-44.6109	-6.8013	-35.4487	-1.4500	-24.3786	-1.9058	-14.0600	-3.8793	-8.7128	-5.0079	-3.2459	-5.3767	2.5805	-5.0532	8.2232	-4.3635	-39.4653	-42.5729	-0.5365	-38.5345	-4.5017	-27.0677	-0.5365	-38.5345
it13	19/02/2018 15:33:56	1.0138	0.1319	Dico putu lentamente	u	-44.3743	-36.5936	-42.8501	-25.0302	-44.7836	-14.3951	-43.7080	-3.4782	-36.8969	4.2399	-25.0631	4.4051	-15.7852	0.5540	-10.4280	-0.9107	-4.5758	-1.7097	1.3055	-1.7746	7.1284	-1.8605	-39.1697	-42.2938	0.2919	-36.0606	-4.0426	-25.3682	0.2919	-36.0606
it13	19/02/2018 15:34:00	0.8432	0.1151	Dico paga lentamente	a	-47.5408	-36.3482	-52.1893	-25.2166	-51.1330	-12.5994	-46.7840	-1.6083	-37.4166	5.7056	-24.7282	4.4688	-14.6461	-2.8343	-9.5616	-5.7886	-4.0389	-8.0581	1.9925	-10.7118	7.5440	-12.5933	-40.0411	-39.5209	-2.0515	-39.5264	-4.9395	-30.5089	-2.0515	-39.5264
it13	19/02/2018 15:34:05	0.9255	0.0979	Dico poco lentamente	O	-46.6902	-37.6215	-53.9381	-26.9650	-54.2331	-14.4235	-50.3221	-2.9621	-40.8530	4.5413	-29.4233	2.8676	-19.9891	-5.3578	-14.9477	-7.9874	-8.7113	-9.4386	-1.9277	-11.7808	3.8714	-13.1250	-41.0982	-42.2369	-2.6899	-40.1228	-6.1003	-31.0793	-2.6899	-40.1228
it13	19/02/2018 15:34:09	0.9562	0.1221	Dico pada lentamente	a	-46.4627	-35.7775	-51.1052	-23.9888	-49.2904	-12.7482	-45.8402	-2.1284	-37.9659	5.8370	-25.9238	5.1038	-17.6462	-2.6062	-12.2455	-5.9390	-6.5379	-8.2439	-0.0972	-10.4370	5.7186	-12.6340	-39.9625	-40.0633	-2.4324	-40.6501	-5.5440	-31.5948	-2.4324	-40.6501
it13	19/02/2018 15:34:14	1.0565	0.1004	Dico pudu lentamente	u	-46.1253	-37.3340	-50.3747	-26.4527	-52.5288	-15.7452	-49.6499	-5.1181	-42.4889	2.3381	-31.2074	3.5345	-22.4697	-2.5711	-16.7855	-4.3827	-11.0967	-5.3697	-5.4526	-6.2122	0.3574	-7.7049	-40.2589	-43.2699	-0.5615	-38.4894	-4.8226	-27.2227	-0.5615	-38.4894
it13	19/02/2018 15:34:19	0.8320	0.1168	Dico pata lentamente	a	-48.3545	-38.4673	-52.7338	-27.6249	-50.9252	-16.6535	-44.2740	-8.1367	-35.4102	-2.7641	-24.6001	-1.9946	-13.9804	-3.4932	-8.8163	-4.6099	-2.8957	-5.1341	2.9778	-5.2878	8.7214	-5.6695	-40.1590	-40.8049	-1.9786	-37.4579	-6.1478	-28.1996	-1.9786	-37.4579
it13	19/02/2018 15:34:23	1.0865	0.1024	Dico pugu lentamente	u	-46.3327	-39.1791	-49.7978	-27.7118	-52.4523	-16.8052	-51.1559	-5.5594	-45.0455	3.3901	-35.1467	6.4952	-27.2810	-2.8627	-22.8764	-7.6096	-17.2527	-9.9867	-12.0016	-12.2601	-7.3151	-16.4342	-41.4423	-44.8190	-1.4608	-37.2206	-5.7454	-29.5169	-1.4608	-37.2206
it13	19/02/2018 15:34:28	1.0052	0.1308	Dico podo lentamente	O	-46.9555	-38.7054	-52.6727	-28.2070	-52.4050	-16.6788	-46.8001	-7.5176	-36.3184	-3.5953	-26.1211	-4.3148	-15.8438	-5.9451	-10.5633	-6.6745	-5.1265	-7.2775	1.2431	-6.5783	6.9633	-5.5807	-39.7208	-42.9465	-0.8997	-38.0364	-4.9557	-27.4648	-0.8997	-38.0364
it13	19/02/2018 15:35:13	1.0426	0.1019	Dico paca lentamente	a	-47.3638	-36.1606	-50.8630	-24.4940	-49.0681	-11.4839	-44.9361	-0.5516	-34.0085	6.4985	-21.4107	2.2726	-11.8140	-5.1754	-6.4360	-7.3204	-0.7445	-10.2020	5.0497	-11.8917	10.4812	-12.8542	-38.9261	-38.9004	-3.8602	-39.8850	-6.6687	-30.9228	-3.8602	-39.8850
it13	19/02/2018 15:35:17	0.9393	0.0992	Dico pogo lentamente	O	-45.4600	-36.5471	-49.2609	-24.9592	-50.0552	-12.2303	-48.1659	-0.6948	-39.0167	6.0730	-27.8824	4.3685	-19.5003	-3.6805	-14.4040	-7.2311	-8.6893	-9.4280	-2.6657	-11.5068	2.8621	-13.7032	-39.5161	-41.1382	-0.9714	-39.8270	-5.0169	-30.6678	-0.9714	-39.8270
it13	19/02/2018 15:35:21	0.9089	0.0798	Dico pucu lentamente	u	-46.3410	-38.5837	-49.7658	-27.0376	-52.2278	-15.5118	-49.9959	-5.2902	-44.7892	3.8844	-34.9619	6.4804	-27.0018	0.5767	-22.9169	-4.2843	-17.3061	-7.0499	-12.6491	-10.4826	-9.5655	-15.6949	-39.3369	-42.9824	-1.9905	-36.6185	-5.8739	-28.2612	-1.9905	-36.6185
it13	19/02/2018 15:35:25	0.9029	0.1100	Dico poto lentamente	o	-45.7877	-36.2234	-51.4139	-25.5959	-51.2366	-14.2930	-46.2272	-4.8404	-36.6128	0.3470	-26.2629	-0.5448	-15.9485	-2.3488	-10.5126	-2.6838	-4.2946	-2.5401	2.0305	-1.5184	7.5905	-2.1030	-37.7708	-38.9208	0.5198	-36.1171	-3.5353	-24.9474	0.5198	-36.1171
it13	19/02/2018 15:35:30	1.0018	0.1100	Dico putu lentamente	u	-43.7290	-37.6165	-38.9254	-27.8108	-42.2847	-15.6202	-43.0441	-5.4145	-37.2278	3.3284	-25.4994	5.3031	-15.5895	1.1641	-9.7123	-0.0015	-3.5440	-0.3638	3.1064	-0.5587	9.1004	-0.9890	-41.0151	-42.6524	-0.3454	-38.3008	-3.5851	-25.9531	-0.3454	-38.3008
it13	19/02/2018 15:35:34	1.1143	0.1029	Dico paga lentamente	a	-45.5631	-35.8889	-49.7789	-24.6180	-48.6405	-12.6296	-45.5753	-2.3918	-39.1784	6.2538	-28.9214	6.5653	-20.2192	-0.4685	-16.0486	-4.3396	-10.2755	-6.3304	-5.4484	-8.7713	-0.7560	-12.2514	-40.2621	-40.2358	-1.3238	-39.3643	-4.8477	-29.3876	-1.3238	-39.3643
it13	19/02/2018 15:35:39	1.0597	0.0865	Dico poco lentamente	o	-45.5927	-37.0504	-52.7576	-26.5282	-54.5052	-14.1194	-50.2741	-3.1632	-41.1415	3.6836	-30.2575	2.6974	-22.7912	-5.2170	-16.5132	-8.5838	-9.4540	-10.4535	-3.7492	-12.0848	1.8559	-15.0141	-40.1118	-40.7033	-2.5989	-39.6686	-5.7942	-30.8333	-2.5989	-39.6686
it13	19/02/2018 15:35:43	1.2317	0.1400	Dico pada lentamente	a	-47.0466	-36.9112	-51.5899	-26.1516	-48.1457	-15.4910	-40.9878	-8.1068	-32.3986	-3.7878	-23.0861	-2.0189	-13.1584	-2.7068	-8.4188	-3.8870	-2.8612	-4.4766	2.6957	-4.3068	8.3841	-3.8817	-39.8954	-40.3490	-1.4188	-38.1061	-4.9989	-27.8981	-1.4188	-38.1061
it13	19/02/2018 15:35:47	1.0926	0.1070	Dico pudu lentamente	u	-42.7731	-38.9442	-42.9983	-28.1116	-46.7237	-15.9894	-44.4112	-5.3973	-36.8485	2.7670	-25.8571	2.8195	-15.9525	0.1936	-10.4076	-0.9443	-4.9015	-1.1290	1.5352	-0.6622	7.3559	-1.0871	-40.5842	-44.3841	-0.4272	-38.6295	-3.7873	-26.7513	-0.4272	-38.6295
it13	19/02/2018 15:35:52	0.9763	0.1200	Dico pata lentamente	a	-48.0607	-37.7662	-52.9996	-26.4117	-49.0944	-16.0129	-42.2280	-8.5273	-33.6492	-3.4952	-24.2972	-1.5395	-13.9784	-2.3008	-9.2110	-3.4049	-3.3036	-3.5894	2.3723	-2.8735	8.0420	-2.3907	-39.9121	-39.7248	-1.4180	-36.9824	-5.5881	-27.4925	-1.4180	-36.9824
it13	19/02/2018 15:35:56	0.8919	0.0784	Dico pugu lentamente	u	-46.3761	-38.4218	-48.2139	-26.7440	-51.8448	-14.6747	-50.2218	-3.6215	-44.9146	5.0455	-34.4885	7.7159	-26.4279	0.9102	-22.3049	-4.7493	-16.8128	-8.8469	-11.5161	-11.9787	-8.0449	-16.6660	-41.6209	-43.8254	-7.1073	-35.4361	-7.0515	-27.3326	-7.1073	-35.4361
it13	19/02/2018 15:36:01	0.9668	0.1286	Dico podo lentamente	O	-47.3465	-37.4546	-50.6589	-26.7653	-49.7118	-16.2839	-45.0133	-6.6647	-35.4991	-1.9031	-24.9862	-1.6135	-14.2199	-1.8994	-8.8084	-2.8380	-3.0239	-3.0244	2.6300	-2.2762	8.6527	-2.5214	-41.0181	-41.6688	-0.9794	-37.8235	-4.8271	-27.1525	-0.9794	-37.8235
it13	19/02/2018 15:36:27	1.0788	0.1071	Dico paca lentamente	a	-47.2021	-36.4279	-52.1128	-25.7441	-50.7400	-13.8280	-46.7920	-2.9591	-37.9287	4.6685	-25.4938	4.5568	-16.1368	-2.8906	-10.5961	-5.6960	-4.2355	-8.4245	1.4529	-9.8966	7.7690	-11.3462	-37.9364	-37.5884	-3.6767	-39.6845	-6.1683	-30.4499	-3.6767	-39.6845
it13	19/02/2018 15:36:31	0.9520	0.0979	Dico pogo lentamente	O	-45.5329	-35.5087	-49.2621	-24.0501	-49.4577	-12.6523	-46.9168	-2.2159	-39.3811	5.2829	-28.9976	5.0201	-20.5445	-2.7481	-15.0373	-5.3338	-9.5375	-7.0908	-4.3568	-9.0130	1.6085	-11.2074	-39.5373	-39.5718	-1.6760	-38.3563	-5.4258	-29.0566	-1.6760	-38.3563
it13	19/02/2018 15:36:35	0.9927	0.0943	Dico pucu lentamente	u	-45.4858	-37.6698	-48.7578	-26.1233	-50.4306	-14.6231	-48.3717	-3.3420	-42.5659	6.0706	-31.6418	8.2631	-23.5911	0.2664	-20.3797	-6.1243	-15.5224	-9.9964	-9.9908	-13.2644	-6.1367	-16.8261	-40.4152	-44.2583	-2.8351	-37.6896	-6.6633	-29.7611	-2.8351	-37.6896
it13	19/02/2018 15:36:38	0.9321	0.1116	Dico poto lentamente	o	-47.3377	-37.8586	-51.1373	-27.0021	-50.9042	-15.7160	-45.6307	-5.6002	-35.9926	-0.8859	-24.4694	-2.0613	-14.2516	-3.5695	-8.7739	-4.4642	-3.1838	-4.8368	2.6021	-5.0036	8.6527	-4.7828	-39.7412	-40.6676	-0.9006	-37.1807	-4.8151	-27.0718	-0.9006	-37.1807
it13	19/02/2018 15:36:43	1.0055	0.1031	Dico putu lentamente	u	-44.2700	-38.2031	-41.5996	-27.7026	-44.5975	-16.6754	-44.9435	-6.2245	-37.7775	2.6816	-26.7953	4.2698	-17.3590	-0.8047	-12.0643	-2.7313	-5.7922	-3.2962	0.2185	-1.9963	6.3621	-0.9848	-39.6391	-42.7931	-0.0574	-38.3914	-3.7492	-25.6063	-0.0574	-38.3914
it13	19/02/2018 15:36:47	1.1123	0.1230	Dico paga lentamente	a	-44.9919	-35.3465	-48.6839	-24.0905	-49.0186	-11.9135	-45.7044	-0.6803	-36.9889	6.5641	-24.9788	6.4419	-16.4276	-0.4141	-12.0096	-4.1846	-6.8813	-6.8279	-1.7413	-9.3876	3.5382	-11.9314	-38.5588	-38.7704	-2.6774	-39.0746	-5.7553	-29.8250	-2.6774	-39.0746
it13	19/02/2018 15:36:51	1.0406	0.0868	Dico poco lentamente	O	-45.0027	-34.2495	-52.2047	-24.2822	-53.2821	-11.2094	-47.6601	-0.6921	-37.3937	5.2140	-25.4073	3.2343	-16.1545	-3.0599	-10.8993	-5.8712	-5.0753	-7.8502	0.7653	-9.1916	6.5685	-11.0320	-37.7975	-38.2833	-2.2712	-39.3042	-5.6252	-30.6810	-2.2712	-39.3042
it13	19/02/2018 15:36:56	1.0733	0.1113	Dico pada lentamente	a	-46.7903	-38.0893	-51.5589	-27.4067	-48.6397	-16.3269	-42.0199	-8.3768	-33.4126	-3.5041	-23.6701	-2.2438	-13.5477	-2.9450	-8.7075	-3.3821	-2.6665	-3.1681	2.5711	-2.4959	8.2582	-2.4844	-39.2454	-41.8859	-1.3013	-36.8360	-5.3418	-27.2758	-1.3013	-36.8360
it13	19/02/2018 15:37:00	1.0086	0.1000	Dico pudu lentamente	u	-44.0451	-38.0197	-42.4610	-26.5579	-46.9632	-14.9859	-46.3614	-3.2025	-37.8470	4.1455	-26.0607	5.4127	-15.9055	0.2481	-10.7771	-1.9887	-5.5641	-3.1210	0.6543	-2.8337	6.3891	-2.1039	-39.9486	-41.9910	-0.6319	-38.8020	-4.1044	-26.9284	-0.6319	-38.8020
it13	19/02/2018 15:37:05	1.1050	0.1160	Dico pata lentamente	a	-48.8681	-35.8082	-52.8907	-24.7559	-48.4553	-14.0957	-42.8715	-6.3843	-33.9012	-1.0124	-24.0111	0.2887	-13.6019	-1.1104	-8.3714	-2.1625	-2.2199	-2.5874	3.1724	-2.0658	8.9851	-0.9580	-40.7026	-38.9337	-2.1798	-37.7400	-5.5503	-27.7809	-2.1798	-37.7400
it13	19/02/2018 15:37:09	1.2107	0.0681	Dico pugu lentamente	u	-44.9806	-37.6070	-49.6493	-26.4525	-54.3659	-14.8350	-50.2941	-1.9038	-42.8679	5.1632	-32.3050	6.7719	-22.4440	-1.0704	-18.0326	-5.4303	-12.5120	-8.2580	-7.6869	-11.1242	-3.6020	-15.1800	-40.2644	-43.4779	-2.6100	-38.3183	-5.9665	-27.3514	-2.6100	-38.3183
it13	19/02/2018 15:37:14	1.2925	0.1090	Dico podo lentamente	O	-45.8341	-39.0705	-51.0408	-28.5814	-51.2801	-17.4004	-47.0294	-7.6371	-36.3970	-3.2556	-26.3641	-3.8726	-16.1423	-5.2572	-11.0112	-6.0188	-5.6788	-6.4464	0.9015	-4.7684	6.1816	-4.3845	-39.5144	-43.5146	-1.1293	-38.0939	-5.3503	-27.0232	-1.1293	-38.0939
it13	19/02/2018 15:37:27	1.2815	0.1047	Dico paca lentamente	a	-46.0614	-34.5895	-49.9931	-23.3776	-48.8699	-10.8503	-45.0227	-0.3087	-35.3467	6.7415	-23.5461	4.0337	-14.9683	-2.8452	-9.3781	-5.7772	-3.8821	-8.3527	2.2746	-9.8957	8.2494	-10.5094	-38.2895	-38.3708	-2.7813	-38.7849	-6.0711	-30.1535	-2.7813	-38.7849
it13	19/02/2018 15:37:31	1.0679	0.1053	Dico pogo lentamente	O	-45.5189	-34.5392	-52.2084	-24.1642	-52.3891	-10.9129	-46.9807	-0.4700	-37.6420	6.6310	-25.6654	5.8403	-18.2934	-2.0345	-13.6916	-6.5659	-7.4839	-8.6648	-0.8933	-10.6094	6.3466	-12.6441	-37.7122	-37.8328	-2.4523	-39.7808	-5.6419	-31.2706	-2.4523	-39.7808
it13	19/02/2018 15:37:35	0.9431	0.0899	Dico pucu lentamente	u	-45.3300	-36.7531	-49.1334	-25.2408	-50.7583	-13.2036	-49.4292	-1.5568	-41.5852	6.1982	-31.5142	5.9180	-23.4899	-2.0354	-19.0173	-7.0582	-13.0225	-9.1013	-7.3750	-11.3646	-2.7494	-14.7283	-39.2303	-42.6709	-1.6178	-38.9146	-4.8227	-30.3862	-1.6178	-38.9146
it13	19/02/2018 15:37:39	1.0575	0.1100	Dico poto lentamente	o	-46.0320	-37.6936	-50.9275	-27.9154	-50.9766	-16.0786	-44.8608	-6.9020	-35.3776	-2.4469	-25.1668	-2.6356	-14.8064	-3.9060	-9.7745	-4.6290	-4.3890	-4.7288	1.3633	-4.1403	7.1443	-3.6937	-37.8467	-39.5489	-0.4559	-37.5222	-4.5548	-26.0794	-0.4559	-37.5222
it13	19/02/2018 15:37:43	1.1263	0.1095	Dico putu lentamente	u	-44.2555	-36.9841	-39.3342	-26.7020	-42.0871	-15.1926	-42.8482	-4.4723	-36.8120	3.8692	-24.7715	5.5341	-14.7286	1.2513	-9.3200	-0.1090	-3.1214	-0.3373	2.5748	-0.9464	7.8543	-1.9058	-39.3342	-42.3084	-0.0067	-36.9857	-3.4353	-25.6378	-0.0067	-36.9857
it13	19/02/2018 15:37:47	1.0102	0.1027	Dico paga lentamente	a	-46.2430	-35.2550	-49.7042	-23.6005	-48.2364	-11.5736	-44.4186	-0.6409	-35.9655	7.2727	-24.2807	6.5522	-14.7539	-0.2269	-9.9293	-4.0821	-4.2238	-6.6278	1.4028	-8.3870	7.4208	-8.9589	-39.4598	-38.9218	-3.2263	-39.4686	-6.4811	-30.2810	-3.2263	-39.4686
it13	19/02/2018 15:37:52	1.0327	0.0887	Dico poco lentamente	O	-45.5055	-36.5345	-51.8526	-25.2204	-52.6559	-12.2745	-49.5551	-1.6137	-39.9220	4.9333	-30.3408	3.1628	-21.6407	-4.5487	-16.0136	-7.3322	-10.4375	-9.0934	-5.0517	-10.9122	0.0027	-13.4639	-40.2975	-39.9659	-1.9636	-39.0363	-5.8953	-30.4851	-1.9636	-39.0363
it13	19/02/2018 15:37:56	0.9583	0.1200	Dico pada lentamente	a	-46.8111	-38.2163	-51.9788	-27.5986	-49.9542	-16.1317	-42.6468	-9.1870	-33.4484	-5.1776	-23.9568	-2.9976	-14.0639	-3.0185	-9.0519	-3.6339	-3.4850	-3.6119	1.9259	-2.5296	7.3812	-1.9443	-38.5545	-41.1708	0.0197	-38.0819	-3.1148	-25.8447	0.0197	-38.0819
it13	19/02/2018 15:38:00	0.9390	0.1016	Dico pudu lentamente	u	-45.1802	-37.9230	-47.6921	-26.6947	-49.1507	-15.0592	-45.3007	-3.6605	-37.5188	3.2140	-25.6668	3.6444	-15.4995	0.1774	-9.9856	-1.0391	-4.2595	-1.8106	1.9042	-1.9635	7.6371	-2.2444	-41.1708	-42.8414	-0.2037	-37.6636	-3.9698	-25.9541	-0.2037	-37.6636
it13	19/02/2018 15:38:04	1.0772	0.1100	Dico pata lentamente	a	-48.7173	-36.5776	-52.9708	-25.6500	-48.8842	-15.3966	-42.0174	-8.2844	-32.4098	-4.3291	-22.7969	-2.7355	-12.5239	-2.8724	-7.4970	-3.8963	-1.3596	-4.4303	4.1442	-4.4409	10.5068	-3.8227	-40.1099	-39.2020	-2.2046	-37.8910	-5.9287	-28.5635	-2.2046	-37.8910
it13	19/02/2018 15:38:08	0.9250	0.0771	Dico pugu lentamente	u	-46.2339	-37.4332	-48.7072	-25.9288	-51.1494	-14.3411	-49.3903	-3.5015	-43.6488	5.1941	-33.6133	6.0846	-24.8798	-1.1712	-20.6591	-5.4529	-15.2970	-8.5310	-10.1814	-11.1917	-6.4643	-15.4140	-40.2927	-43.4321	-2.1113	-36.3516	-6.2842	-28.2352	-2.1113	-36.3516
it13	19/02/2018 15:38:12	1.0777	0.1400	Dico podo lentamente	O	-45.4711	-37.3594	-51.2046	-26.7900	-50.9867	-15.0027	-46.2616	-5.2490	-36.5243	-1.2966	-25.8275	-1.1231	-14.9437	-1.8977	-9.9992	-2.6777	-4.3657	-3.3249	1.2889	-2.9405	7.3502	-2.0136	-39.3993	-42.0358	-0.9476	-35.9218	-4.9361	-26.1454	-0.9476	-35.9218
it13	19/02/2018 15:38:24	0.9547	0.0940	Dico paca lentamente	a	-48.6248	-35.2802	-53.1357	-24.3043	-51.2078	-11.3110	-46.0320	-0.9938	-35.7962	6.3719	-23.7093	4.3594	-15.2161	-3.4687	-10.2435	-5.6277	-4.8842	-7.4428	1.8893	-9.2291	7.2508	-10.1098	-38.8657	-38.7609	-3.3398	-38.7840	-6.5076	-29.9473	-3.3398	-38.7840
it13	19/02/2018 15:38:28	0.9212	0.1004	Dico pogo lentamente	O	-44.6031	-36.0377	-47.8319	-24.5572	-49.0206	-12.0116	-46.9108	-0.4955	-37.3607	6.0812	-26.4033	4.0013	-17.9510	-4.2987	-12.6889	-6.9326	-6.8250	-9.5811	-1.2643	-11.6593	4.0920	-13.0774	-38.8961	-40.6921	-2.2975	-39.9927	-5.9155	-31.3554	-2.2975	-39.9927
it13	19/02/2018 15:38:32	0.9235	0.0820	Dico pucu lentamente	u	-46.2060	-37.6456	-50.4126	-25.8348	-53.6149	-13.3937	-50.3600	-1.2414	-42.6932	6.2080	-32.1100	7.0271	-23.5903	-1.1577	-19.5962	-6.9602	-14.2550	-9.6414	-8.3688	-12.6836	-3.5830	-15.8129	-39.5010	-43.9639	-1.5852	-37.9027	-5.2340	-28.9297	-1.5852	-37.9027
it13	19/02/2018 15:38:37	1.1215	0.1077	Dico poto lentamente	o	-43.5421	-36.2744	-48.6894	-25.9066	-49.4710	-14.5332	-44.8051	-4.9238	-35.9972	-0.1959	-25.2731	-0.8041	-15.2513	-3.2135	-10.5103	-4.0742	-5.3017	-4.4474	1.5057	-3.6001	5.8946	-3.2943	-36.4334	-38.6421	-0.5979	-36.0911	-4.5412	-26.2333	-0.5979	-36.0911
it13	19/02/2018 15:38:40	1.0712	0.0894	Dico putu lentamente	u	-44.7603	-36.4983	-52.3494	-25.0765	-55.3006	-12.5172	-48.7137	-4.3198	-39.9577	2.8670	-29.3058	5.9442	-18.5401	0.8484	-13.3025	-1.2982	-7.1750	-2.0489	-0.9241	-1.8269	5.6499	-1.8051	-39.5664	-43.2387	0.0467	-37.8465	-3.8470	-25.0121	0.0467	-37.8465
it13	19/02/2018 15:38:45	1.1544	0.0949	Dico paga lentamente	a	-45.1061	-34.8584	-49.4732	-23.3802	-49.3123	-12.1555	-46.0834	-1.3205	-38.4057	6.7244	-27.4451	6.4835	-18.3808	-0.5674	-13.8991	-4.3369	-8.6879	-7.0128	-3.8223	-9.5040	0.8211	-12.8297	-39.6561	-39.4417	-2.7425	-38.9435	-6.2047	-30.2245	-2.7425	-38.9435
it13	19/02/2018 15:38:49	1.0088	0.0906	Dico poco lentamente	o	-45.3443	-35.7266	-51.8412	-25.2155	-53.6842	-12.6734	-49.9227	-1.9610	-40.1527	4.6633	-29.3647	3.2330	-20.4582	-3.6114	-15.3944	-6.7975	-10.6351	-8.4745	-5.7534	-11.0069	-0.3575	-13.4148	-39.9814	-40.6905	-0.6521	-38.9389	-4.9258	-30.0420	-0.6521	-38.9389
it13	19/02/2018 15:38:53	0.9050	0.1141	Dico pada lentamente	a	-46.7941	-37.5586	-51.2538	-27.2057	-47.7893	-17.1623	-41.6528	-9.2467	-32.5025	-5.0439	-22.7047	-4.1467	-12.6737	-4.1670	-7.2081	-4.7470	-0.6880	-4.4334	4.8859	-3.7542	11.0238	-3.5232	-39.8386	-41.2292	-2.0746	-37.9272	-6.0204	-28.5364	-2.0746	-37.9272
it13	19/02/2018 15:38:57	1.0827	0.0918	Dico pudu lentamente	u	-45.2185	-39.1818	-48.3528	-27.8116	-50.5932	-16.8268	-46.8131	-5.9899	-38.5081	0.8949	-27.8311	1.2340	-17.2368	-2.6931	-12.2403	-3.8151	-6.2404	-4.0352	-0.0862	-2.9907	5.5359	-2.7997	-40.4910	-44.0162	0.0747	-38.2995	-3.5951	-26.1915	0.0747	-38.2995
it13	19/02/2018 15:39:01	0.9366	0.0962	Dico pata lentamente	a	-46.8866	-37.9856	-51.1926	-27.1349	-48.8974	-16.0456	-42.3551	-8.1868	-33.4846	-3.2856	-23.7848	-0.9819	-13.4982	-2.0840	-8.2437	-3.0278	-2.1515	-3.5664	3.6070	-3.3363	9.8305	-2.8255	-39.5246	-40.3745	-1.4165	-37.2783	-5.4149	-27.9024	-1.4165	-37.2783
it13	19/02/2018 15:39:06	1.0295	0.0704	Dico pugu lentamente	u	-47.2602	-38.5999	-49.6212	-27.1205	-52.0849	-15.0976	-50.6643	-3.3594	-44.3348	5.3668	-34.5358	7.5693	-25.2319	1.7737	-19.8664	-2.2871	-14.2786	-5.3290	-9.7770	-8.4099	-6.1374	-13.9728	-40.5329	-42.7831	-0.4564	-37.2597	-5.2083	-29.5802	-0.4564	-37.2597
it13	19/02/2018 15:39:10	1.0481	0.0935	Dico podo lentamente	O	-47.2202	-37.8683	-52.8226	-26.8672	-50.6801	-15.6653	-45.6282	-5.3732	-36.2576	1.1544	-25.2923	-0.3969	-14.8275	-3.4275	-9.3438	-4.4507	-3.8600	-4.4244	2.0159	-3.4283	7.8856	-2.9564	-40.7391	-41.8303	-1.1111	-38.5629	-5.3820	-27.6151	-1.1111	-38.5629
it13	19/02/2018 15:39:25	0.9798	0.0933	Dico paca lentamente	a	-46.1039	-35.0699	-50.4231	-23.6856	-49.9211	-11.6550	-46.0705	-0.7544	-35.8520	6.1542	-23.8067	3.7228	-13.8037	-4.0541	-8.9583	-6.2082	-2.4366	-9.0544	3.2962	-11.1408	8.7821	-11.7453	-38.7270	-38.8878	-3.2742	-39.1162	-6.1959	-30.6629	-3.2742	-39.1162
it13	19/02/2018 15:39:29	0.9637	0.0833	Dico pogo lentamente	O	-45.2565	-36.8077	-50.4609	-25.6938	-51.7382	-13.3484	-50.0508	-1.9392	-42.0768	5.6781	-31.2840	5.3565	-22.6856	-2.5132	-18.0077	-6.8304	-12.3466	-8.9559	-6.7548	-10.8610	-1.4430	-13.6085	-39.5246	-40.5733	-1.6693	-39.1510	-5.7679	-31.3461	-1.6693	-39.1510
it13	19/02/2018 15:39:33	0.9958	0.0771	Dico pucu lentamente	u	-47.2319	-40.9533	-51.5685	-29.4333	-55.5935	-17.3152	-52.9303	-5.1733	-45.0710	4.0209	-34.9274	5.4139	-24.2734	-1.9300	-20.7580	-6.8828	-15.3934	-10.6820	-9.5709	-13.9738	-5.0914	-18.0281	-42.4073	-47.1357	-4.9899	-35.9873	-6.6546	-29.4833	-4.9899	-35.9873
it13	19/02/2018 15:39:37	0.9610	0.1100	Dico poto lentamente	o	-46.6325	-37.5331	-52.4918	-26.3464	-52.4377	-14.3781	-46.9385	-4.4762	-36.6497	0.7346	-25.1274	-0.3274	-13.6459	-2.4540	-8.3333	-3.2882	-1.8175	-3.9795	4.0880	-3.9729	10.0405	-3.3897	-39.7399	-42.0356	-0.6624	-36.8092	-5.0234	-26.4743	-0.6624	-36.8092
it13	19/02/2018 15:39:41	1.0046	0.1040	Dico putu lentamente	u	-45.2706	-37.4997	-45.5649	-26.3196	-47.8840	-15.8334	-45.0551	-5.0338	-37.5427	2.8614	-26.6404	3.6799	-16.8167	-1.0909	-11.3838	-3.0232	-5.3980	-3.6049	0.8928	-2.6280	6.8190	-2.4266	-39.2337	-42.4552	-0.0453	-38.9972	-3.4974	-26.7830	-0.0453	-38.9972
it13	19/02/2018 15:39:45	0.9450	0.0962	Dico paga lentamente	a	-45.4952	-33.8668	-49.3357	-23.2995	-47.5473	-11.7513	-43.2819	-1.8194	-38.0185	6.3200	-27.5418	5.6955	-19.0829	-1.2921	-14.4515	-4.1704	-9.2650	-6.5121	-4.7575	-8.8537	-1.1834	-12.1041	-39.7734	-39.4862	-3.9890	-38.2826	-6.9723	-29.5344	-3.9890	-38.2826
it13	19/02/2018 15:39:50	1.1468	0.0767	Dico poco lentamente	o	-44.6157	-34.4226	-51.4106	-22.7458	-53.3499	-10.2078	-48.0249	1.0455	-36.5737	6.0523	-24.4351	2.1605	-14.9062	-5.7754	-9.1564	-7.1569	-2.7808	-9.2097	3.1539	-10.6205	10.1595	-10.3039	-36.8445	-38.7833	-3.1092	-39.0623	-6.7276	-30.2521	-3.1092	-39.0623
it13	19/02/2018 15:39:54	1.0230	0.1152	Dico pada lentamente	a	-47.8230	-38.7482	-53.5250	-27.6951	-50.6512	-16.7814	-43.5334	-9.0518	-33.9210	-4.7547	-24.0199	-3.0905	-13.7561	-3.5099	-8.9049	-4.3231	-2.8602	-5.1337	3.0443	-5.2401	8.8649	-4.2162	-40.8633	-41.8296	-2.4033	-36.6063	-6.8052	-27.7387	-2.4033	-36.6063
it13	19/02/2018 15:39:58	1.0338	0.0996	Dico pudu lentamente	u	-43.6445	-39.3106	-43.7457	-28.1977	-45.0557	-16.5175	-44.1717	-5.3051	-36.4661	2.8243	-24.6593	3.0172	-14.1439	-0.9953	-8.6824	-2.0381	-2.3537	-2.3747	3.8674	-2.5224	10.1332	-3.1061	-40.3190	-43.7205	0.7467	-37.6857	-3.3218	-26.1341	0.7467	-37.6857
it13	19/02/2018 15:40:02	0.9826	0.1071	Dico pata lentamente	a	-46.7998	-35.9104	-51.2988	-24.8087	-47.9192	-13.1265	-41.8056	-4.8789	-32.6118	0.6275	-21.7063	1.3759	-10.5990	-0.0813	-5.2686	-1.1227	0.8399	-1.6702	6.0044	-2.1560	12.1452	-3.3321	-39.9335	-39.7286	-3.2294	-37.4217	-6.5326	-28.0144	-3.2294	-37.4217
it13	19/02/2018 15:40:06	1.0222	0.0918	Dico pugu lentamente	u	-46.2730	-37.7732	-48.8847	-26.3662	-51.4001	-14.7907	-49.3042	-4.1761	-43.2775	4.9775	-32.3122	6.0871	-24.2705	-1.5954	-20.4036	-6.5209	-14.9847	-9.0279	-9.5897	-11.3335	-5.3620	-15.3032	-40.4993	-42.5979	-1.8877	-38.0603	-6.6135	-28.5446	-1.8877	-38.0603
it13	19/02/2018 15:40:10	0.9918	0.1102	Dico podo lentamente	O	-116.5913	2.5873	-116.6628	3.1109	-116.7343	3.7852	-117.3512	0.7745	-116.6611	0.2022	-117.4795	1.5078	-117.7211	1.4173	-116.1433	0.8871	-116.0143	2.3582	-116.2271	3.1615	-116.9653	2.4603	-118.3940	2.4611	-116.8189	3.3233	-117.2313	2.4146	-116.8189	3.3233
pl06	21/02/2018 14:57:17	1.7060	0.0573	Mowie poto teraz	O	-73.4499	-77.1569	-80.1673	-64.0721	-79.7235	-50.2420	-76.2014	-37.9315	-68.6977	-29.8530	-58.7461	-26.1198	-48.1762	-25.8545	-42.5902	-27.2403	-38.0066	-29.6969	-32.9471	-31.3231	-27.6940	-32.8161	-60.5683	-82.4231	-26.7479	-75.0446	-32.2782	-64.1109	-26.7479	-75.0446
pl06	21/02/2018 14:57:21	1.5618	0.0872	Mowie pugu teraz	u	-71.9467	-74.4238	-75.9926	-58.4562	-77.9031	-43.3778	-77.0601	-29.0457	-70.3487	-19.4060	-60.3652	-15.3563	-48.0354	-16.4202	-42.7444	-19.7637	-38.1958	-23.1911	-35.4808	-27.5402	-32.2081	-31.2007	-59.7712	-83.1925	-25.6775	-76.5804	-31.1292	-64.7833	-25.6775	-76.5804
pl06	21/02/2018 14:57:25	0.8686	0.0755	Mowie poko teraz	O	-74.6879	-72.8606	-79.9929	-58.1455	-79.5672	-44.2963	-76.9134	-30.2581	-69.6204	-20.4373	-59.8071	-15.8715	-47.9106	-17.3072	-41.6896	-19.9786	-37.5591	-23.6346	-34.3882	-27.6104	-30.9003	-32.6468	-60.2073	-80.0081	-26.3838	-76.4962	-31.4097	-64.1590	-26.3838	-76.4962
pl06	21/02/2018 14:57:30	1.3032	0.0609	Mowie putu teraz	u	-70.2278	-75.6980	-75.5208	-61.7700	-78.0056	-46.5217	-76.8748	-31.9237	-68.9735	-23.2555	-59.4036	-20.0886	-47.8740	-22.2722	-42.6151	-25.0372	-38.1134	-28.1711	-32.7424	-31.0912	-27.5289	-33.0225	-58.3028	-83.2214	-26.5490	-75.1430	-32.3983	-63.6779	-26.5490	-75.1430
pl06	21/02/2018 14:57:34	1.7453	0.0640	Mowie podo teraz	O	-74.3214	-76.9879	-80.9240	-63.8786	-81.9984	-48.5299	-78.0787	-36.4384	-69.3806	-30.5680	-59.0820	-26.9538	-48.8484	-27.2559	-43.3458	-28.4644	-38.4953	-30.0791	-32.8861	-30.8449	-27.8603	-31.6549	-60.4838	-82.3036	-27.0981	-74.5957	-32.6304	-63.5984	-27.0981	-74.5957
pl06	21/02/2018 14:57:39	1.7830	0.0727	Mowie pata teraz	a	-73.7072	-77.7417	-79.7030	-64.3829	-78.5721	-50.6764	-73.7186	-38.8277	-65.3731	-31.3863	-56.5035	-27.4212	-46.8980	-26.4628	-42.0905	-27.5423	-38.5283	-29.9423	-33.8700	-31.4909	-29.3167	-33.4494	-60.6928	-83.2370	-27.3308	-74.9616	-32.9572	-63.9703	-27.3308	-74.9616
pl06	21/02/2018 14:57:43	1.7189	0.0764	Mowie pogo teraz	O	-75.0077	-74.1068	-80.1035	-58.6090	-78.5453	-44.2264	-75.4457	-29.8322	-67.9824	-20.5339	-58.0616	-15.5613	-46.3199	-16.7398	-39.8794	-19.4134	-35.5340	-22.9163	-32.0265	-25.8462	-28.7197	-30.7854	-60.6322	-80.7982	-26.0813	-76.7250	-31.7197	-64.3508	-26.0813	-76.7250
pl06	21/02/2018 14:57:48	1.5500	0.0473	Mowie puku teraz	u	-72.2480	-75.9046	-78.4669	-59.8780	-80.4219	-44.5825	-78.9910	-29.2143	-70.9760	-20.3019	-60.8616	-16.0294	-48.8863	-17.6361	-42.8025	-20.8052	-38.2103	-24.5663	-34.4437	-27.7684	-30.4221	-30.4782	-59.9560	-82.7832	-26.0488	-76.9548	-31.6426	-64.2925	-26.0488	-76.9548
pl06	21/02/2018 14:57:52	1.7692	0.0837	Mowie pada teraz	a	-74.0066	-76.5502	-78.8930	-62.9732	-78.9136	-49.4033	-74.4698	-37.0662	-65.6338	-29.9872	-56.2984	-25.9901	-46.3854	-24.9099	-41.7037	-25.9946	-37.5526	-28.4635	-33.1082	-29.8567	-28.9014	-31.5005	-60.9525	-83.0084	-27.2403	-75.0297	-33.0239	-63.3690	-27.2403	-75.0297
pl06	21/02/2018 14:57:57	1.7605	0.0782	Mowie paka teraz	a	-74.5360	-73.7553	-79.3570	-58.9270	-77.9700	-44.3964	-74.8997	-30.7225	-67.9708	-21.1555	-57.8309	-15.7166	-46.9312	-16.5830	-40.7265	-18.0601	-36.1367	-19.9363	-32.2856	-22.0869	-27.8455	-20.1760	-60.8440	-80.3671	-26.3349	-76.6585	-32.2014	-64.5494	-26.3349	-76.6585
pl06	21/02/2018 14:58:01	1.6831	0.0600	Mowie pudu teraz	u	-69.7635	-75.7226	-73.9275	-61.3591	-77.2827	-45.3562	-77.0838	-31.4116	-69.0983	-23.1858	-59.3002	-18.8153	-48.2604	-21.6564	-42.8340	-24.5538	-37.9407	-27.8498	-32.6156	-30.3822	-27.4500	-32.3545	-58.5336	-84.1684	-26.4622	-75.0682	-32.4083	-63.0345	-26.4622	-75.0682
pl06	21/02/2018 14:58:06	1.6701	0.0928	Mowie paga teraz	a	-75.3362	-73.3074	-79.0015	-58.2613	-77.3068	-43.1841	-74.5345	-28.7971	-66.9901	-19.7990	-57.4538	-13.8932	-46.7439	-14.0186	-40.9603	-16.2677	-36.4258	-17.8131	-32.4710	-19.4621	-28.2022	-19.8441	-61.0323	-80.5898	-26.4849	-76.4198	-32.4405	-63.5087	-26.4849	-76.4198
pl06	21/02/2018 14:58:25	1.9200	0.0579	Mowie poto teraz	O	-73.9975	-76.1552	-80.1191	-63.1839	-80.6610	-49.5277	-75.6824	-36.6844	-67.4546	-29.8496	-58.2929	-25.7862	-48.2727	-25.5117	-43.2324	-26.7650	-38.8333	-28.4620	-33.2287	-29.6470	-27.7875	-30.4448	-60.6133	-82.0963	-26.8118	-74.4514	-32.3618	-63.7067	-26.8118	-74.4514
pl06	21/02/2018 14:58:30	1.8570	0.0518	Mowie pugu teraz	u	-73.0151	-73.5681	-77.8804	-58.0692	-79.6978	-43.1013	-78.4065	-27.8734	-70.4318	-19.5147	-59.9412	-15.2271	-48.7661	-17.1488	-42.5407	-18.9482	-37.4476	-22.6709	-34.4693	-26.1119	-30.3977	-31.0235	-60.6338	-81.9798	-26.3048	-76.5997	-31.6333	-64.0691	-26.3048	-76.5997
pl06	21/02/2018 14:58:34	1.5975	0.0764	Mowie poko teraz	O	-73.9261	-73.3664	-79.2167	-59.2645	-78.0509	-45.5196	-75.7114	-32.3816	-69.1518	-21.7939	-59.8944	-16.9952	-47.6787	-16.9069	-41.9354	-19.6299	-37.4460	-22.2747	-34.7648	-26.9365	-31.5016	-30.7519	-60.9408	-80.6454	-26.8913	-76.2409	-32.8177	-63.7594	-26.8913	-76.2409
pl06	21/02/2018 14:58:39	1.6106	0.0573	Mowie putu teraz	u	-70.4447	-75.0789	-74.9816	-60.7847	-77.4609	-45.5888	-76.4913	-31.8016	-69.0526	-23.1541	-59.1168	-18.5639	-47.8782	-19.8748	-42.6139	-22.6875	-37.7188	-26.0672	-32.2353	-28.6308	-27.0910	-30.8568	-58.6324	-82.8099	-27.0825	-75.2391	-32.8717	-63.6532	-27.0825	-75.2391
pl06	21/02/2018 14:58:43	1.6890	0.0728	Mowie podo teraz	O	-72.8857	-77.0221	-80.0349	-64.2914	-81.4245	-49.9075	-77.6927	-36.9748	-69.6344	-29.6275	-59.3154	-25.9242	-48.2802	-26.3609	-42.9575	-27.7480	-38.1663	-29.2585	-32.3003	-30.6426	-27.3992	-31.2512	-59.9474	-81.9503	-26.8325	-74.7792	-32.4857	-63.8652	-26.8325	-74.7792
pl06	21/02/2018 14:58:48	1.4657	0.0737	Mowie pata teraz	a	-73.9961	-77.2622	-79.9599	-64.2713	-79.7832	-50.9102	-74.5310	-39.6302	-66.4775	-31.6632	-57.6715	-26.7317	-47.4997	-25.8311	-42.7964	-27.2166	-38.6111	-29.6702	-33.9414	-31.0913	-29.2014	-32.7646	-60.4892	-82.1347	-27.8260	-75.1596	-33.3661	-64.3037	-27.8260	-75.1596
pl06	21/02/2018 14:58:52	1.5462	0.0746	Mowie pogo teraz	O	-75.1882	-74.3086	-80.3918	-59.2871	-79.9653	-45.7790	-76.8881	-31.0371	-70.6430	-20.1621	-60.7712	-14.8222	-49.3632	-15.8708	-43.7450	-17.8742	-38.2901	-19.2658	-33.8584	-21.3010	-29.3093	-24.7547	-61.6235	-81.4401	-26.7986	-76.5820	-32.3660	-64.1270	-26.7986	-76.5820
pl06	21/02/2018 14:58:58	1.3696	0.0664	Mowie puku teraz	u	-73.8817	-76.9646	-79.3190	-61.5127	-81.2448	-46.4095	-79.5745	-31.6132	-71.9364	-21.9345	-60.9919	-17.9525	-48.9266	-19.8831	-43.3188	-23.5234	-38.8915	-28.0768	-34.6655	-32.7811	-31.3511	-37.8770	-60.7122	-82.4550	-25.9831	-76.8366	-31.4388	-65.4918	-25.9831	-76.8366
pl06	21/02/2018 14:59:03	1.8271	0.0900	Mowie pada teraz	a	-74.3440	-77.2436	-79.4190	-64.2044	-78.5541	-50.7522	-73.7113	-40.5456	-66.5393	-32.1680	-58.4802	-27.1291	-48.6283	-25.3920	-43.4721	-27.0485	-38.9229	-29.6889	-34.4415	-31.6271	-29.8794	-33.1242	-60.4659	-82.3428	-28.3753	-75.1952	-33.7172	-64.7751	-28.3753	-75.1952
pl06	21/02/2018 14:59:07	1.5353	0.0936	Mowie paka teraz	a	-74.4471	-74.5703	-79.2365	-59.5933	-79.5295	-45.1232	-75.8319	-31.8176	-68.4561	-22.1254	-59.5755	-16.6164	-48.2525	-16.7633	-42.9516	-19.4402	-38.5147	-23.2327	-34.8922	-27.7988	-31.6367	-32.6001	-61.2557	-80.3306	-27.0305	-76.4042	-32.8452	-63.8642	-27.0305	-76.4042
pl06	21/02/2018 14:59:12	1.9614	0.0564	Mowie pudu teraz	u	-69.8410	-75.8802	-72.6525	-60.9422	-76.3416	-45.8875	-76.7842	-32.3853	-68.7293	-23.4089	-58.9314	-19.4051	-47.8409	-21.7523	-42.5390	-24.6081	-37.6409	-27.6324	-32.5836	-30.4903	-27.3667	-32.5400	-59.3446	-84.4988	-26.2913	-74.7486	-32.0968	-63.2670	-26.2913	-74.7486
pl06	21/02/2018 14:59:17	1.6597	0.0777	Mowie paga teraz	a	-73.8456	-73.8921	-77.7933	-59.0896	-77.1841	-44.4914	-75.1419	-30.6947	-68.4349	-21.2479	-59.1960	-15.6205	-48.2120	-16.9134	-42.3236	-19.7625	-37.3412	-22.9547	-33.8202	-27.6706	-30.0398	-31.7035	-61.2021	-81.0476	-26.4540	-76.8043	-32.0674	-64.2541	-26.4540	-76.8043
pl06	21/02/2018 14:59:30	1.8288	0.0582	Mowie poto teraz	O	-73.3774	-76.8399	-80.2972	-64.0199	-80.7868	-49.7685	-75.7203	-37.7274	-67.1920	-31.0166	-57.3534	-26.8409	-47.3495	-26.2896	-42.1204	-27.2561	-37.7738	-29.1612	-32.2845	-30.9539	-26.7328	-31.6117	-60.8202	-81.5476	-26.8957	-74.5851	-32.4037	-63.7434	-26.8957	-74.5851
pl06	21/02/2018 14:59:35	1.9801	0.0618	Mowie pugu teraz	u	-71.6429	-74.3975	-77.3616	-59.1297	-78.1888	-43.5586	-76.3562	-28.3128	-69.4007	-19.7034	-60.3607	-15.2972	-48.8422	-18.0999	-42.7177	-21.7985	-38.2442	-25.9067	-34.2191	-29.1507	-29.9633	-33.4724	-59.8280	-82.2604	-25.4000	-76.7211	-30.6498	-64.7107	-25.4000	-76.7211
pl06	21/02/2018 14:59:39	1.6800	0.0655	Mowie poko teraz	O	-74.8128	-74.0745	-79.3103	-59.3687	-79.1818	-44.9807	-76.6392	-31.3779	-69.1651	-21.4313	-59.7029	-16.8070	-47.9039	-17.5059	-42.2887	-20.0862	-37.3898	-22.7831	-34.7892	-26.2101	-31.5592	-29.8649	-61.1398	-81.7547	-26.3474	-76.7990	-32.0264	-64.3960	-26.3474	-76.7990
pl06	21/02/2018 14:59:44	1.7881	0.0691	Mowie putu teraz	u	-69.6227	-74.6928	-73.3677	-59.9319	-76.5406	-44.5579	-76.0189	-30.3548	-68.3368	-21.7294	-57.9108	-17.6067	-46.9012	-21.0856	-41.8111	-24.6952	-37.0679	-27.4283	-31.7515	-29.7535	-25.8122	-31.2441	-58.8250	-83.4063	-25.9684	-74.7274	-31.4558	-63.4429	-25.9684	-74.7274
pl06	21/02/2018 14:59:49	1.6597	0.0927	Mowie podo teraz	O	-72.8238	-77.3046	-79.5668	-63.9704	-80.1567	-50.1576	-76.0530	-36.7628	-67.7305	-29.4800	-57.4320	-25.7743	-47.1496	-26.8409	-42.3658	-28.2538	-37.1342	-29.8079	-31.4176	-30.4584	-25.8351	-30.3385	-60.2512	-83.2768	-26.3594	-74.5017	-32.1151	-63.3711	-26.3594	-74.5017
pl06	21/02/2018 14:59:53	1.7586	0.0837	Mowie pata teraz	a	-74.0260	-77.3028	-79.4917	-64.0926	-78.4537	-50.8350	-73.9301	-39.4653	-66.2182	-30.9229	-56.9940	-26.7442	-46.8848	-26.3269	-42.0537	-27.8315	-37.7326	-30.5362	-32.7083	-32.2763	-27.4139	-33.0575	-61.6765	-83.0471	-27.1001	-75.0138	-32.9248	-64.0030	-27.1001	-75.0138
pl06	21/02/2018 14:59:57	1.7402	0.0891	Mowie pogo teraz	O	-74.2371	-75.0307	-79.0440	-59.9815	-78.9016	-46.1828	-76.8097	-31.9146	-70.2769	-22.3768	-61.1480	-16.6925	-48.9437	-15.4674	-42.7250	-17.1581	-36.8862	-19.3781	-32.0030	-22.7784	-29.4089	-27.9969	-61.8824	-80.7257	-26.4744	-76.3659	-32.6356	-63.9026	-26.4744	-76.3659
pl06	21/02/2018 15:00:02	1.7620	0.0764	Mowie puku teraz	u	-72.6186	-76.9175	-78.6503	-61.8143	-80.1917	-47.3566	-78.2981	-32.4611	-71.8443	-22.8031	-61.2729	-18.7330	-49.5979	-20.2317	-43.7835	-23.1026	-39.4622	-26.7809	-35.1011	-30.5677	-31.5197	-36.9652	-60.9478	-83.3822	-25.5538	-77.5155	-31.0099	-65.2753	-25.5538	-77.5155
pl06	21/02/2018 15:00:06	1.7615	0.0891	Mowie pada teraz	a	-74.3076	-76.8251	-78.3757	-63.5791	-77.6473	-50.5104	-73.6604	-38.8876	-66.0169	-30.9778	-57.4618	-25.9781	-47.2008	-24.2650	-42.5366	-26.2409	-38.4013	-29.0941	-34.0166	-30.8973	-29.4984	-32.3736	-60.6282	-82.0815	-28.3073	-75.4239	-33.5702	-64.9617	-28.3073	-75.4239
pl06	21/02/2018 15:00:11	1.8677	0.0878	Mowie paka teraz	a	-74.4140	-73.6408	-79.1176	-59.3909	-77.4583	-46.0701	-73.8957	-32.1019	-66.4031	-24.0540	-57.6251	-15.9967	-47.0421	-16.0947	-41.0133	-18.6424	-35.9945	-21.9217	-32.9766	-24.9537	-28.7987	-28.1760	-61.4000	-80.0681	-26.7092	-76.5466	-32.5159	-64.0824	-26.7092	-76.5466
pl06	21/02/2018 15:00:15	1.6854	0.0600	Mowie pudu teraz	u	-69.6000	-76.3128	-73.0385	-61.6615	-75.3627	-46.7683	-75.4131	-32.7010	-68.9830	-23.7797	-58.0147	-19.9592	-47.1420	-21.8927	-42.2535	-25.8156	-37.4774	-28.8394	-32.0115	-31.3158	-26.6745	-32.9820	-59.5624	-84.6125	-26.0042	-74.7682	-31.6356	-63.2932	-26.0042	-74.7682
pl06	21/02/2018 15:00:19	1.5610	0.0800	Mowie paga teraz	a	-74.3898	-74.3454	-77.6752	-59.4915	-76.0747	-44.4924	-73.3304	-30.6755	-67.2545	-21.7190	-57.2872	-14.3001	-46.8092	-15.0262	-40.9856	-18.0214	-36.6495	-19.5447	-32.8799	-22.3296	-29.1631	-27.6967	-60.9307	-81.3585	-26.6585	-76.4359	-32.0402	-64.3997	-26.6585	-76.4359
pl06	21/02/2018 15:00:34	1.9956	0.0599	Mowie poto teraz	O	-74.1134	-77.2205	-80.6010	-64.0504	-81.4249	-49.7160	-76.6681	-37.4971	-67.4810	-31.5835	-57.6063	-27.2994	-47.3805	-27.1361	-42.3226	-28.5292	-37.4277	-29.9295	-32.1851	-31.4191	-26.9889	-31.8595	-61.1348	-82.2936	-26.9540	-74.7119	-32.2740	-64.2430	-26.9540	-74.7119
pl06	21/02/2018 15:00:38	1.8983	0.0782	Mowie pugu teraz	u	-72.6140	-73.6234	-77.3852	-58.4291	-78.8391	-42.5765	-77.5690	-27.8873	-70.6755	-18.8005	-60.2705	-13.6713	-48.8047	-15.6349	-42.3305	-18.4109	-37.3706	-23.0406	-34.0380	-26.9461	-30.0167	-30.5621	-60.5923	-81.5423	-26.0792	-76.7138	-31.5614	-64.2083	-26.0792	-76.7138
pl06	21/02/2018 15:00:43	1.8018	0.0898	Mowie poko teraz	O	-73.9842	-74.7876	-79.7174	-60.2854	-80.5975	-45.5677	-76.3172	-31.1942	-68.3427	-20.9835	-58.4030	-15.1559	-46.9611	-15.0155	-40.7496	-18.5214	-35.9553	-23.3921	-32.6639	-27.9476	-29.2552	-32.0714	-61.6850	-80.4974	-26.9488	-76.3309	-32.4723	-64.2107	-26.9488	-76.3309
pl06	21/02/2018 15:00:47	1.6228	0.0764	Mowie putu teraz	u	-70.6422	-75.8945	-75.2091	-61.5316	-76.1435	-46.0662	-74.3728	-31.1964	-67.2975	-23.2370	-57.0195	-19.4153	-44.9828	-22.2285	-40.8558	-25.9290	-35.6574	-28.1005	-30.3811	-29.8913	-24.7950	-30.7271	-58.4776	-82.9312	-26.6645	-75.1768	-32.3234	-63.3900	-26.6645	-75.1768
pl06	21/02/2018 15:00:51	1.6249	0.0546	Mowie podo teraz	O	-73.5237	-76.9124	-80.6741	-64.4325	-82.4181	-49.8023	-78.7146	-36.9545	-69.4240	-30.9822	-59.3973	-26.7385	-48.6457	-26.8169	-43.1865	-27.7460	-38.9177	-29.2270	-33.2859	-31.1548	-28.0790	-32.3891	-60.2669	-81.9900	-26.8508	-74.5775	-32.4602	-63.8249	-26.8508	-74.5775
pl06	21/02/2018 15:00:56	1.7608	0.0891	Mowie pata teraz	a	-73.8183	-76.9938	-79.5518	-64.0728	-79.6465	-50.7461	-74.5985	-39.3427	-67.3266	-31.7287	-58.5342	-27.0959	-49.1337	-25.6829	-44.3404	-27.0068	-39.8709	-29.1822	-35.6084	-30.9970	-30.5911	-32.4107	-61.0925	-82.3818	-28.1772	-74.8843	-33.8809	-64.3553	-28.1772	-74.8843
pl06	21/02/2018 15:01:00	1.7609	0.0689	Mowie pogo teraz	O	-75.6804	-74.8327	-80.4837	-59.5825	-79.0800	-45.0050	-75.7355	-30.5250	-68.5816	-20.6848	-59.1065	-13.1429	-48.4715	-13.9736	-42.7214	-16.7118	-37.8570	-19.3321	-32.9366	-22.3042	-29.2870	-26.4120	-61.7689	-81.6657	-27.7326	-75.9571	-33.7514	-63.2964	-27.7326	-75.9571
pl06	21/02/2018 15:01:05	1.7040	0.0584	Mowie puku teraz	u	-73.9290	-75.9091	-79.2595	-60.4890	-79.8601	-46.0438	-77.3480	-31.5791	-70.5992	-21.3629	-61.0263	-15.8467	-48.8724	-17.7643	-43.0031	-21.1957	-38.5569	-24.8224	-34.7831	-28.5723	-31.0815	-32.5841	-61.0940	-81.9330	-26.4652	-77.0122	-32.0204	-64.5498	-26.4652	-77.0122
pl06	21/02/2018 15:01:09	1.6979	0.0873	Mowie pada teraz	a	-73.1612	-76.9811	-78.9820	-63.8367	-78.8576	-50.2499	-74.3085	-38.8773	-66.4557	-30.6331	-57.7378	-25.5165	-47.4617	-24.4836	-42.6492	-26.1911	-38.3934	-28.6572	-33.9931	-30.6058	-28.9714	-31.7266	-60.5075	-82.2877	-27.5179	-74.5640	-32.9417	-63.4481	-27.5179	-74.5640
pl06	21/02/2018 15:01:13	1.4743	0.0891	Mowie paka teraz	a	-76.2848	-72.4052	-80.5605	-57.1198	-80.0054	-42.5991	-75.7603	-28.1185	-67.5727	-19.7127	-57.4411	-12.1715	-48.0878	-12.9750	-43.3470	-15.1329	-38.2129	-17.5632	-33.9679	-19.2418	-30.4566	-21.0006	-62.2506	-78.8314	-27.2289	-75.8842	-32.9644	-62.9593	-27.2289	-75.8842
pl06	21/02/2018 15:01:17	1.2997	0.0655	Mowie pudu teraz	u	-70.4028	-76.1546	-74.9943	-62.0298	-77.7904	-46.9817	-76.7365	-32.9847	-69.2545	-24.3983	-59.4674	-19.8207	-48.0500	-21.5241	-42.6475	-24.1959	-37.8854	-27.4131	-32.3239	-30.6415	-27.0397	-33.1076	-59.2733	-83.0041	-26.4568	-74.7281	-32.0910	-63.2048	-26.4568	-74.7281
pl06	21/02/2018 15:01:21	1.4013	0.0691	Mowie paga teraz	a	-74.0417	-75.1429	-77.1371	-59.7766	-76.5326	-44.6275	-74.7984	-30.3465	-68.2474	-21.1918	-59.6391	-15.1143	-48.9431	-13.1790	-43.9720	-14.7600	-38.1091	-16.4574	-33.7057	-19.1927	-29.1543	-25.4522	-61.3704	-80.7799	-26.7431	-76.1332	-32.7155	-63.3783	-26.7431	-76.1332
pl06	21/02/2018 15:01:36	1.8492	0.0691	Mowie poto teraz	O	-73.7423	-76.5456	-79.7663	-63.4289	-80.2302	-49.6984	-76.7867	-37.0411	-68.2475	-30.7315	-58.8694	-26.3687	-48.9202	-25.1632	-43.3748	-26.3457	-38.8603	-28.4131	-33.4218	-29.9365	-27.8950	-30.8092	-60.9536	-81.8615	-26.8515	-74.7149	-32.4035	-63.9624	-26.8515	-74.7149
pl06	21/02/2018 15:01:41	1.7738	0.0546	Mowie pugu teraz	u	-73.2931	-77.1750	-79.4254	-62.1024	-81.5331	-46.4866	-80.2772	-32.4351	-73.2089	-22.7970	-63.1084	-18.0170	-51.8132	-19.9654	-46.5712	-23.4824	-41.6534	-27.4914	-37.2819	-31.9649	-33.3985	-37.9784	-61.0779	-83.4836	-26.5107	-77.1033	-31.8270	-65.1211	-26.5107	-77.1033
pl06	21/02/2018 15:01:46	1.5340	0.0804	Mowie poko teraz	O	-75.5339	-73.4268	-79.9052	-58.1074	-78.5108	-44.1420	-76.1981	-30.3272	-69.4231	-20.8326	-60.5421	-15.0119	-49.0589	-14.2830	-43.8563	-15.5953	-38.1645	-17.4015	-33.4326	-19.7255	-29.4455	-20.6216	-62.2010	-78.8120	-27.4654	-75.7195	-33.9109	-62.5761	-27.4654	-75.7195
pl06	21/02/2018 15:01:50	1.5991	0.0900	Mowie putu teraz	u	-69.5648	-75.3948	-73.4600	-60.9027	-76.4211	-45.3360	-74.9766	-31.5789	-66.5856	-23.7074	-56.7582	-18.9120	-45.5038	-20.1102	-40.6741	-22.9252	-36.1110	-25.8465	-30.8738	-28.7301	-25.4312	-30.4513	-58.6364	-83.0901	-26.3906	-74.5538	-32.2676	-62.9524	-26.3906	-74.5538
pl06	21/02/2018 15:01:55	1.4063	0.0546	Mowie podo teraz	O	-73.3863	-76.1741	-79.6704	-62.9998	-81.1287	-48.7657	-77.2552	-35.8644	-69.7393	-28.7740	-59.5732	-25.3363	-49.1744	-25.1564	-43.5279	-26.7526	-39.3910	-28.9448	-33.8821	-31.4346	-28.9278	-34.2415	-60.9339	-81.4412	-26.8986	-74.4906	-32.6317	-63.0761	-26.8986	-74.4906
pl06	21/02/2018 15:01:59	1.2933	0.0711	Mowie pata teraz	a	-73.2610	-75.9213	-78.6357	-63.4162	-78.0585	-50.4551	-74.2891	-38.7237	-67.0799	-30.5602	-58.4835	-25.5454	-48.2324	-23.2264	-42.7453	-24.7306	-38.6257	-27.3405	-33.4381	-30.1924	-28.6417	-32.3021	-61.2916	-81.7757	-27.2671	-74.6781	-32.9731	-63.8311	-27.2671	-74.6781
pl06	21/02/2018 15:02:03	1.4249	0.0663	Mowie pogo teraz	O	-74.0657	-74.4371	-78.5811	-59.2445	-78.6988	-45.0978	-76.4200	-31.3444	-69.8898	-21.2859	-60.2188	-15.9356	-48.7358	-16.7180	-43.1017	-18.8080	-38.3256	-23.0148	-34.9318	-27.4692	-31.1465	-31.8801	-60.5685	-80.9280	-26.6019	-76.6292	-32.4626	-64.3531	-26.6019	-76.6292
pl06	21/02/2018 15:02:07	1.6661	0.0800	Mowie puku teraz	u	-73.1284	-75.1370	-78.2030	-59.1522	-77.8530	-44.0934	-76.6578	-29.7108	-70.1478	-20.2948	-60.5514	-15.0806	-49.7330	-17.0696	-43.2781	-20.4262	-38.6774	-24.9757	-35.3795	-29.1212	-31.7006	-32.9614	-61.3290	-82.3857	-26.9561	-76.6781	-32.6267	-64.2498	-26.9561	-76.6781
pl06	21/02/2018 15:02:12	1.7702	0.0709	Mowie pada teraz	a	-73.7404	-75.5411	-79.2112	-63.0420	-79.2150	-49.9631	-75.3475	-38.4453	-68.0830	-30.2362	-58.8560	-24.8323	-49.1261	-23.6669	-43.5828	-24.7030	-39.1645	-27.2068	-34.0698	-29.6992	-28.5574	-32.0776	-60.8645	-82.0290	-27.5307	-74.3820	-33.0452	-63.2227	-27.5307	-74.3820
pl06	21/02/2018 15:02:17	2.0386	0.0782	Mowie paka teraz	a	-74.8188	-73.8504	-79.5085	-60.0326	-78.9794	-46.3350	-75.7238	-33.6571	-68.9675	-23.9201	-59.8295	-17.9580	-48.5004	-16.3784	-41.8026	-18.3716	-36.7014	-21.0216	-32.5799	-24.5472	-28.8468	-27.8803	-61.2297	-79.9844	-26.9521	-76.3674	-32.8400	-63.9797	-26.9521	-76.3674
pl06	21/02/2018 15:02:21	1.6292	0.0782	Mowie pudu teraz	u	-69.9012	-75.5201	-74.1290	-61.5203	-78.5018	-46.0781	-76.8976	-32.7519	-68.7373	-24.2544	-59.1153	-19.6419	-47.8508	-21.1375	-42.9548	-23.9192	-38.0254	-27.0703	-32.4793	-29.5903	-27.0888	-31.0168	-59.7772	-84.1638	-26.7793	-74.9088	-32.7465	-63.5380	-26.7793	-74.9088
pl06	21/02/2018 15:02:26	1.7354	0.0928	Mowie paga teraz	a	-74.3531	-73.8242	-77.8631	-58.9462	-77.2292	-45.0111	-74.9394	-31.7866	-68.8424	-22.5290	-59.9164	-16.3928	-48.7018	-15.1601	-42.9219	-16.7893	-37.5269	-19.0276	-33.7386	-21.5109	-29.7137	-27.2838	-61.2081	-80.4829	-26.7319	-76.8147	-32.3757	-64.4283	-26.7319	-76.8147
pl06	21/02/2018 15:02:41	1.6169	0.0533	Mowie poto teraz	O	-74.1195	-76.9508	-81.1058	-64.6084	-81.4254	-50.6160	-77.1892	-38.4326	-68.7529	-31.8695	-58.8249	-26.7360	-48.2477	-26.1281	-42.8337	-27.6473	-38.5339	-29.7673	-32.7759	-31.5428	-27.3334	-32.5828	-61.4879	-81.9026	-27.0351	-74.5263	-32.6513	-63.8969	-27.0351	-74.5263
pl06	21/02/2018 15:02:45	1.4625	0.0578	Mowie pugu teraz	u	-66.5775	-75.5193	-70.3342	-64.8267	-71.9184	-50.4182	-57.1783	-41.9646	-58.6269	-38.2257	-54.5008	-17.6140	-32.1085	-7.8816	-32.1481	-9.3583	-31.4415	-15.0153	-30.4769	-14.3082	-26.0696	-12.0689	-60.7763	-84.5082	-31.6981	-73.9433	-24.7452	-61.1369	-31.6981	-73.9433
pl06	21/02/2018 15:02:49	1.7247	0.0764	Mowie poko teraz	O	-74.8707	-73.8406	-80.0337	-59.5209	-80.7149	-45.4681	-77.2830	-32.1966	-70.1975	-21.8301	-61.4164	-15.8331	-49.3855	-16.0056	-43.3128	-19.1884	-38.0097	-23.0672	-35.2447	-27.3541	-32.3068	-31.0259	-61.3190	-80.2699	-27.1305	-76.2058	-32.8916	-63.9039	-27.1305	-76.2058
pl06	21/02/2018 15:02:54	1.5440	0.0649	Mowie putu teraz	u	-71.2919	-75.8567	-75.7405	-61.6962	-77.7088	-46.1604	-76.1781	-32.5661	-68.5522	-23.6904	-58.9700	-19.3667	-47.2347	-21.1065	-42.0545	-24.7961	-37.9359	-28.2691	-32.5445	-30.6056	-27.2897	-32.8847	-59.6179	-82.9905	-27.3403	-75.1076	-33.1960	-63.8319	-27.3403	-75.1076
pl06	21/02/2018 15:02:58	1.5850	0.0746	Mowie podo teraz	O	-73.3674	-78.1394	-79.6934	-64.4557	-81.0294	-49.5975	-76.6454	-36.0073	-67.6688	-29.1503	-57.2958	-25.3757	-46.9550	-25.5016	-42.4411	-26.8454	-37.2684	-29.1019	-31.7600	-30.8620	-26.6899	-31.9017	-60.9116	-82.8804	-26.7845	-74.6989	-32.3366	-63.4939	-26.7845	-74.6989
pl06	21/02/2018 15:03:03	1.5938	0.0654	Mowie pata teraz	a	-74.2109	-77.2542	-79.8364	-64.8316	-79.6236	-52.0306	-74.7676	-41.0940	-67.8301	-32.3685	-58.9389	-27.2380	-48.8589	-25.5805	-43.6242	-27.0301	-39.2954	-29.4533	-34.6489	-31.0726	-29.7286	-32.9582	-61.8184	-82.9813	-27.6091	-74.8801	-33.2218	-64.0002	-27.6091	-74.8801
pl06	21/02/2018 15:03:07	1.3836	0.0826	Mowie pogo teraz	O	-74.5942	-75.2299	-78.7579	-60.6102	-78.7076	-46.5600	-76.2474	-32.9552	-70.1124	-22.2946	-60.8551	-15.3434	-48.9034	-15.6927	-43.0009	-17.8648	-37.5743	-21.6281	-33.3733	-25.5171	-29.8117	-29.3645	-61.0579	-81.0764	-26.3224	-77.0778	-31.7896	-64.7751	-26.3224	-77.0778
pl06	21/02/2018 15:03:12	1.4709	0.0618	Mowie puku teraz	u	-74.4761	-76.4120	-80.2782	-60.7260	-81.5014	-45.8499	-79.0634	-32.0996	-71.8381	-22.4770	-62.5177	-16.7614	-50.3624	-18.6919	-45.1391	-22.2562	-40.4405	-27.0353	-36.3054	-31.2415	-33.5585	-36.7225	-61.2059	-82.1021	-26.9100	-76.7675	-32.5341	-64.6331	-26.9100	-76.7675
pl06	21/02/2018 15:03:16	1.6847	0.0727	Mowie pada teraz	a	-74.5002	-77.1014	-80.4183	-63.8269	-80.7889	-50.0595	-75.5944	-39.1798	-68.7534	-30.6684	-59.6454	-25.9658	-49.2533	-24.7637	-44.1907	-26.7603	-39.5421	-29.7203	-35.0856	-31.8345	-29.7776	-33.2726	-61.3193	-82.2421	-27.3577	-74.9437	-33.2673	-64.0111	-27.3577	-74.9437
pl06	21/02/2018 15:03:20	1.5606	0.0837	Mowie paka teraz	a	-74.6847	-74.0050	-79.3375	-60.0035	-78.4049	-45.7075	-76.1103	-31.8536	-69.5583	-22.2404	-61.1083	-16.2989	-49.8984	-15.6788	-44.1742	-17.3413	-39.9671	-20.2296	-35.0201	-23.8073	-31.6140	-27.7049	-61.7907	-80.5668	-27.5249	-76.0164	-33.7195	-63.7659	-27.5249	-76.0164
pl06	21/02/2018 15:03:25	1.8230	0.0655	Mowie pudu teraz	u	-71.9113	-76.8424	-76.6351	-61.2724	-78.1082	-46.4716	-77.5276	-31.9207	-69.6633	-22.7605	-59.6837	-19.1888	-47.4381	-23.1550	-42.8154	-27.2852	-37.9204	-31.1203	-33.2585	-33.9726	-28.4753	-36.8347	-60.5911	-83.5750	-26.9440	-75.0643	-32.5992	-64.3813	-26.9440	-75.0643
pl06	21/02/2018 15:03:30	1.9311	0.0752	Mowie paga teraz	a	-74.6415	-74.6634	-79.1520	-58.9679	-78.3195	-43.7334	-75.8023	-30.2354	-68.9944	-21.6485	-59.9162	-16.2559	-49.6351	-15.4572	-44.3881	-16.9614	-38.8190	-18.5575	-34.5807	-19.6105	-30.8463	-21.7279	-62.1864	-81.7219	-27.7587	-75.7375	-33.4179	-63.8297	-27.7587	-75.7375
pl07	16/03/2018 14:43:38	1.3857	0.0525	Mowie poko teraz	O	-55.5199	-44.6666	-59.0464	-32.8847	-54.8954	-21.6579	-49.0096	-11.7662	-39.8938	-5.3986	-28.6095	-4.8475	-18.9399	-9.6226	-13.5303	-12.2041	-8.9941	-14.2570	-5.5996	-17.7688	-2.6960	-22.9582	-45.1456	-51.5974	-1.0939	-48.1985	-5.6550	-37.0339	-1.0939	-48.1985
pl07	16/03/2018 14:43:42	0.9990	0.0721	Mowie podo teraz	O	-55.6589	-45.6763	-59.7892	-33.2191	-55.3458	-20.0358	-47.6003	-9.7874	-36.1460	-3.6906	-24.0173	-7.3539	-12.4622	-10.7746	-6.4802	-11.2526	0.0269	-11.3770	6.3850	-9.6834	12.3914	-7.9786	-45.6204	-51.5866	-3.5515	-48.1492	-6.9883	-37.5157	-3.5515	-48.1492
pl07	16/03/2018 14:43:46	1.2152	0.0536	Mowie putu teraz	u	-52.2383	-46.0824	-55.0058	-33.1668	-52.8114	-20.8102	-47.0849	-9.5956	-37.5464	-1.6568	-25.1420	-1.8582	-15.0110	-6.9967	-9.5337	-8.8960	-3.4516	-9.9479	3.3885	-8.9013	10.2637	-7.4391	-46.2466	-54.4483	-3.6797	-47.8557	-7.0572	-37.4352	-3.6797	-47.8557
pl07	16/03/2018 14:43:50	1.1371	0.1143	Mowie pada teraz	a	-55.6863	-45.0090	-59.7140	-32.2800	-54.6443	-20.0317	-46.7823	-11.4993	-36.1774	-6.2318	-24.7054	-8.5666	-12.9987	-11.6612	-7.6516	-12.2710	-1.8660	-12.3373	4.2147	-11.2922	10.7851	-9.6396	-46.0217	-50.8403	-4.0597	-48.0034	-7.0394	-38.0215	-4.0597	-48.0034
pl07	16/03/2018 14:43:54	1.1062	0.0525	Mowie pugu teraz	u	-54.3936	-46.3977	-56.0738	-32.9208	-55.7701	-19.4711	-50.2162	-6.8669	-42.6459	1.0984	-30.8737	1.9798	-20.6619	-3.2797	-16.1395	-7.0254	-12.7618	-11.5880	-10.4396	-16.2000	-9.4230	-22.0363	-46.4380	-55.2285	-1.2912	-47.2850	-6.1106	-37.4097	-1.2912	-47.2850
pl07	16/03/2018 14:43:58	1.1232	0.0844	Mowie paka teraz	a	-56.0266	-44.3118	-59.3088	-30.9081	-53.0455	-19.4109	-46.4375	-9.8136	-38.3556	-1.3733	-26.9402	0.8069	-16.0846	-3.9699	-11.7678	-7.4135	-7.8273	-10.4230	-3.5192	-13.7379	-0.0299	-18.9487	-45.9090	-50.5060	-1.8838	-47.9328	-6.8367	-37.3290	-1.8838	-47.9328
pl07	16/03/2018 14:44:01	0.7160	0.1027	Mowie pata teraz	a	-55.7281	-44.5293	-60.7811	-31.8796	-54.2630	-19.4305	-46.4364	-10.6625	-35.7140	-4.5225	-23.5877	-5.8580	-12.9011	-10.6433	-7.3104	-11.6357	-1.3655	-12.1447	4.6904	-12.5500	11.0494	-12.9729	-46.1387	-49.5495	-3.3516	-48.9204	-6.7009	-38.4908	-3.3516	-48.9204
pl07	16/03/2018 14:44:05	1.3578	0.0803	Mowie pogo teraz	O	-55.6688	-44.2212	-59.6565	-32.2042	-55.6833	-19.8959	-49.7338	-9.5166	-40.5237	-2.5201	-29.5386	-0.7206	-19.5725	-6.1826	-14.2348	-9.9695	-11.0508	-13.2891	-7.9914	-17.9494	-5.6288	-23.7006	-45.8596	-51.4947	-1.7162	-48.9574	-6.6205	-38.9503	-1.7162	-48.9574
pl07	16/03/2018 14:44:09	1.1026	0.0546	Mowie puku teraz	u	-55.5305	-45.8850	-58.2650	-34.0099	-56.2234	-21.5142	-50.3536	-10.5269	-42.8417	-2.3343	-32.3416	1.2771	-21.6103	-3.7758	-16.2488	-8.1707	-12.8169	-11.8315	-9.8038	-16.5233	-8.3311	-22.4243	-46.7464	-53.6020	-0.4907	-46.8345	-5.4784	-36.6232	-0.4907	-46.8345
pl07	16/03/2018 14:44:13	1.1575	0.0989	Mowie paga teraz	a	-56.0632	-43.9335	-58.7027	-30.3012	-51.9347	-18.2080	-44.0241	-7.9183	-34.3950	0.7369	-21.7321	1.0168	-11.7414	-5.2737	-6.5807	-9.0825	-1.5411	-11.8566	4.4559	-13.7504	10.1864	-15.1113	-45.8443	-49.4531	-3.3208	-48.0270	-7.2563	-37.1517	-3.3208	-48.0270
pl07	16/03/2018 14:44:18	1.3493	0.1283	Mowie pudu teraz	u	-55.7392	-43.5076	-58.5510	-29.0468	-59.2646	-13.9226	-51.7120	-3.3532	-41.4720	1.8354	-29.7914	2.0668	-19.9451	-3.3061	-15.8478	-8.2377	-12.8309	-12.5063	-9.7221	-16.9782	-7.5830	-21.9774	-46.7968	-53.1312	-0.4728	-47.1990	-5.2137	-37.1212	-0.4728	-47.1990
pl07	16/03/2018 14:44:22	1.3183	0.0845	Mowie poto teraz	O	-56.6517	-44.2501	-60.2194	-31.8427	-53.8189	-19.8553	-46.8321	-8.8113	-35.8065	-2.1939	-23.6842	-6.7387	-12.0532	-11.6076	-6.3306	-11.8360	1.5022	-11.4622	8.1874	-10.3757	14.3813	-8.4683	-45.9843	-50.4923	-0.8889	-45.5859	-5.2006	-36.2252	-0.8889	-45.5859
pl07	16/03/2018 14:45:09	1.4241	0.0618	Mowie poko teraz	O	-55.6640	-43.7370	-58.8519	-31.3614	-54.4679	-19.5842	-48.3154	-8.7413	-39.4481	-1.1040	-27.8470	-0.6068	-17.4157	-6.2757	-12.8627	-9.2707	-8.3534	-12.1770	-5.3652	-16.2760	-2.2667	-21.8029	-44.9353	-50.5120	-1.7121	-47.8653	-6.2273	-38.2385	-1.7121	-47.8653
pl07	16/03/2018 14:45:13	1.1913	0.0876	Mowie podo teraz	O	-56.0533	-41.9587	-59.8293	-28.8237	-53.0045	-15.7510	-45.2441	-5.2662	-32.9805	-1.5535	-20.9696	-8.0135	-10.2047	-11.6771	-4.5555	-12.2643	1.2986	-12.6115	7.7301	-12.0399	13.4857	-11.5686	-45.3996	-48.9314	-1.8011	-46.8621	-5.9043	-37.2713	-1.8011	-46.8621
pl07	16/03/2018 14:45:17	1.1351	0.0577	Mowie putu teraz	u	-53.3268	-43.6686	-54.1389	-31.3501	-50.3664	-19.1342	-45.6040	-7.9040	-38.1425	1.6664	-26.3450	1.5864	-17.5630	-5.9809	-12.8063	-9.2621	-7.7397	-12.0754	-2.9499	-15.1705	2.2989	-18.1035	-45.1505	-52.3123	0.4443	-44.5354	-3.8704	-33.9081	0.4443	-44.5354
pl07	16/03/2018 14:45:21	1.1119	0.0948	Mowie pada teraz	a	-55.8317	-43.0955	-60.1472	-30.1414	-52.9128	-17.7363	-43.5061	-9.2822	-32.5698	-3.4447	-21.5467	-5.5179	-10.3680	-9.5077	-5.0291	-9.8220	1.4404	-9.6026	7.6532	-9.2061	13.8440	-9.1916	-45.6670	-48.4679	-0.7336	-46.7134	-5.0577	-36.7716	-0.7336	-46.7134
pl07	16/03/2018 14:45:25	1.1516	0.0600	Mowie pugu teraz	u	-54.4266	-44.3547	-55.1769	-31.9059	-52.9827	-18.5869	-48.0840	-6.9554	-40.3319	1.9147	-28.1048	3.9616	-18.0847	-1.3886	-14.5457	-5.4012	-10.4077	-9.9603	-7.6868	-14.8418	-5.4885	-20.1281	-45.5516	-53.8940	0.4467	-45.2928	-3.8639	-35.9072	0.4467	-45.2928
pl07	16/03/2018 14:45:29	1.1643	0.0744	Mowie paka teraz	a	-55.6933	-43.1893	-60.2371	-30.5111	-52.8317	-18.1117	-44.9819	-8.9463	-36.7157	-0.1282	-25.0133	1.3471	-14.8050	-3.0498	-9.2087	-5.9573	-4.8886	-8.8774	0.0586	-11.9888	4.5134	-15.7671	-45.5959	-48.3082	-1.6333	-46.3657	-6.2014	-36.1521	-1.6333	-46.3657
pl07	16/03/2018 14:45:33	1.2049	0.0960	Mowie pata teraz	a	-56.7414	-42.8527	-60.4442	-30.0940	-51.9010	-18.3312	-44.2457	-10.1677	-34.3312	-3.5846	-22.5575	-3.9944	-11.6135	-7.8844	-5.7396	-8.3440	0.2307	-6.7091	6.9599	-5.4123	12.8423	-4.3125	-46.1986	-48.3369	-0.7040	-44.9696	-5.0276	-34.7165	-0.7040	-44.9696
pl07	16/03/2018 14:45:36	1.0913	0.0840	Mowie pogo teraz	O	-55.5185	-43.7436	-56.8336	-30.8611	-52.5997	-18.0773	-47.8351	-5.8705	-39.4563	2.6664	-27.4343	4.4631	-17.0133	-1.3817	-13.1585	-5.6067	-9.2629	-10.1403	-6.8398	-15.3750	-4.3259	-21.5120	-45.7742	-52.3567	-1.2664	-48.0553	-6.6134	-38.1837	-1.2664	-48.0553
pl07	16/03/2018 14:45:40	1.1156	0.0540	Mowie puku teraz	u	-54.3968	-45.7259	-56.8118	-32.7055	-56.6738	-19.7809	-49.8022	-7.9742	-42.9672	0.4535	-32.7733	2.6957	-21.9196	-3.1567	-17.1869	-6.8798	-12.5080	-11.2731	-10.0145	-16.1895	-8.6158	-21.3744	-45.7955	-54.9057	-0.0501	-46.0911	-4.8843	-36.2922	-0.0501	-46.0911
pl07	16/03/2018 14:45:44	1.1019	0.0852	Mowie paga teraz	a	-55.4891	-44.3493	-58.3861	-31.1748	-51.5238	-19.6183	-44.3447	-8.6648	-36.9148	1.0571	-24.9076	3.0071	-14.0854	-2.3296	-9.2249	-6.0042	-4.2881	-9.3190	0.8091	-12.4347	5.5382	-15.5298	-46.0018	-50.6749	-2.7078	-47.5715	-6.8727	-36.7028	-2.7078	-47.5715
pl07	16/03/2018 14:45:47	1.1853	0.0691	Mowie pudu teraz	u	-52.1581	-45.1669	-52.7741	-31.7003	-51.4479	-18.5064	-45.7933	-6.1624	-36.4435	2.0938	-23.7119	1.0193	-13.7713	-6.4705	-7.9041	-8.0850	-2.3532	-9.9706	3.6194	-12.2136	10.5292	-14.1844	-45.6639	-54.4943	-1.1516	-45.1262	-5.1876	-34.2749	-1.1516	-45.1262
pl07	16/03/2018 14:45:51	1.1630	0.0996	Mowie poto teraz	O	-56.0385	-43.1571	-58.8871	-30.6180	-54.4517	-17.8082	-47.5762	-7.3811	-35.9226	-2.4756	-24.7705	-6.9908	-13.3593	-11.1415	-8.0830	-11.7692	-1.6370	-11.6344	4.5686	-10.3857	10.5572	-9.9681	-45.9869	-50.4814	-1.6287	-47.2599	-5.6520	-36.9233	-1.6287	-47.2599
pl07	16/03/2018 14:46:05	1.2521	0.0744	Mowie poko teraz	O	-55.9532	-44.3596	-58.7476	-31.5174	-52.9147	-19.7864	-46.8735	-8.0825	-39.2741	0.7660	-27.2367	1.6782	-16.3878	-3.2938	-11.5673	-7.6405	-7.6602	-11.1863	-3.8956	-15.6440	-1.4950	-21.8458	-45.8402	-51.3729	-1.3815	-47.7903	-5.9966	-38.0033	-1.3815	-47.7903
pl07	16/03/2018 14:46:09	1.1294	0.0828	Mowie podo teraz	O	-54.5418	-45.2234	-56.7675	-32.3920	-52.3626	-20.1689	-45.8071	-9.2612	-34.4414	-2.2068	-23.0583	-4.5337	-11.3101	-8.3852	-5.3816	-9.5118	1.3190	-9.2856	7.7573	-7.7177	13.8447	-5.9150	-44.9993	-52.7137	-0.7164	-43.7246	-4.6345	-34.2615	-0.7164	-43.7246
pl07	16/03/2018 14:46:13	1.1052	0.0564	Mowie putu teraz	u	-53.4997	-44.3208	-51.9699	-30.7563	-49.9700	-17.5027	-43.9683	-6.0148	-35.2607	2.5538	-23.4706	0.9265	-13.6525	-6.4462	-8.4353	-8.3634	-2.8702	-10.1120	2.9631	-12.6113	8.4331	-14.9789	-45.3340	-53.7736	-0.7366	-43.8718	-5.3296	-34.4687	-0.7366	-43.8718
pl07	16/03/2018 14:46:17	1.0862	0.1032	Mowie pada teraz	a	-55.9074	-44.1215	-58.2891	-31.0931	-51.0245	-20.0861	-43.0079	-11.4206	-33.0378	-4.6350	-22.1186	-4.5098	-10.8785	-8.0241	-5.2958	-8.8670	0.7094	-7.7895	7.2888	-6.7683	13.4868	-5.3496	-45.0951	-50.3627	-1.3564	-46.0945	-5.4456	-35.9901	-1.3564	-46.0945
pl07	16/03/2018 14:46:22	1.1335	0.0492	Mowie pugu teraz	u	-53.5276	-46.3884	-55.0847	-33.4200	-55.0007	-19.8402	-48.3397	-8.1454	-40.8218	0.7305	-29.4382	3.5048	-19.0276	-1.6114	-14.5647	-5.5047	-11.3117	-10.1317	-8.0884	-14.8379	-7.1917	-21.2127	-45.7048	-54.9217	-0.6194	-47.4031	-5.3564	-37.2905	-0.6194	-47.4031
pl07	16/03/2018 14:46:26	1.0999	0.0780	Mowie paka teraz	a	-56.0712	-44.3291	-59.6733	-30.7121	-53.0497	-17.8338	-44.3538	-8.8326	-34.0982	-1.7714	-22.3885	-2.6361	-11.4848	-7.6209	-6.3792	-9.8886	-0.2605	-11.8999	5.9545	-12.5810	12.1635	-12.7620	-46.2304	-50.0182	-2.9494	-48.3773	-6.6888	-37.5944	-2.9494	-48.3773
pl07	16/03/2018 14:46:29	1.1445	0.0876	Mowie pata teraz	a	-55.6664	-43.3282	-58.9286	-30.7711	-51.7683	-18.8506	-43.7085	-10.6141	-33.1935	-4.5415	-21.9700	-5.0674	-10.7918	-8.5324	-4.9957	-9.0040	1.2147	-8.2782	8.0332	-6.8831	13.8742	-5.7089	-45.4926	-49.0114	-0.8453	-45.8959	-4.8063	-36.0698	-0.8453	-45.8959
pl07	16/03/2018 14:46:33	1.0756	0.0660	Mowie pogo teraz	O	-54.7091	-44.9136	-57.6713	-32.3027	-53.7495	-19.5827	-48.3714	-7.4602	-40.2147	1.2618	-27.7694	3.6189	-16.3260	-1.4575	-12.2239	-5.5647	-8.8612	-10.3508	-5.6913	-14.9726	-4.1257	-21.6697	-45.2302	-52.8148	-1.0735	-47.1790	-5.9646	-36.9543	-1.0735	-47.1790
pl07	16/03/2018 14:46:37	1.0899	0.0528	Mowie puku teraz	u	-54.0019	-46.7279	-55.5911	-34.2977	-54.5208	-21.3885	-48.7955	-10.0143	-42.1140	-0.7458	-31.5341	2.4024	-20.7641	-2.0843	-15.8392	-6.0399	-12.3496	-10.2587	-9.3046	-15.3616	-7.3402	-20.5065	-45.6846	-55.1336	-0.8165	-46.1041	-5.3885	-36.7877	-0.8165	-46.1041
pl07	16/03/2018 14:46:41	1.0427	0.0864	Mowie paga teraz	a	-55.9759	-43.6230	-59.4674	-30.5673	-52.9005	-18.4080	-44.3391	-8.5522	-34.3106	-1.1899	-22.8990	-1.5518	-12.2474	-6.5270	-7.2459	-9.0048	-1.4860	-11.3521	4.0826	-13.2753	9.3349	-15.0375	-45.8058	-49.6235	-2.7491	-47.8447	-6.6934	-36.9490	-2.7491	-47.8447
pl07	16/03/2018 14:46:45	1.1229	0.0756	Mowie pudu teraz	u	-49.2715	-44.4588	-49.4609	-30.3724	-47.2903	-17.7782	-41.3478	-6.4058	-33.3988	2.0631	-20.8709	1.5656	-11.5479	-4.6886	-5.7944	-6.8075	-0.1352	-8.0433	6.5725	-9.3571	12.7508	-10.9133	-45.8323	-55.4747	-1.2701	-44.2990	-4.7335	-33.7942	-1.2701	-44.2990
pl07	16/03/2018 14:46:49	1.1880	0.0744	Mowie poto teraz	O	-55.5225	-44.0753	-59.1654	-31.9464	-55.2029	-18.8887	-47.7072	-8.2239	-35.9227	-2.4856	-24.0566	-7.4608	-12.7781	-11.4075	-6.8787	-11.7202	-0.1834	-11.7236	5.6575	-9.6094	12.1812	-7.6163	-45.5580	-51.6544	-0.8327	-45.1403	-4.7645	-35.6005	-0.8327	-45.1403
pl07	16/03/2018 14:48:07	1.3887	0.0684	Mowie poko teraz	O	-56.1192	-44.1550	-60.5685	-31.5875	-54.6247	-19.7219	-48.1297	-9.6343	-38.6657	-2.4590	-26.9874	-1.6412	-16.9003	-8.2443	-11.9532	-11.3815	-7.1880	-13.9611	-3.9886	-18.3792	0.0715	-23.3756	-45.6372	-50.7168	-2.5220	-48.6013	-6.8169	-38.3325	-2.5220	-48.6013
pl07	16/03/2018 14:48:11	1.1484	0.0864	Mowie podo teraz	O	-56.5059	-44.6734	-60.3248	-32.2735	-56.0323	-19.2820	-49.3242	-8.3038	-37.2721	-1.5811	-26.2691	-4.9562	-14.4951	-11.3856	-9.4652	-12.3972	-3.5674	-13.2123	3.7917	-13.2215	9.3088	-14.0793	-45.7700	-50.6517	-2.6658	-46.8893	-6.6868	-36.7201	-2.6658	-46.8893
pl07	16/03/2018 14:48:15	1.1957	0.0645	Mowie putu teraz	u	-53.7917	-43.2544	-52.4662	-30.5335	-50.0539	-17.9772	-44.4775	-6.9042	-34.6312	2.3761	-21.7431	-0.2748	-11.4737	-6.3703	-5.2529	-7.5831	1.8983	-8.3803	8.5397	-8.8629	15.2211	-9.5048	-44.7588	-52.1960	-0.6876	-46.5384	-4.6980	-35.9380	-0.6876	-46.5384
pl07	16/03/2018 14:48:19	1.2094	0.1152	Mowie pada teraz	a	-55.4676	-44.2577	-59.0888	-31.8399	-53.7613	-19.4208	-46.8822	-10.5719	-36.5256	-4.5882	-24.8085	-5.5556	-13.9567	-11.0059	-8.7556	-12.0491	-2.9734	-12.3992	2.9943	-11.4431	9.0004	-10.8921	-45.8380	-50.0470	-3.1547	-47.6902	-6.7142	-37.6091	-3.1547	-47.6902
pl07	16/03/2018 14:48:23	1.2064	0.0478	Mowie pugu teraz	u	-53.5759	-45.9694	-55.0284	-32.8563	-52.6753	-19.1429	-47.1310	-6.9994	-38.5808	2.2436	-27.6761	2.3603	-17.1640	-4.0382	-14.0221	-8.0817	-9.8525	-13.3535	-6.0664	-18.0719	-3.2732	-22.0641	-45.2495	-54.2117	-0.0039	-46.0479	-4.6576	-37.2049	-0.0039	-46.0479
pl07	16/03/2018 14:48:27	1.1333	0.0792	Mowie paka teraz	a	-56.7142	-41.2770	-60.7716	-28.2398	-53.0703	-16.3925	-43.5423	-6.6413	-33.3796	1.3523	-21.0278	1.6833	-10.6032	-4.7882	-5.9379	-8.4752	-1.2034	-11.2594	3.7127	-14.1446	9.0445	-16.8448	-46.6490	-47.8621	-2.5156	-47.4424	-6.3041	-36.9883	-2.5156	-47.4424
pl07	16/03/2018 14:48:31	1.2549	0.0996	Mowie pata teraz	a	-56.7152	-41.5207	-60.4152	-29.9886	-52.5759	-18.3727	-44.7955	-10.3993	-34.7112	-3.9472	-23.0347	-4.9914	-12.4094	-9.2633	-6.6014	-9.8859	-0.6271	-10.1635	5.3775	-8.7060	11.6022	-7.1340	-46.5851	-47.8206	-1.2380	-46.3983	-5.4121	-36.5355	-1.2380	-46.3983
pl07	16/03/2018 14:48:35	1.1663	0.0876	Mowie pogo teraz	O	-55.5804	-45.0401	-58.2956	-32.5493	-53.8121	-20.4955	-48.4033	-8.7076	-41.4484	1.1289	-29.4948	4.3627	-18.5931	-1.1346	-14.6575	-5.4604	-10.4710	-10.0951	-7.0293	-15.2872	-5.0508	-21.3343	-46.3604	-52.4322	-2.2702	-48.7329	-6.6994	-37.8666	-2.2702	-48.7329
pl07	16/03/2018 14:48:39	1.2145	0.0540	Mowie puku teraz	u	-54.3124	-46.3937	-55.2138	-34.2851	-52.4238	-22.1446	-48.4684	-10.3811	-41.5802	-1.6802	-30.1454	1.1778	-19.7841	-4.2424	-15.1025	-8.4286	-11.8248	-12.2185	-8.2269	-17.1432	-6.6005	-21.6674	-46.7337	-53.3340	-0.4210	-44.9827	-4.6506	-36.0038	-0.4210	-44.9827
pl07	16/03/2018 14:48:43	1.1889	0.1020	Mowie paga teraz	a	-55.7748	-43.3346	-58.9179	-30.8546	-51.8243	-19.8100	-44.5390	-9.7646	-37.0187	0.3118	-25.8579	2.6719	-14.7899	-1.3772	-9.9201	-5.2183	-5.9412	-9.0525	-1.5232	-12.6116	2.2157	-16.6609	-46.8935	-49.4645	-1.5102	-47.2049	-6.5167	-37.0182	-1.5102	-47.2049
pl07	16/03/2018 14:48:47	1.3014	0.0924	Mowie pudu teraz	u	-52.5370	-43.5901	-49.2505	-32.5295	-45.9775	-20.0180	-42.6676	-8.2786	-33.2472	0.5898	-21.4369	0.1514	-11.5235	-6.2549	-5.5528	-7.2638	1.3614	-8.0099	8.3723	-7.8347	14.6641	-7.6657	-45.9096	-52.5043	-0.9143	-44.2595	-4.6017	-33.3420	-0.9143	-44.2595
pl07	16/03/2018 14:48:51	1.4045	0.0816	Mowie poto teraz	O	-56.5142	-44.7078	-59.8544	-32.0317	-55.7795	-19.7680	-49.3832	-8.8083	-38.5777	-2.0539	-27.1155	-4.7361	-16.7143	-11.8755	-11.8977	-13.0512	-5.6537	-13.2552	0.6987	-12.2281	7.0210	-12.0758	-46.7469	-51.1546	-1.1462	-46.5631	-6.0954	-36.8776	-1.1462	-46.5631
pl07	16/03/2018 14:49:05	1.3437	0.0737	Mowie poko teraz	O	-55.3777	-43.8939	-59.0594	-31.2307	-54.3177	-18.6506	-47.3148	-6.5520	-37.5084	0.7048	-24.7984	-1.5659	-14.4286	-8.8260	-10.0276	-12.9090	-5.1923	-15.5956	0.3159	-17.7036	6.6596	-19.1919	-45.4593	-51.7373	-3.3874	-49.0401	-6.8570	-38.5396	-3.3874	-49.0401
pl07	16/03/2018 14:49:09	1.1378	0.0816	Mowie podo teraz	O	-56.3728	-44.2032	-60.6092	-31.1623	-55.3677	-18.4062	-47.3627	-7.7175	-35.1149	-1.7333	-23.0201	-6.4856	-11.5490	-12.0815	-6.3424	-12.8815	0.3105	-13.4251	7.0725	-12.4171	13.0388	-11.8389	-45.8956	-50.9760	-1.7042	-45.4328	-6.2753	-36.4972	-1.7042	-45.4328
pl07	16/03/2018 14:49:12	1.1231	0.0623	Mowie putu teraz	u	-51.4519	-43.8503	-50.8092	-30.0785	-49.1650	-16.9323	-43.5534	-5.6715	-32.9265	1.5691	-21.1450	-1.0732	-11.7044	-7.1307	-6.3165	-8.6434	0.1719	-9.5712	7.2600	-9.5471	13.5807	-9.5545	-45.5541	-52.8471	-0.6284	-44.8965	-5.0367	-34.9006	-0.6284	-44.8965
pl07	16/03/2018 14:49:16	1.1044	0.0952	Mowie pada teraz	a	-56.7212	-45.0604	-60.9714	-31.9800	-53.3173	-19.8442	-45.5046	-10.0718	-34.0876	-3.1380	-22.8141	-5.3826	-10.5892	-11.5254	-5.1087	-12.0354	0.7824	-12.7742	7.4795	-13.5050	13.7524	-14.4652	-46.1027	-51.0967	-3.6449	-49.4032	-6.7203	-39.0789	-3.6449	-49.4032
pl07	16/03/2018 14:49:20	1.1139	0.0646	Mowie pugu teraz	u	-53.9526	-47.7907	-56.4814	-35.8732	-54.7438	-21.7468	-49.3376	-9.6760	-41.6176	-0.0573	-30.1488	1.2130	-20.0510	-4.4075	-15.1751	-9.6747	-11.9804	-13.7405	-8.6265	-18.5242	-6.3133	-22.9512	-45.8003	-54.7682	-0.4714	-46.3860	-5.2819	-37.2731	-0.4714	-46.3860
pl07	16/03/2018 14:49:24	1.1473	0.0680	Mowie paka teraz	a	-56.3936	-43.7269	-60.4994	-30.0714	-52.4005	-18.6546	-44.9095	-8.4010	-34.7311	-0.4806	-23.1669	-0.9748	-12.7885	-6.8438	-7.8761	-9.7009	-2.2992	-12.0219	3.1558	-14.3123	9.0214	-15.9726	-46.5916	-49.4635	-2.8807	-48.3548	-7.0149	-37.4003	-2.8807	-48.3548
pl07	16/03/2018 14:49:27	1.1503	0.0793	Mowie pata teraz	a	-56.1666	-45.2408	-60.5419	-32.2367	-54.2174	-19.8507	-46.4879	-10.9218	-35.6714	-4.7047	-24.0897	-6.8230	-13.1216	-10.7647	-6.9960	-11.4280	-0.7300	-11.5693	5.4938	-9.7653	11.4793	-8.0717	-46.1898	-50.1435	-3.1751	-47.5717	-6.5759	-37.6611	-3.1751	-47.5717
pl07	16/03/2018 14:49:32	1.1175	0.0748	Mowie pogo teraz	O	-56.6409	-44.9678	-61.1085	-32.9325	-55.6448	-21.1600	-48.9328	-11.3699	-40.5905	-3.0255	-29.8349	-0.3728	-19.6061	-5.3323	-13.8872	-9.0969	-10.2310	-12.5068	-6.1378	-16.6979	-3.3697	-22.1365	-46.2474	-51.4537	-0.9194	-47.7462	-5.9269	-37.4119	-0.9194	-47.7462
pl07	16/03/2018 14:49:36	1.2133	0.0623	Mowie puku teraz	u	-53.3077	-45.7833	-53.6576	-32.8296	-52.6192	-19.6008	-48.1295	-6.4860	-40.9729	2.1916	-28.9142	4.2284	-19.7840	-0.5602	-15.1801	-4.5020	-11.4966	-9.4949	-8.0670	-14.2657	-5.6883	-19.6775	-45.6060	-54.4981	-1.1265	-47.8474	-5.9622	-38.0179	-1.1265	-47.8474
pl07	16/03/2018 14:49:40	1.1389	0.0861	Mowie paga teraz	a	-55.9751	-44.8643	-59.7125	-32.2487	-51.9824	-20.8857	-45.1682	-10.3349	-38.1104	-0.5086	-26.4349	1.5477	-15.3436	-2.9230	-10.2957	-6.5666	-5.5278	-9.5105	0.0586	-12.5355	4.9864	-15.2815	-46.0521	-50.6460	-3.2293	-48.7595	-6.9826	-37.8547	-3.2293	-48.7595
pl07	16/03/2018 14:49:44	1.1345	0.0714	Mowie pudu teraz	u	-53.9660	-44.6241	-55.8448	-32.3683	-54.0016	-20.0771	-47.6876	-9.1337	-41.0364	0.0359	-29.5001	2.3677	-20.2724	-4.2927	-15.2892	-8.6218	-10.6976	-11.6233	-6.0314	-15.0710	-2.2208	-19.6145	-45.8541	-52.0023	0.3831	-44.8375	-4.3453	-34.6111	0.3831	-44.8375
pl07	16/03/2018 14:49:47	1.1309	0.0623	Mowie poto teraz	O	-56.5404	-44.1547	-59.7453	-31.7316	-55.8338	-19.2598	-49.3887	-9.0274	-38.7139	-2.1235	-27.7917	-4.5618	-17.5008	-11.0473	-12.4636	-12.3646	-6.7252	-13.2550	-0.6545	-14.5014	5.7657	-16.5782	-46.0833	-51.3976	-1.7353	-46.1954	-6.3151	-35.8239	-1.7353	-46.1954
pl07	16/03/2018 14:50:05	1.3361	0.0601	Mowie poko teraz	O	-54.8256	-44.0631	-57.8824	-31.1973	-54.0072	-18.7265	-47.5947	-8.0930	-38.0539	-1.0025	-26.8001	-0.6571	-16.0547	-6.9362	-11.2157	-10.4454	-7.2996	-13.9692	-3.3120	-18.3408	1.2785	-22.6890	-44.9982	-51.0264	-1.9489	-47.6767	-5.8827	-37.8664	-1.9489	-47.6767
pl07	16/03/2018 14:50:09	1.0859	0.0805	Mowie podo teraz	O	-55.5964	-42.9739	-58.2407	-30.4990	-52.7581	-18.3569	-45.4518	-8.0301	-33.8118	-1.3252	-22.8325	-4.6217	-11.6138	-9.1938	-5.6509	-9.9791	0.9987	-10.2125	7.4060	-8.6068	13.0368	-6.8361	-44.3325	-50.1102	-0.1755	-44.7937	-4.4488	-34.9936	-0.1755	-44.7937
pl07	16/03/2018 14:50:13	1.1221	0.0544	Mowie putu teraz	u	-53.3916	-43.6873	-50.8494	-30.3985	-48.4742	-17.1189	-44.2209	-5.4338	-34.0770	2.1732	-22.2437	1.5026	-13.1512	-5.3989	-8.1609	-7.4167	-2.1616	-8.6227	4.5984	-9.4686	11.2806	-10.1509	-45.0854	-52.7219	-1.0669	-44.8733	-4.9712	-34.7703	-1.0669	-44.8733
pl07	16/03/2018 14:50:17	1.1894	0.0929	Mowie pada teraz	a	-54.9416	-42.2366	-57.9895	-29.7345	-51.0125	-19.0776	-42.4731	-10.3694	-31.6951	-4.2717	-21.4123	-5.1678	-10.3405	-8.2263	-4.9493	-9.2181	1.5802	-8.9531	8.0773	-7.6629	14.0734	-6.0495	-45.3291	-48.4962	-1.1592	-45.6589	-5.0322	-35.8339	-1.1592	-45.6589
pl07	16/03/2018 14:50:21	1.1155	0.0476	Mowie pugu teraz	u	-53.9016	-44.3365	-53.4347	-31.5298	-52.2950	-18.4811	-47.4669	-6.1298	-40.2107	2.6876	-28.3543	5.2346	-18.5439	0.0037	-14.6336	-3.9171	-10.7858	-9.0644	-8.0851	-14.3174	-6.6336	-20.1888	-45.4129	-53.3583	-0.2729	-46.4248	-4.6337	-36.6451	-0.2729	-46.4248
pl07	16/03/2018 14:50:25	1.0827	0.0884	Mowie paka teraz	a	-55.3081	-43.3483	-59.7888	-30.8395	-52.6541	-18.6369	-44.4141	-9.3304	-34.2453	-1.6697	-22.7997	-0.6799	-11.6739	-5.4651	-6.2425	-8.4637	-1.1624	-11.0890	4.1077	-12.8184	11.1621	-14.0749	-45.2732	-48.2945	-2.8249	-47.8089	-6.7311	-37.0116	-2.8249	-47.8089
pl07	16/03/2018 14:50:29	1.1952	0.0952	Mowie pata teraz	a	-56.3040	-43.8046	-60.0665	-31.0509	-53.0456	-18.9230	-45.4951	-10.0586	-34.9344	-3.3244	-23.0015	-5.2821	-11.8594	-10.5256	-6.0931	-11.1903	0.2452	-11.6060	6.7462	-11.3317	12.6757	-11.0067	-45.8466	-48.9894	-2.4759	-48.9393	-5.7661	-37.8845	-2.4759	-48.9393
pl07	16/03/2018 14:50:33	1.3434	0.0952	Mowie pogo teraz	O	-55.8679	-44.3999	-58.4306	-32.5893	-54.8899	-21.0197	-48.9458	-10.2662	-40.5137	-2.9319	-29.5111	-0.5805	-19.6647	-6.0241	-13.9638	-9.2713	-10.2602	-12.2888	-6.9951	-16.6724	-4.8289	-21.9284	-45.7017	-51.4676	-0.9110	-45.2682	-5.1368	-35.6204	-0.9110	-45.2682
pl07	16/03/2018 14:50:59	1.2893	0.0502	Mowie puku teraz	u	-53.3695	-45.0532	-55.2948	-32.8694	-54.6330	-19.6560	-48.9887	-7.4227	-41.5406	1.1698	-30.4752	3.3531	-20.3507	-2.1131	-15.8620	-6.4646	-12.5731	-11.1026	-9.4297	-16.0654	-7.6875	-22.0586	-45.5816	-54.9086	-1.2527	-47.3245	-6.0552	-37.5087	-1.2527	-47.3245
pl07	16/03/2018 14:51:03	1.1168	0.0986	Mowie paga teraz	a	-55.2706	-44.0297	-57.9858	-31.1796	-52.1756	-18.6574	-44.0169	-7.7975	-35.0135	1.8437	-22.0773	2.5150	-10.9860	-4.2047	-7.1475	-8.5333	-2.5876	-11.7773	2.9873	-14.2345	8.6908	-16.7199	-45.1797	-50.3227	-3.4379	-48.7555	-7.1431	-37.7526	-3.4379	-48.7555
pl07	16/03/2018 14:51:07	1.0455	0.0771	Mowie pudu teraz	u	-50.7132	-44.2548	-48.9248	-31.5931	-46.7993	-19.6764	-42.6121	-8.2331	-34.5475	1.6808	-21.6123	0.7828	-12.2372	-6.7112	-6.5699	-8.5490	0.5462	-9.7456	7.8802	-8.8654	13.6207	-7.9416	-45.5527	-53.9243	-0.9252	-44.5161	-4.7452	-34.4285	-0.9252	-44.5161
pl07	16/03/2018 14:51:11	1.1109	0.0782	Mowie poto teraz	O	-55.5022	-43.9489	-59.3771	-31.5744	-55.6112	-18.1266	-48.1444	-7.0051	-35.6109	-1.3201	-24.2844	-5.4339	-13.6917	-11.0534	-8.3956	-11.8884	-1.8113	-11.9587	4.6647	-9.7335	10.4377	-7.8150	-45.6886	-49.1372	-1.5624	-45.1927	-5.5103	-36.0340	-1.5624	-45.1927
it14	16/04/2018 10:47:09	1.8294	0.1383	Dico paga lentamente	a	-60.2894	-47.2511	-65.0946	-34.6594	-60.7251	-22.1255	-55.3505	-11.5736	-48.0266	-2.3068	-37.1931	1.5329	-26.4341	-2.4764	-20.8754	-6.0286	-16.1527	-9.0158	-11.2936	-13.1233	-7.0821	-17.9759	-49.8424	-50.1461	-11.3230	-47.8325	-13.7596	-38.5828	-11.3230	-47.8325
it14	16/04/2018 10:47:14	1.5874	0.1383	Dico poto lentamente	o	-60.0895	-47.8212	-66.2459	-35.6622	-64.7425	-21.7380	-58.2023	-11.6176	-46.6676	-7.6260	-34.2600	-9.3800	-22.3933	-12.4059	-16.5013	-12.9632	-10.6490	-13.0304	-4.8099	-12.5472	1.0208	-10.3468	-49.2966	-51.1245	-7.4143	-48.9697	-10.5546	-38.9200	-7.4143	-48.9697
it14	16/04/2018 10:47:19	1.4941	0.1700	Dico pada lentamente	a	-59.5965	-49.0848	-66.1131	-37.2592	-63.0606	-24.2621	-55.4709	-15.5247	-44.6304	-10.1471	-33.0268	-8.3681	-21.1259	-9.8039	-14.7506	-10.7244	-9.2995	-11.4037	-3.5640	-10.9387	2.6428	-8.8782	-49.2269	-52.1213	-8.8781	-47.4543	-11.4374	-37.4259	-8.8781	-47.4543
it14	16/04/2018 10:47:53	1.6259	0.1127	Dico putu lentamente	u	-52.3275	-45.8968	-55.6584	-32.9491	-58.8383	-20.1873	-55.3278	-7.6586	-45.7332	0.0654	-33.6947	-0.2226	-23.5415	-8.2523	-18.3749	-11.3331	-12.4058	-12.8853	-6.4392	-12.7520	0.1140	-11.6678	-46.7467	-53.5219	-8.4437	-47.7574	-10.8528	-37.5701	-8.4437	-47.7574
it14	16/04/2018 10:47:58	1.2685	0.1295	Dico pogo lentamente	O	-59.3702	-46.3790	-64.1748	-33.1023	-62.9848	-19.8211	-60.5452	-7.7633	-51.3117	-0.1069	-39.6892	1.5968	-30.5980	-5.3623	-25.6749	-9.5799	-19.5688	-12.6618	-14.5796	-16.4482	-11.8227	-22.5595	-50.0329	-52.6734	-10.3490	-49.3061	-12.8944	-39.9584	-10.3490	-49.3061
it14	16/04/2018 10:48:02	1.1966	0.0958	Dico pudu lentamente	u	-52.1347	-46.3766	-55.6838	-33.8518	-60.2470	-21.0551	-56.8743	-9.1193	-47.6646	-1.2888	-35.6566	0.6568	-25.4657	-6.7682	-20.0518	-11.0117	-13.3878	-12.7457	-7.2374	-12.7909	-1.4880	-12.7679	-47.1768	-53.5150	-7.7275	-47.0322	-10.6473	-36.6978	-7.7275	-47.0322
it14	16/04/2018 10:48:07	1.2381	0.1292	Dico poco lentamente	o	-59.7299	-45.5989	-64.5190	-32.9182	-62.6023	-19.3364	-59.6589	-8.4181	-51.7192	-0.1305	-40.4212	2.0703	-31.4059	-4.7435	-26.1942	-9.3826	-20.7746	-11.8413	-15.6620	-15.3127	-12.6845	-20.7050	-50.4782	-52.0861	-10.4758	-49.2050	-13.3240	-39.7860	-10.4758	-49.2050
it14	16/04/2018 10:48:11	1.4056	0.1277	Dico paca lentamente	a	-60.3272	-47.7207	-65.2714	-35.2229	-61.9164	-22.4843	-57.6837	-11.2612	-49.9931	-1.2976	-38.3665	2.3116	-27.6191	-1.8476	-22.2588	-5.4245	-17.3456	-8.7369	-13.1158	-13.4247	-9.8660	-19.3319	-50.3788	-51.3228	-11.9494	-48.7308	-13.9066	-39.0333	-11.9494	-48.7308
it14	16/04/2018 10:48:15	1.1430	0.0709	Dico pugu lentamente	u	-54.8975	-47.3638	-60.3369	-34.5682	-62.3269	-22.3430	-58.3668	-10.9063	-51.6449	-0.5958	-40.6237	3.1282	-30.5671	-2.0114	-26.3321	-5.9672	-21.2708	-10.2847	-16.7914	-15.2864	-13.7290	-20.8796	-48.4267	-55.9956	-9.9218	-48.1310	-13.0352	-38.7989	-9.9218	-48.1310
it14	16/04/2018 10:48:19	1.2359	0.1160	Dico pata lentamente	a	-59.7638	-49.8195	-66.2928	-37.7419	-64.2005	-24.3529	-56.8137	-15.0807	-45.7696	-9.6956	-33.7377	-8.0178	-21.9741	-9.8105	-15.9059	-10.8802	-10.5758	-11.6441	-4.6038	-11.8290	1.5883	-13.0039	-49.1304	-53.3586	-9.3668	-48.3746	-12.1100	-39.2856	-9.3668	-48.3746
it14	16/04/2018 10:48:23	1.2346	0.0975	Dico pucu lentamente	u	-55.1096	-47.0403	-60.7096	-34.9005	-64.0988	-22.4643	-61.4838	-9.7149	-53.7589	-0.5492	-42.6375	2.8690	-32.8246	-3.2041	-28.1834	-7.6418	-23.4870	-10.9233	-18.1305	-14.7468	-14.9552	-20.9129	-49.0058	-56.2681	-9.9268	-48.2859	-12.8464	-38.9672	-9.9268	-48.2859
it14	16/04/2018 10:48:27	1.2247	0.1100	Dico podo lentamente	O	-59.7862	-48.2367	-66.3688	-35.7672	-65.7851	-21.7601	-59.4641	-10.7013	-47.7498	-6.7982	-35.6856	-8.9067	-23.6948	-12.6609	-17.9618	-13.3474	-11.6822	-13.8920	-5.8934	-13.0290	0.8134	-9.7447	-48.9729	-52.2398	-8.8134	-48.2675	-11.7158	-38.7183	-8.8134	-48.2675
it14	16/04/2018 10:48:55	1.4225	0.1063	Dico paga lentamente	a	-59.4758	-47.2435	-65.5631	-35.0336	-63.5889	-22.6212	-58.3964	-11.4595	-50.9076	-2.3286	-39.9506	1.4038	-29.4562	-3.0308	-23.4408	-6.3483	-18.4735	-8.6189	-13.5927	-11.8469	-9.2652	-15.8678	-50.1424	-50.9454	-12.2513	-49.1949	-14.0498	-39.4016	-12.2513	-49.1949
it14	16/04/2018 10:48:59	1.3238	0.1135	Dico poto lentamente	o	-60.0864	-47.4681	-67.1830	-34.9075	-66.4879	-21.0278	-59.9920	-10.7012	-47.4900	-6.9885	-36.5392	-9.0567	-24.7257	-12.6329	-18.7004	-13.5370	-12.6126	-13.5736	-6.4239	-12.8208	-0.2897	-9.8704	-49.4627	-50.7121	-9.4267	-48.0232	-12.4360	-38.6596	-9.4267	-48.0232
it14	16/04/2018 10:49:04	1.3312	0.1241	Dico pada lentamente	a	-60.1789	-49.4820	-66.9454	-37.6337	-64.9216	-24.9078	-57.3445	-16.0396	-46.1624	-11.4291	-34.3626	-9.8689	-22.6805	-10.5950	-16.4629	-11.4371	-10.9492	-12.2062	-4.9487	-12.6831	1.0521	-12.4958	-49.3697	-52.2517	-10.1930	-47.9347	-12.8612	-39.0933	-10.1930	-47.9347
it14	16/04/2018 10:49:08	1.2263	0.0922	Dico putu lentamente	u	-52.7655	-45.8453	-56.1839	-32.8189	-58.9064	-19.9635	-54.9659	-8.2460	-46.1546	-0.1095	-33.9779	0.8163	-23.9821	-7.6373	-18.5716	-11.1281	-12.2741	-12.6187	-6.0728	-12.5917	-0.0579	-12.3620	-46.7582	-53.7279	-9.2933	-46.3374	-11.8783	-36.4715	-9.2933	-46.3374
it14	16/04/2018 10:49:12	1.2012	0.1259	Dico pogo lentamente	O	-58.8105	-45.9585	-63.0729	-32.9352	-63.2539	-18.8582	-61.0221	-6.9196	-51.1114	0.8936	-40.1175	3.0393	-30.9115	-4.0177	-25.8790	-8.9015	-19.9996	-11.1707	-14.8860	-14.6950	-11.6891	-20.4416	-49.5531	-52.0297	-10.3774	-49.4199	-13.1623	-39.9230	-10.3774	-49.4199
it14	16/04/2018 10:49:15	1.1973	0.0887	Dico pudu lentamente	u	-52.1151	-46.2919	-57.0762	-33.9366	-61.8799	-21.0966	-58.1716	-9.2191	-48.6104	-0.8940	-35.6506	1.1098	-26.3655	-6.8822	-20.7673	-11.0750	-13.5726	-12.7131	-7.1289	-12.8865	-0.3231	-12.2953	-47.6023	-54.5201	-8.5327	-46.6255	-11.3662	-36.3010	-8.5327	-46.6255
it14	16/04/2018 10:49:20	1.1944	0.1087	Dico poco lentamente	o	-59.6416	-46.4327	-65.0062	-33.7824	-65.1789	-20.1399	-63.0738	-7.7466	-53.9701	-0.4740	-41.9146	0.3415	-32.3866	-5.7592	-27.5063	-10.2381	-22.1262	-12.5761	-16.3949	-15.2118	-13.0582	-20.7760	-50.4264	-52.4774	-11.3556	-49.5564	-13.9534	-40.0621	-11.3556	-49.5564
it14	16/04/2018 10:49:24	1.0870	0.1206	Dico paca lentamente	a	-60.0262	-46.6964	-64.6214	-34.5421	-61.8805	-22.1414	-57.4698	-11.5144	-49.8838	-2.0721	-38.9035	1.0301	-28.5602	-3.7099	-23.4579	-7.3892	-17.9206	-9.6049	-13.1501	-12.8914	-9.1536	-17.6765	-49.8308	-50.2189	-11.6139	-48.6427	-14.1435	-38.7693	-11.6139	-48.6427
it14	16/04/2018 10:49:32	1.1503	0.1188	Dico pata lentamente	a	-60.3349	-48.8960	-66.5829	-36.7017	-64.5342	-23.6876	-57.5056	-14.9971	-46.1404	-10.7160	-34.0625	-8.8332	-22.5074	-10.0224	-16.4998	-11.0489	-11.2603	-12.0430	-5.1914	-12.4429	0.1694	-12.6821	-49.3495	-51.7889	-9.8642	-48.2332	-12.4585	-39.0650	-9.8642	-48.2332
it14	16/04/2018 10:49:36	1.1125	0.0869	Dico pucu lentamente	u	-56.3220	-45.6250	-61.5478	-32.9897	-64.1983	-20.5197	-61.4676	-8.5218	-53.5410	0.5931	-41.7483	2.7992	-32.6642	-3.5108	-27.8881	-8.1188	-23.5841	-11.5315	-18.6166	-15.9397	-15.1313	-21.0794	-49.2091	-54.9575	-10.1552	-48.6486	-13.3679	-39.3665	-10.1552	-48.6486
it14	16/04/2018 10:49:40	1.1889	0.0993	Dico podo lentamente	O	-59.7048	-47.2951	-66.9189	-34.7535	-66.5368	-20.9578	-59.5580	-10.3657	-47.6321	-6.6998	-35.6874	-9.3747	-23.7278	-12.6394	-17.7174	-13.6817	-11.6068	-13.7048	-5.7037	-12.7157	0.3635	-10.4143	-49.3247	-51.9967	-9.1599	-48.2022	-11.9797	-38.9970	-9.1599	-48.2022
it14	16/04/2018 10:49:55	1.4285	0.1204	Dico paga lentamente	a	-60.2001	-47.9301	-65.0649	-35.1669	-62.3152	-22.5458	-58.5542	-10.9086	-50.4268	-1.3345	-38.6079	1.4134	-28.4017	-3.8347	-23.1721	-7.5093	-17.7297	-10.6758	-13.2687	-14.8924	-9.5681	-20.0442	-50.2855	-51.9868	-12.8113	-49.1077	-14.8243	-39.4555	-12.8113	-49.1077
it14	16/04/2018 10:50:00	1.3420	0.1206	Dico poto lentamente	o	-60.5825	-47.7399	-67.0495	-35.5529	-66.1266	-21.6893	-59.7032	-10.9497	-47.8841	-7.2337	-35.3450	-8.8626	-23.1833	-12.1892	-17.6767	-13.3694	-11.4235	-13.9794	-5.1523	-13.5807	0.4457	-11.1157	-49.5392	-51.1959	-9.3769	-48.0991	-12.0416	-38.9485	-9.3769	-48.0991
it14	16/04/2018 10:50:04	1.1445	0.1117	Dico pada lentamente	a	-59.4871	-48.5782	-66.2629	-37.0163	-63.9935	-24.2518	-56.6284	-15.4039	-45.3898	-10.8929	-33.0949	-9.1241	-21.3315	-10.6942	-15.1146	-11.8028	-9.8112	-12.6951	-4.1620	-12.1005	1.8892	-9.6861	-49.6772	-52.7058	-10.0914	-47.9037	-12.8129	-38.9353	-10.0914	-47.9037
it14	16/04/2018 10:50:08	1.1520	0.0865	Dico putu lentamente	u	-52.9298	-45.2521	-57.1953	-32.5002	-61.0787	-19.1668	-56.5036	-8.3696	-46.5522	-0.5237	-34.5710	0.7019	-24.4012	-7.8057	-18.8394	-10.8569	-12.2720	-11.8789	-6.3704	-11.5220	0.1890	-10.4003	-46.8286	-54.3040	-9.5019	-46.1586	-12.1039	-36.3030	-9.5019	-46.1586
it14	16/04/2018 10:50:12	1.2628	0.1154	Dico pogo lentamente	O	-59.5639	-45.4838	-64.6234	-32.1290	-63.9737	-18.0190	-61.7301	-6.0438	-51.9390	1.3200	-40.4437	2.0465	-30.7537	-4.2767	-26.1664	-8.9836	-20.4541	-12.0729	-15.1587	-15.7781	-12.1421	-21.4519	-49.9014	-51.9725	-11.3645	-48.6035	-14.0486	-39.2921	-11.3645	-48.6035
it14	16/04/2018 10:50:16	1.2578	0.0692	Dico pudu lentamente	u	-52.5701	-45.4356	-59.8189	-33.5596	-62.2386	-20.5418	-57.9638	-8.4463	-47.6623	-0.4979	-34.8004	0.8025	-24.4115	-6.1967	-19.1667	-10.6017	-12.7810	-12.4637	-6.2030	-12.3385	0.1357	-11.7577	-47.4351	-55.2384	-9.2308	-45.9902	-12.0154	-35.9429	-9.2308	-45.9902
it14	16/04/2018 10:50:20	1.1509	0.0985	Dico poco lentamente	o	-59.6531	-47.9415	-66.3477	-35.3520	-66.7380	-21.6016	-63.7759	-9.5997	-54.6646	-1.7835	-42.5691	-1.1924	-32.6774	-7.4085	-27.7437	-11.6650	-21.9727	-13.4568	-15.9460	-16.6093	-12.7331	-22.3337	-50.2056	-52.7287	-11.5892	-49.6289	-14.3356	-39.7608	-11.5892	-49.6289
it14	16/04/2018 10:50:24	1.0895	0.1042	Dico paca lentamente	a	-59.2786	-47.0905	-64.8640	-34.7804	-62.8346	-21.9057	-59.0022	-10.5166	-51.3156	-1.0011	-40.3383	2.4024	-29.3615	-2.2654	-24.3145	-6.4390	-19.5926	-9.9771	-14.8423	-13.7718	-10.7025	-18.4904	-49.9842	-51.3985	-12.3970	-49.0414	-14.7845	-39.0647	-12.3970	-49.0414
it14	16/04/2018 10:50:54	1.3935	0.0798	Dico pugu lentamente	u	-55.2439	-44.9519	-60.1504	-32.9021	-64.4568	-20.5475	-62.3675	-8.2766	-54.6784	0.5522	-44.0954	3.9256	-33.0012	-0.8182	-28.4418	-6.0085	-23.2854	-9.0422	-18.1489	-13.4674	-14.9196	-19.6439	-49.9278	-54.4037	-9.2874	-48.4980	-12.1895	-39.5039	-9.2874	-48.4980
it14	16/04/2018 10:50:58	1.1144	0.1188	Dico pata lentamente	a	-61.5302	-48.9847	-67.6908	-37.1067	-65.1175	-24.6604	-57.3189	-16.1945	-45.7464	-11.4739	-33.4680	-9.7418	-22.3541	-10.8209	-16.0625	-11.3546	-10.4900	-11.8664	-4.3917	-11.4378	1.5026	-9.8503	-50.3169	-52.0087	-9.7483	-47.4893	-12.3858	-38.6925	-9.7483	-47.4893
it14	16/04/2018 10:51:02	1.1941	0.0727	Dico pucu lentamente	u	-56.0365	-44.8578	-59.6205	-31.8703	-60.6763	-19.3500	-57.5677	-7.5867	-50.2571	1.0306	-38.9131	3.1429	-29.7571	-2.2035	-25.3112	-6.4366	-19.7887	-10.5562	-15.6239	-15.4530	-12.2784	-21.0839	-49.0626	-53.7747	-9.3321	-48.1671	-12.6012	-38.7860	-9.3321	-48.1671
it14	16/04/2018 10:51:06	1.3100	0.1271	Dico podo lentamente	O	-59.3028	-46.9829	-65.6695	-34.5394	-65.3604	-21.1881	-59.1039	-10.8920	-47.9442	-6.8379	-35.5879	-8.8548	-24.0960	-12.4497	-18.2099	-13.3526	-12.0662	-13.7065	-5.8962	-13.2339	0.0653	-10.3842	-49.9086	-51.9081	-9.3769	-47.8763	-12.1469	-38.3737	-9.3769	-47.8763
it14	16/04/2018 10:51:19	1.4004	0.1142	Dico paga lentamente	a	-59.8709	-46.6147	-65.0547	-34.4113	-62.7746	-21.9259	-58.6563	-10.9898	-50.7626	-1.7283	-39.4843	1.5900	-28.3592	-2.4276	-23.4611	-6.5451	-18.2935	-9.8551	-14.1608	-14.2078	-11.0826	-20.2445	-50.7808	-51.3062	-12.8523	-48.6401	-14.8071	-38.9940	-12.8523	-48.6401
it14	16/04/2018 10:51:22	1.1666	0.1011	Dico poto lentamente	o	-61.9810	-48.5301	-67.9107	-35.8264	-66.9359	-22.2964	-60.4819	-11.8659	-48.0963	-8.1788	-36.4717	-9.2551	-24.4179	-12.3813	-18.2921	-13.4180	-11.7120	-13.6796	-5.3810	-13.0771	0.5285	-11.5823	-49.7387	-50.9842	-9.5830	-48.1433	-12.3208	-38.7294	-9.5830	-48.1433
it14	16/04/2018 10:51:26	1.1917	0.1206	Dico pada lentamente	a	-59.8160	-49.0279	-66.7926	-36.9623	-65.1939	-23.9707	-57.0462	-15.6150	-46.2992	-11.3117	-34.2126	-9.8118	-23.0326	-10.9008	-16.6892	-11.8123	-11.3476	-12.3898	-5.4119	-11.9950	0.4386	-9.4535	-49.3951	-52.0712	-11.0225	-47.6666	-13.4799	-38.6545	-11.0225	-47.6666
it14	16/04/2018 10:51:31	1.1900	0.0821	Dico putu lentamente	u	-50.6901	-46.7146	-55.4846	-34.4932	-58.9941	-22.1262	-55.7029	-9.7563	-47.5208	-1.3656	-34.8621	0.6060	-25.3765	-6.5937	-19.9514	-10.7397	-13.2491	-12.0493	-7.7363	-12.6593	-1.0618	-12.4075	-47.5250	-54.5435	-9.6699	-46.7578	-11.9908	-36.9058	-9.6699	-46.7578
it14	16/04/2018 10:51:36	1.1117	0.1011	Dico pogo lentamente	O	-59.7533	-46.8949	-64.5204	-34.1038	-63.5792	-20.4706	-61.7675	-8.1935	-52.7256	-0.3869	-41.1915	2.4784	-31.6270	-4.1920	-26.8107	-9.0267	-21.7441	-11.9590	-16.5721	-15.5692	-13.7326	-20.6589	-50.3761	-52.3335	-11.6638	-49.3037	-14.3056	-39.9956	-11.6638	-49.3037
it14	16/04/2018 10:51:40	1.2983	0.0669	Dico pudu lentamente	u	-50.9555	-46.1255	-56.1192	-34.4117	-60.2967	-21.5023	-56.7891	-9.3375	-47.6615	-0.9268	-35.5655	0.9717	-24.1810	-6.1738	-18.9313	-10.7357	-12.7407	-12.7730	-6.4855	-12.8357	0.1063	-12.9601	-47.2189	-54.6558	-10.1416	-46.0011	-12.5228	-36.3357	-10.1416	-46.0011
it14	16/04/2018 10:51:44	1.2085	0.1046	Dico poco lentamente	o	-60.5020	-46.9806	-64.9903	-33.7863	-64.2886	-20.2546	-61.8788	-8.0260	-53.3954	0.2224	-41.9359	1.8278	-32.4967	-4.2604	-27.5340	-8.5680	-22.6349	-11.7779	-17.3886	-15.5670	-13.8267	-20.2156	-50.7096	-51.8926	-12.1105	-48.9853	-14.5805	-39.5658	-12.1105	-48.9853
it14	16/04/2018 10:51:48	1.2225	0.1014	Dico paca lentamente	a	-58.3372	-46.1496	-64.2953	-34.6816	-63.2165	-21.6146	-58.7311	-11.1816	-51.0026	-2.8123	-40.0239	0.3307	-30.0241	-4.1638	-24.7643	-8.3956	-19.4039	-10.9438	-14.8527	-14.3754	-10.6896	-19.5905	-48.8528	-49.8109	-13.2674	-49.1765	-15.2585	-39.6622	-13.2674	-49.1765
it14	16/04/2018 10:51:52	1.0898	0.0745	Dico pugu lentamente	u	-54.8126	-46.7034	-59.3704	-34.0571	-61.6812	-21.5054	-59.2398	-9.5510	-52.6886	0.5240	-41.4660	3.1514	-31.4208	-2.5660	-26.8200	-7.6984	-22.9242	-11.1838	-18.6320	-15.2306	-14.6483	-21.2346	-48.4484	-56.2639	-10.1995	-47.8424	-13.1143	-38.9337	-10.1995	-47.8424
it14	16/04/2018 10:51:56	1.1749	0.1064	Dico pata lentamente	a	-60.3312	-49.3731	-67.5491	-37.7061	-65.6788	-24.8745	-57.7321	-16.0026	-46.2239	-11.1421	-35.1450	-9.0483	-23.7873	-9.9241	-17.4982	-11.3241	-11.9573	-11.9221	-6.0200	-12.1156	-0.2770	-13.3752	-49.6089	-51.9232	-12.2637	-48.3644	-15.0789	-38.8941	-12.2637	-48.3644
it14	16/04/2018 10:52:00	1.2728	0.0630	Dico pucu lentamente	u	-54.9863	-47.4032	-60.1909	-34.5125	-63.2585	-21.6097	-61.4179	-8.6540	-53.2596	0.3396	-41.8562	2.7656	-32.4950	-4.3332	-28.0139	-8.2445	-24.0736	-11.2392	-19.2956	-15.9093	-15.4134	-22.0055	-49.2958	-56.4856	-11.1173	-47.9927	-14.0243	-38.8202	-11.1173	-47.9927
it14	16/04/2018 10:52:04	1.1519	0.1025	Dico podo lentamente	O	-59.9371	-47.8219	-66.5479	-34.7408	-66.7550	-20.8771	-59.4043	-10.5207	-47.1813	-7.4497	-36.2498	-9.4987	-24.4080	-12.2578	-18.5532	-13.7574	-12.1092	-13.9245	-6.6650	-13.3006	-0.1468	-9.8070	-49.6724	-52.3099	-10.4720	-48.1844	-13.1266	-38.9279	-10.4720	-48.1844
it14	16/04/2018 10:52:53	1.4833	0.1099	Dico paga lentamente	a	-60.6392	-47.9763	-65.4932	-35.7497	-63.0445	-22.8691	-58.7510	-11.8696	-50.8580	-2.9256	-39.9982	1.1992	-28.9203	-2.9591	-23.6251	-7.0228	-18.1675	-9.4869	-13.0844	-13.3102	-8.8627	-18.2576	-51.1768	-52.5943	-13.0271	-48.6780	-15.1503	-38.8491	-13.0271	-48.6780
it14	16/04/2018 10:52:57	1.0619	0.0900	Dico poto lentamente	o	-60.2447	-47.0295	-67.2178	-35.1969	-66.5503	-21.4553	-59.3420	-11.8687	-47.5159	-8.8832	-35.1001	-10.3921	-23.1256	-13.0612	-17.2080	-13.8950	-10.6607	-14.6550	-4.7207	-13.8086	1.4866	-10.3508	-49.9965	-51.4071	-9.7173	-47.9052	-12.3747	-38.8697	-9.7173	-47.9052
it14	16/04/2018 10:53:01	1.1148	0.1200	Dico pada lentamente	a	-61.8373	-49.3470	-68.4509	-37.3937	-66.0804	-24.3154	-57.8418	-15.3966	-46.7845	-11.4512	-34.9070	-10.5180	-23.2898	-12.0698	-17.0942	-12.4210	-11.6148	-12.9367	-5.8265	-12.4162	0.4224	-10.5174	-49.9857	-51.8919	-10.1497	-47.9258	-12.8547	-38.8635	-10.1497	-47.9258
it14	16/04/2018 10:53:09	1.1206	0.1135	Dico pogo lentamente	O	-60.4498	-46.9847	-64.5195	-33.5611	-63.4406	-20.0984	-61.6886	-7.9037	-52.8680	0.5857	-41.2690	2.8278	-31.0521	-3.4932	-26.0534	-8.5445	-20.4568	-11.6504	-15.5648	-16.1660	-12.9737	-21.9759	-51.3129	-52.1234	-11.6873	-49.0843	-14.3430	-39.6046	-11.6873	-49.0843
it14	16/04/2018 10:53:13	1.1766	0.0770	Dico pudu lentamente	u	-51.7053	-47.4202	-56.3900	-34.9169	-60.4819	-21.5609	-55.6479	-8.9084	-46.2146	-1.1202	-33.9795	0.9232	-23.1867	-6.1880	-18.3089	-10.4234	-11.9597	-12.2931	-6.0381	-12.0727	0.1239	-10.2209	-47.4539	-54.7767	-9.4290	-46.2565	-11.9033	-36.5787	-9.4290	-46.2565
it14	16/04/2018 10:53:17	1.0686	0.0851	Dico poco lentamente	o	-59.8773	-46.4550	-65.3267	-34.2903	-64.8438	-20.5031	-61.9430	-8.6807	-53.3871	-0.6754	-41.2095	0.8709	-31.4000	-6.0531	-26.5802	-10.7624	-21.1530	-13.2037	-15.9180	-17.0115	-13.2804	-22.7863	-50.3751	-51.5673	-10.3449	-49.3889	-13.3039	-40.3424	-10.3449	-49.3889
it14	16/04/2018 10:53:21	1.1097	0.1100	Dico paca lentamente	a	-60.1421	-47.1957	-64.0182	-34.6697	-61.2861	-22.3227	-57.1443	-11.3219	-49.5870	-1.3248	-38.5647	2.0511	-28.4091	-3.0349	-23.2003	-6.6056	-17.8815	-9.1227	-13.1285	-13.0739	-9.7982	-18.0210	-50.4508	-51.5446	-12.5982	-48.9758	-14.5075	-39.0574	-12.5982	-48.9758
it14	16/04/2018 10:53:29	1.1448	0.1082	Dico pata lentamente	a	-61.3422	-49.5976	-67.5433	-37.2280	-65.1392	-24.2329	-56.8685	-15.4351	-46.0648	-11.2087	-33.9433	-9.2406	-22.5311	-10.3595	-15.9626	-11.1128	-10.7619	-11.6936	-5.0063	-10.8636	1.6446	-7.4235	-50.0189	-52.1702	-10.6855	-47.8782	-13.3883	-38.8165	-10.6855	-47.8782
it14	16/04/2018 10:53:33	1.1336	0.0621	Dico pucu lentamente	u	-56.4177	-47.2679	-61.3202	-34.5809	-63.3913	-22.1408	-61.3052	-9.6054	-53.8044	-0.0554	-42.6152	2.5354	-32.4223	-1.7449	-27.4632	-6.1056	-22.8907	-10.0639	-18.0370	-15.0480	-14.7762	-20.9916	-49.4496	-55.3184	-10.6799	-48.2544	-13.9464	-39.3392	-10.6799	-48.2544
it14	16/04/2018 10:53:37	1.2745	0.1157	Dico podo lentamente	O	-60.0805	-48.2534	-66.3591	-35.7876	-65.5318	-21.9319	-58.6894	-11.6379	-46.8177	-8.1385	-34.8580	-9.0732	-22.3621	-11.7589	-16.2965	-12.9478	-10.0081	-13.8498	-3.8411	-14.7790	1.7903	-14.1399	-49.7303	-52.5187	-9.0975	-48.5200	-11.5724	-39.2342	-9.0975	-48.5200
it14	16/04/2018 10:53:50	1.2933	0.1109	Dico paga lentamente	a	-60.0310	-46.3384	-64.8781	-34.2561	-63.1145	-21.6966	-58.6510	-11.0464	-50.5502	-1.8742	-39.3813	1.4352	-28.8548	-3.3335	-23.2396	-6.9977	-18.1663	-9.7305	-13.5779	-13.3876	-10.0217	-18.6653	-49.8250	-50.3527	-12.6187	-48.9781	-14.5734	-39.3545	-12.6187	-48.9781
it14	16/04/2018 10:53:54	1.4478	0.1300	Dico poto lentamente	o	-60.6287	-46.4501	-67.1258	-34.6144	-66.1832	-21.8208	-59.0602	-11.9153	-47.7557	-8.3274	-35.3964	-8.9916	-23.4825	-11.1747	-17.2020	-12.3697	-11.5359	-13.3106	-5.5136	-13.9240	0.4973	-11.8513	-49.3765	-49.0743	-9.6487	-48.0072	-12.0773	-38.5768	-9.6487	-48.0072
it14	16/04/2018 10:53:59	1.2461	0.1053	Dico pada lentamente	a	-59.7900	-48.7221	-67.1797	-37.0303	-65.6923	-24.2841	-57.7253	-15.4601	-46.7038	-11.6971	-34.2500	-10.2261	-22.7423	-11.4755	-16.0295	-12.4265	-10.8008	-13.3470	-4.9685	-13.1766	0.8321	-11.1021	-49.6383	-51.6273	-11.2703	-47.8575	-13.8210	-39.2444	-11.2703	-47.8575
it14	16/04/2018 10:54:03	1.1708	0.0703	Dico putu lentamente	u	-52.1488	-46.2832	-56.7801	-34.2895	-61.4746	-20.6556	-56.6301	-7.8699	-46.7669	-0.3388	-34.2624	-0.8297	-24.2688	-8.5414	-18.5739	-11.4018	-11.9656	-12.7454	-5.9713	-12.6336	0.6272	-11.6082	-47.9056	-53.9634	-8.9598	-46.7694	-11.3430	-37.0953	-8.9598	-46.7694
it14	16/04/2018 10:54:07	1.1299	0.1011	Dico pogo lentamente	O	-59.2837	-47.2649	-64.6610	-34.4226	-65.3408	-21.2670	-63.1050	-8.9682	-54.1046	-1.0465	-42.1811	0.5511	-32.6335	-5.4169	-27.8825	-9.8610	-22.5531	-12.3893	-16.9137	-15.4338	-13.6737	-20.6595	-50.9956	-52.9774	-11.1324	-49.1101	-14.0390	-39.9567	-11.1324	-49.1101
it14	16/04/2018 10:54:11	0.9803	0.0958	Dico pudu lentamente	u	-53.3368	-45.8144	-58.9074	-34.2136	-62.0556	-21.1537	-57.8421	-8.7574	-47.4018	-0.4822	-35.2052	-0.3464	-25.1699	-8.2829	-19.7975	-11.0416	-12.8775	-12.2527	-7.0316	-12.5697	-1.1639	-12.7594	-48.8202	-54.0332	-7.7892	-46.7294	-11.1309	-36.0770	-7.7892	-46.7294
it14	16/04/2018 10:54:16	1.1623	0.0940	Dico poco lentamente	O	-60.1973	-46.4954	-64.6678	-33.5443	-63.1709	-20.0544	-60.3855	-8.3106	-51.8406	-0.1990	-40.4390	1.7832	-31.2224	-3.7360	-26.4689	-7.7637	-21.1716	-11.1812	-16.6896	-15.7912	-13.3967	-20.6304	-50.6493	-51.3104	-10.7901	-48.8398	-13.7937	-39.5719	-10.7901	-48.8398
it14	16/04/2018 10:54:20	1.1249	0.1206	Dico paca lentamente	a	-58.6021	-46.2210	-63.3739	-34.1623	-61.8868	-20.9517	-58.2839	-9.8344	-50.4152	-0.1458	-39.3135	2.9101	-28.7461	-1.3562	-23.6925	-5.3622	-18.6021	-8.5853	-13.9342	-12.6153	-10.2677	-17.5909	-48.9331	-49.5404	-12.8153	-49.2663	-14.8539	-39.2606	-12.8153	-49.2663
it14	16/04/2018 10:54:24	1.2752	0.0585	Dico pugu lentamente	u	-53.3399	-45.3472	-61.4468	-34.1930	-66.4170	-21.6807	-61.8244	-9.2944	-53.4958	-0.1194	-41.6963	3.2735	-32.1736	-3.1377	-27.1139	-8.0714	-21.5848	-10.5339	-15.6607	-14.4100	-12.1016	-20.0848	-49.6965	-55.0894	-10.7966	-48.9086	-13.8204	-38.9954	-10.7966	-48.9086
it14	16/04/2018 10:54:28	1.1039	0.0851	Dico pata lentamente	a	-60.8169	-48.7514	-67.8579	-36.9344	-66.0778	-23.6377	-58.5955	-14.1758	-46.8661	-10.5643	-35.6506	-9.9177	-23.7235	-11.9285	-17.6231	-12.5900	-11.7514	-13.0050	-6.4042	-12.8713	-0.2657	-11.4006	-49.6704	-52.6805	-11.0061	-48.0451	-13.6550	-38.9402	-11.0061	-48.0451
it14	16/04/2018 10:54:33	1.1651	0.0687	Dico pucu lentamente	u	-55.6427	-46.9437	-60.7486	-34.4635	-62.5325	-22.2483	-59.8923	-9.9448	-52.6620	-0.2709	-41.5944	2.6570	-32.1987	-3.1468	-27.2481	-7.9141	-22.8736	-10.8394	-18.2759	-14.7074	-15.2713	-20.9161	-49.2692	-56.5521	-10.2161	-48.3433	-13.3658	-39.0363	-10.2161	-48.3433
it14	16/04/2018 10:54:37	1.2101	0.0989	Dico podo lentamente	O	-60.2866	-47.9696	-67.0622	-35.6919	-66.1769	-21.5749	-59.1178	-11.6669	-47.7557	-8.5298	-35.8654	-9.6232	-23.8392	-11.9386	-17.8919	-12.9455	-11.9219	-13.5476	-5.7882	-13.8676	-0.4499	-12.9685	-50.1644	-52.7903	-10.2707	-47.5997	-13.0195	-38.2309	-10.2707	-47.5997
